iOS simulator compile	Set up job	﻿2026-09-05T16:33:03.1010420Z Current runner version: '2.337.0'
iOS simulator compile	Set up job	2026-09-05T16:33:03.1038290Z ##[group]Runner Image Provisioner
iOS simulator compile	Set up job	2026-09-05T16:33:03.1040090Z Hosted Compute Agent
iOS simulator compile	Set up job	2026-09-05T16:33:03.1041130Z Version: 20260828.587
iOS simulator compile	Set up job	2026-09-05T16:33:03.1042250Z Commit: abac92662cab4cc7352de4f9f9d2e2419aad9c29
iOS simulator compile	Set up job	2026-09-05T16:33:03.1043600Z Build Date: 2026-08-28T16:44:25Z
iOS simulator compile	Set up job	2026-09-05T16:33:03.1044810Z Worker ID: {fc3889c9-8332-499d-9eaf-7c29a5c4f039}
iOS simulator compile	Set up job	2026-09-05T16:33:03.1046140Z Azure Region: westus
iOS simulator compile	Set up job	2026-09-05T16:33:03.1047150Z ##[endgroup]
iOS simulator compile	Set up job	2026-09-05T16:33:03.1051200Z ##[group]Operating System
iOS simulator compile	Set up job	2026-09-05T16:33:03.1052380Z macOS
iOS simulator compile	Set up job	2026-09-05T16:33:03.1053240Z 26.6.2
iOS simulator compile	Set up job	2026-09-05T16:33:03.1054260Z 25G83
iOS simulator compile	Set up job	2026-09-05T16:33:03.1055260Z ##[endgroup]
iOS simulator compile	Set up job	2026-09-05T16:33:03.1056190Z ##[group]Runner Image
iOS simulator compile	Set up job	2026-09-05T16:33:03.1057220Z Image: macos-26-arm64
iOS simulator compile	Set up job	2026-09-05T16:33:03.1058210Z Version: 20260831.0337.3
iOS simulator compile	Set up job	2026-09-05T16:33:03.1060310Z Included Software: https://github.com/actions/runner-images/blob/macos-26-arm64/20260831.0337/images/macos/macos-26-arm64-Readme.md
iOS simulator compile	Set up job	2026-09-05T16:33:03.1063810Z Image Release: https://github.com/actions/runner-images/releases/tag/macos-26-arm64%2F20260831.0337
iOS simulator compile	Set up job	2026-09-05T16:33:03.1065850Z ##[endgroup]
iOS simulator compile	Set up job	2026-09-05T16:33:03.1069520Z ##[group]GITHUB_TOKEN Permissions
iOS simulator compile	Set up job	2026-09-05T16:33:03.1079540Z Contents: read
iOS simulator compile	Set up job	2026-09-05T16:33:03.1080160Z Metadata: read
iOS simulator compile	Set up job	2026-09-05T16:33:03.1081600Z Packages: read
iOS simulator compile	Set up job	2026-09-05T16:33:03.1083400Z ##[endgroup]
iOS simulator compile	Set up job	2026-09-05T16:33:03.1086550Z Secret source: Actions
iOS simulator compile	Set up job	2026-09-05T16:33:03.1087420Z Prepare workflow directory
iOS simulator compile	Set up job	2026-09-05T16:33:03.1519230Z Prepare all required actions
iOS simulator compile	Set up job	2026-09-05T16:33:03.1562040Z Getting action download info
iOS simulator compile	Set up job	2026-09-05T16:33:03.4553910Z Download action repository 'actions/checkout@v4' (SHA:11d5960a326750d5838078e36cf38b85af677262)
iOS simulator compile	Set up job	2026-09-05T16:33:03.9885830Z Download action repository 'actions/setup-node@v4' (SHA:49933ea5288caeca8642d1e84afbd3f7d6820020)
iOS simulator compile	Set up job	2026-09-05T16:33:04.2597080Z Complete job name: iOS simulator compile
iOS simulator compile	Run actions/checkout@v4	﻿2026-09-05T16:33:04.3200720Z Node 20 is being deprecated. This workflow is running with Node 24 by default. If you need to temporarily use Node 20, you can set the ACTIONS_ALLOW_USE_UNSECURE_NODE_VERSION=true environment variable. For more information see: https://github.blog/changelog/2025-09-19-deprecation-of-node-20-on-github-actions-runners/
iOS simulator compile	Run actions/checkout@v4	2026-09-05T16:33:04.3208380Z ##[group]Run actions/checkout@v4
iOS simulator compile	Run actions/checkout@v4	2026-09-05T16:33:04.3208890Z with:
iOS simulator compile	Run actions/checkout@v4	2026-09-05T16:33:04.3210650Z   repository: prateekranka/pastel-rts
iOS simulator compile	Run actions/checkout@v4	2026-09-05T16:33:04.3218690Z   token: ***
iOS simulator compile	Run actions/checkout@v4	2026-09-05T16:33:04.3219690Z   ssh-strict: true
iOS simulator compile	Run actions/checkout@v4	2026-09-05T16:33:04.3220650Z   ssh-user: git
iOS simulator compile	Run actions/checkout@v4	2026-09-05T16:33:04.3221610Z   persist-credentials: true
iOS simulator compile	Run actions/checkout@v4	2026-09-05T16:33:04.3223010Z   clean: true
iOS simulator compile	Run actions/checkout@v4	2026-09-05T16:33:04.3224250Z   sparse-checkout-cone-mode: true
iOS simulator compile	Run actions/checkout@v4	2026-09-05T16:33:04.3225420Z   fetch-depth: 1
iOS simulator compile	Run actions/checkout@v4	2026-09-05T16:33:04.3226480Z   fetch-tags: false
iOS simulator compile	Run actions/checkout@v4	2026-09-05T16:33:04.3245100Z   show-progress: true
iOS simulator compile	Run actions/checkout@v4	2026-09-05T16:33:04.3245580Z   lfs: false
iOS simulator compile	Run actions/checkout@v4	2026-09-05T16:33:04.3245900Z   submodules: false
iOS simulator compile	Run actions/checkout@v4	2026-09-05T16:33:04.3246300Z   set-safe-directory: true
iOS simulator compile	Run actions/checkout@v4	2026-09-05T16:33:04.3246690Z   allow-unsafe-pr-checkout: false
iOS simulator compile	Run actions/checkout@v4	2026-09-05T16:33:04.3248080Z ##[endgroup]
iOS simulator compile	Run actions/checkout@v4	2026-09-05T16:33:04.9485080Z Syncing repository: prateekranka/pastel-rts
iOS simulator compile	Run actions/checkout@v4	2026-09-05T16:33:04.9491370Z ##[group]Getting Git version info
iOS simulator compile	Run actions/checkout@v4	2026-09-05T16:33:04.9494450Z Working directory is '/Users/runner/work/pastel-rts/pastel-rts'
iOS simulator compile	Run actions/checkout@v4	2026-09-05T16:33:04.9497270Z [command]/opt/homebrew/bin/git version
iOS simulator compile	Run actions/checkout@v4	2026-09-05T16:33:04.9997630Z git version 2.55.0
iOS simulator compile	Run actions/checkout@v4	2026-09-05T16:33:05.0043530Z ##[endgroup]
iOS simulator compile	Run actions/checkout@v4	2026-09-05T16:33:05.0060040Z Copying '/Users/runner/.gitconfig' to '/Users/runner/work/_temp/9d5e9f24-1a56-427e-931b-e7b7d4176777/.gitconfig'
iOS simulator compile	Run actions/checkout@v4	2026-09-05T16:33:05.0066290Z Temporarily overriding HOME='/Users/runner/work/_temp/9d5e9f24-1a56-427e-931b-e7b7d4176777' before making global git config changes
iOS simulator compile	Run actions/checkout@v4	2026-09-05T16:33:05.0067980Z Adding repository directory to the temporary git global config as a safe directory
iOS simulator compile	Run actions/checkout@v4	2026-09-05T16:33:05.0076900Z [command]/opt/homebrew/bin/git config --global --add safe.directory /Users/runner/work/pastel-rts/pastel-rts
iOS simulator compile	Run actions/checkout@v4	2026-09-05T16:33:05.0263590Z Deleting the contents of '/Users/runner/work/pastel-rts/pastel-rts'
iOS simulator compile	Run actions/checkout@v4	2026-09-05T16:33:05.0268350Z ##[group]Initializing the repository
iOS simulator compile	Run actions/checkout@v4	2026-09-05T16:33:05.0272150Z [command]/opt/homebrew/bin/git init /Users/runner/work/pastel-rts/pastel-rts
iOS simulator compile	Run actions/checkout@v4	2026-09-05T16:33:05.0675910Z hint: Using 'master' as the name for the initial branch. This default branch name
iOS simulator compile	Run actions/checkout@v4	2026-09-05T16:33:05.0677130Z hint: will change to "main" in Git 3.0. To configure the initial branch name
iOS simulator compile	Run actions/checkout@v4	2026-09-05T16:33:05.0678040Z hint: to use in all of your new repositories, which will suppress this warning,
iOS simulator compile	Run actions/checkout@v4	2026-09-05T16:33:05.0678790Z hint: call:
iOS simulator compile	Run actions/checkout@v4	2026-09-05T16:33:05.0679250Z hint:
iOS simulator compile	Run actions/checkout@v4	2026-09-05T16:33:05.0679800Z hint: 	git config --global init.defaultBranch <name>
iOS simulator compile	Run actions/checkout@v4	2026-09-05T16:33:05.0680310Z hint:
iOS simulator compile	Run actions/checkout@v4	2026-09-05T16:33:05.0681090Z hint: Names commonly chosen instead of 'master' are 'main', 'trunk' and
iOS simulator compile	Run actions/checkout@v4	2026-09-05T16:33:05.0682040Z hint: 'development'. The just-created branch can be renamed via this command:
iOS simulator compile	Run actions/checkout@v4	2026-09-05T16:33:05.0682790Z hint:
iOS simulator compile	Run actions/checkout@v4	2026-09-05T16:33:05.0683160Z hint: 	git branch -m <name>
iOS simulator compile	Run actions/checkout@v4	2026-09-05T16:33:05.0683650Z hint:
iOS simulator compile	Run actions/checkout@v4	2026-09-05T16:33:05.0684260Z hint: Disable this message with "git config set advice.defaultBranchName false"
iOS simulator compile	Run actions/checkout@v4	2026-09-05T16:33:05.0685110Z Initialized empty Git repository in /Users/runner/work/pastel-rts/pastel-rts/.git/
iOS simulator compile	Run actions/checkout@v4	2026-09-05T16:33:05.0688140Z [command]/opt/homebrew/bin/git remote add origin https://github.com/prateekranka/pastel-rts
iOS simulator compile	Run actions/checkout@v4	2026-09-05T16:33:05.0815400Z ##[endgroup]
iOS simulator compile	Run actions/checkout@v4	2026-09-05T16:33:05.0817540Z ##[group]Disabling automatic garbage collection
iOS simulator compile	Run actions/checkout@v4	2026-09-05T16:33:05.0819430Z [command]/opt/homebrew/bin/git config --local gc.auto 0
iOS simulator compile	Run actions/checkout@v4	2026-09-05T16:33:05.0957470Z ##[endgroup]
iOS simulator compile	Run actions/checkout@v4	2026-09-05T16:33:05.0960090Z ##[group]Setting up auth
iOS simulator compile	Run actions/checkout@v4	2026-09-05T16:33:05.0961650Z [command]/opt/homebrew/bin/git config --local --name-only --get-regexp core\.sshCommand
iOS simulator compile	Run actions/checkout@v4	2026-09-05T16:33:05.1072020Z [command]/opt/homebrew/bin/git submodule foreach --recursive sh -c "git config --local --name-only --get-regexp 'core\.sshCommand' && git config --local --unset-all 'core.sshCommand' || :"
iOS simulator compile	Run actions/checkout@v4	2026-09-05T16:33:05.2672610Z [command]/opt/homebrew/bin/git config --local --name-only --get-regexp http\.https\:\/\/github\.com\/\.extraheader
iOS simulator compile	Run actions/checkout@v4	2026-09-05T16:33:05.2753350Z [command]/opt/homebrew/bin/git submodule foreach --recursive sh -c "git config --local --name-only --get-regexp 'http\.https\:\/\/github\.com\/\.extraheader' && git config --local --unset-all 'http.https://github.com/.extraheader' || :"
iOS simulator compile	Run actions/checkout@v4	2026-09-05T16:33:05.4423720Z [command]/opt/homebrew/bin/git config --local --name-only --get-regexp ^includeIf\.gitdir:
iOS simulator compile	Run actions/checkout@v4	2026-09-05T16:33:05.5745360Z [command]/opt/homebrew/bin/git submodule foreach --recursive git config --local --show-origin --name-only --get-regexp remote.origin.url
iOS simulator compile	Run actions/checkout@v4	2026-09-05T16:33:05.5751390Z [command]/opt/homebrew/bin/git config --local http.https://github.com/.extraheader AUTHORIZATION: basic ***
iOS simulator compile	Run actions/checkout@v4	2026-09-05T16:33:05.5852800Z ##[endgroup]
iOS simulator compile	Run actions/checkout@v4	2026-09-05T16:33:05.5855330Z ##[group]Fetching the repository
iOS simulator compile	Run actions/checkout@v4	2026-09-05T16:33:05.5859260Z [command]/opt/homebrew/bin/git -c protocol.version=2 fetch --no-tags --prune --no-recurse-submodules --depth=1 origin +5823f922ef313daf3f8bd4d874d2dcb6eab50c94:refs/remotes/pull/4/merge
iOS simulator compile	Run actions/checkout@v4	2026-09-05T16:33:08.1849640Z From https://github.com/prateekranka/pastel-rts
iOS simulator compile	Run actions/checkout@v4	2026-09-05T16:33:08.1859660Z  * [new ref]         5823f922ef313daf3f8bd4d874d2dcb6eab50c94 -> pull/4/merge
iOS simulator compile	Run actions/checkout@v4	2026-09-05T16:33:08.1868140Z ##[endgroup]
iOS simulator compile	Run actions/checkout@v4	2026-09-05T16:33:08.1869710Z ##[group]Determining the checkout info
iOS simulator compile	Run actions/checkout@v4	2026-09-05T16:33:08.1870830Z ##[endgroup]
iOS simulator compile	Run actions/checkout@v4	2026-09-05T16:33:08.1871720Z [command]/opt/homebrew/bin/git sparse-checkout disable
iOS simulator compile	Run actions/checkout@v4	2026-09-05T16:33:08.2017760Z [command]/opt/homebrew/bin/git config --local --unset-all extensions.worktreeConfig
iOS simulator compile	Run actions/checkout@v4	2026-09-05T16:33:08.2113210Z ##[group]Checking out the ref
iOS simulator compile	Run actions/checkout@v4	2026-09-05T16:33:08.2116670Z [command]/opt/homebrew/bin/git checkout --progress --force refs/remotes/pull/4/merge
iOS simulator compile	Run actions/checkout@v4	2026-09-05T16:33:08.5820190Z HEAD is now at 5823f92 Merge 8a84af033d85c3e72bdd2a2d54b46c98980d4d4f into 6be785fe33429cae42f6d4dabd15660a91309827
iOS simulator compile	Run actions/checkout@v4	2026-09-05T16:33:08.5846990Z ##[endgroup]
iOS simulator compile	Run actions/checkout@v4	2026-09-05T16:33:08.6112640Z [command]/opt/homebrew/bin/git log -1 --format=%H
iOS simulator compile	Run actions/checkout@v4	2026-09-05T16:33:08.6243450Z 5823f922ef313daf3f8bd4d874d2dcb6eab50c94
iOS simulator compile	Run actions/setup-node@v4	﻿2026-09-05T16:33:08.6776780Z Node 20 is being deprecated. This workflow is running with Node 24 by default. If you need to temporarily use Node 20, you can set the ACTIONS_ALLOW_USE_UNSECURE_NODE_VERSION=true environment variable. For more information see: https://github.blog/changelog/2025-09-19-deprecation-of-node-20-on-github-actions-runners/
iOS simulator compile	Run actions/setup-node@v4	2026-09-05T16:33:08.6782690Z ##[group]Run actions/setup-node@v4
iOS simulator compile	Run actions/setup-node@v4	2026-09-05T16:33:08.6783170Z with:
iOS simulator compile	Run actions/setup-node@v4	2026-09-05T16:33:08.6783400Z   node-version-file: .nvmrc
iOS simulator compile	Run actions/setup-node@v4	2026-09-05T16:33:08.6783720Z   cache: npm
iOS simulator compile	Run actions/setup-node@v4	2026-09-05T16:33:08.6784050Z   always-auth: false
iOS simulator compile	Run actions/setup-node@v4	2026-09-05T16:33:08.6784290Z   check-latest: false
iOS simulator compile	Run actions/setup-node@v4	2026-09-05T16:33:08.6786620Z   token: ***
iOS simulator compile	Run actions/setup-node@v4	2026-09-05T16:33:08.6786810Z ##[endgroup]
iOS simulator compile	Run actions/setup-node@v4	2026-09-05T16:33:09.1805140Z Resolved .nvmrc as 22
iOS simulator compile	Run actions/setup-node@v4	2026-09-05T16:33:09.2019260Z (node:4539) [DEP0040] DeprecationWarning: The `punycode` module is deprecated. Please use a userland alternative instead.
iOS simulator compile	Run actions/setup-node@v4	2026-09-05T16:33:09.2122400Z (Use `node --trace-deprecation ...` to show where the warning was created)
iOS simulator compile	Run actions/setup-node@v4	2026-09-05T16:33:09.2959000Z Found in cache @ /Users/runner/hostedtoolcache/node/22.23.2/arm64
iOS simulator compile	Run actions/setup-node@v4	2026-09-05T16:33:09.3061600Z ##[group]Environment details
iOS simulator compile	Run actions/setup-node@v4	2026-09-05T16:33:10.3403810Z node: v22.23.2
iOS simulator compile	Run actions/setup-node@v4	2026-09-05T16:33:10.3505940Z npm: 10.9.8
iOS simulator compile	Run actions/setup-node@v4	2026-09-05T16:33:10.3608870Z yarn: 1.22.22
iOS simulator compile	Run actions/setup-node@v4	2026-09-05T16:33:10.3709510Z ##[endgroup]
iOS simulator compile	Run actions/setup-node@v4	2026-09-05T16:33:10.3744840Z [command]/Users/runner/hostedtoolcache/node/22.23.2/arm64/bin/npm config get cache
iOS simulator compile	Run actions/setup-node@v4	2026-09-05T16:33:10.6656270Z /Users/runner/.npm
iOS simulator compile	Run actions/setup-node@v4	2026-09-05T16:33:10.9369920Z Cache hit for: node-cache-macOS-arm64-npm-201a7f779f6b2a1f19c1624cd1146fec8c729e3f162f398545aba35a0da58946
iOS simulator compile	Run actions/setup-node@v4	2026-09-05T16:33:10.9586640Z (node:4539) [DEP0169] DeprecationWarning: `url.parse()` behavior is not standardized and prone to errors that have security implications. Use the WHATWG URL API instead. CVEs are not issued for `url.parse()` vulnerabilities.
iOS simulator compile	Run actions/setup-node@v4	2026-09-05T16:33:12.2182750Z Received 8388608 of 35289833 (23.8%), 7.5 MBs/sec
iOS simulator compile	Run actions/setup-node@v4	2026-09-05T16:33:12.4114360Z Received 35289833 of 35289833 (100.0%), 26.7 MBs/sec
iOS simulator compile	Run actions/setup-node@v4	2026-09-05T16:33:12.4175340Z Cache Size: ~34 MB (35289833 B)
iOS simulator compile	Run actions/setup-node@v4	2026-09-05T16:33:12.4272530Z [command]/opt/homebrew/bin/gtar -xf /Users/runner/work/_temp/5911e11f-d233-426e-9b0f-697c52a0e5b6/cache.tzst -P -C /Users/runner/work/pastel-rts/pastel-rts --delay-directory-restore --use-compress-program unzstd
iOS simulator compile	Run actions/setup-node@v4	2026-09-05T16:33:12.8815990Z Cache restored successfully
iOS simulator compile	Run actions/setup-node@v4	2026-09-05T16:33:12.9350760Z Cache restored from key: node-cache-macOS-arm64-npm-201a7f779f6b2a1f19c1624cd1146fec8c729e3f162f398545aba35a0da58946
iOS simulator compile	Install JS workspaces	﻿2026-09-05T16:33:13.0323340Z ##[group]Run npm ci
iOS simulator compile	Install JS workspaces	2026-09-05T16:33:13.0323860Z ^[[36;1mnpm ci^[[0m
iOS simulator compile	Install JS workspaces	2026-09-05T16:33:13.0454470Z shell: /bin/bash -e {0}
iOS simulator compile	Install JS workspaces	2026-09-05T16:33:13.0454810Z ##[endgroup]
iOS simulator compile	Install JS workspaces	2026-09-05T16:33:15.4666880Z npm warn deprecated whatwg-encoding@3.1.1: Use @exodus/bytes instead for a more spec-conformant and faster implementation
iOS simulator compile	Install JS workspaces	2026-09-05T16:33:16.9938410Z npm warn deprecated eslint@9.39.5: This version is no longer supported. Please see https://eslint.org/version-support for other options.
iOS simulator compile	Install JS workspaces	2026-09-05T16:33:17.9429950Z 
iOS simulator compile	Install JS workspaces	2026-09-05T16:33:17.9431890Z added 212 packages, and audited 219 packages in 5s
iOS simulator compile	Install JS workspaces	2026-09-05T16:33:17.9434760Z 
iOS simulator compile	Install JS workspaces	2026-09-05T16:33:17.9437020Z 58 packages are looking for funding
iOS simulator compile	Install JS workspaces	2026-09-05T16:33:17.9438530Z   run `npm fund` for details
iOS simulator compile	Install JS workspaces	2026-09-05T16:33:17.9472930Z 
iOS simulator compile	Install JS workspaces	2026-09-05T16:33:17.9475270Z found 0 vulnerabilities
iOS simulator compile	Production web build for bundle	﻿2026-09-05T16:33:18.1641520Z ##[group]Run npm run build --workspace @pastel-rts/game-web
iOS simulator compile	Production web build for bundle	2026-09-05T16:33:18.1642000Z ^[[36;1mnpm run build --workspace @pastel-rts/game-web^[[0m
iOS simulator compile	Production web build for bundle	2026-09-05T16:33:18.1722480Z shell: /bin/bash -e {0}
iOS simulator compile	Production web build for bundle	2026-09-05T16:33:18.1722970Z ##[endgroup]
iOS simulator compile	Production web build for bundle	2026-09-05T16:33:18.6106210Z 
iOS simulator compile	Production web build for bundle	2026-09-05T16:33:18.6107250Z > @pastel-rts/game-web@0.0.0 build
iOS simulator compile	Production web build for bundle	2026-09-05T16:33:18.6107890Z > tsc -p tsconfig.json --noEmit && vite build
iOS simulator compile	Production web build for bundle	2026-09-05T16:33:18.6115960Z 
iOS simulator compile	Production web build for bundle	2026-09-05T16:33:24.4753670Z ^[[36mvite v6.4.3 ^[[32mbuilding for production...^[[36m^[[39m
iOS simulator compile	Production web build for bundle	2026-09-05T16:33:24.5777980Z transforming...
iOS simulator compile	Production web build for bundle	2026-09-05T16:33:28.4419220Z ^[[32m✓^[[39m 94 modules transformed.
iOS simulator compile	Production web build for bundle	2026-09-05T16:33:29.5967390Z rendering chunks...
iOS simulator compile	Production web build for bundle	2026-09-05T16:33:31.1870760Z computing gzip size...
iOS simulator compile	Production web build for bundle	2026-09-05T16:33:31.2899700Z ^[[2mdist/^[[22m^[[32mindex.html                       ^[[39m^[[1m^[[2m  0.65 kB^[[22m^[[1m^[[22m^[[2m │ gzip:   0.37 kB^[[22m
iOS simulator compile	Production web build for bundle	2026-09-05T16:33:31.3003790Z ^[[2mdist/^[[22m^[[2massets/^[[22m^[[32msimWorker-CXkMjMPG.js     ^[[39m^[[1m^[[2m  3.33 kB^[[22m^[[1m^[[22m
iOS simulator compile	Production web build for bundle	2026-09-05T16:33:31.3112060Z ^[[2mdist/^[[22m^[[2massets/^[[22m^[[32mmatchWorker-BYXzMXIP.js   ^[[39m^[[1m^[[2m 24.48 kB^[[22m^[[1m^[[22m
iOS simulator compile	Production web build for bundle	2026-09-05T16:33:31.3224390Z ^[[2mdist/^[[22m^[[2massets/^[[22m^[[35mindex-VnpXLJE0.css        ^[[39m^[[1m^[[2m  0.59 kB^[[22m^[[1m^[[22m^[[2m │ gzip:   0.34 kB^[[22m
iOS simulator compile	Production web build for bundle	2026-09-05T16:33:31.3326960Z ^[[2mdist/^[[22m^[[2massets/^[[22m^[[36mthree.webgpu-3aXic6Ss.js  ^[[39m^[[1m^[[2m673.73 kB^[[22m^[[1m^[[22m^[[2m │ gzip: 190.22 kB^[[22m^[[2m │ map: 3,245.64 kB^[[22m
iOS simulator compile	Production web build for bundle	2026-09-05T16:33:31.3429900Z ^[[2mdist/^[[22m^[[2massets/^[[22m^[[36mindex-DA7BF54j.js         ^[[39m^[[1m^[[2m938.70 kB^[[22m^[[1m^[[22m^[[2m │ gzip: 250.21 kB^[[22m^[[2m │ map: 3,877.33 kB^[[22m
iOS simulator compile	Production web build for bundle	2026-09-05T16:33:31.3532330Z ^[[32m✓ built in 6.78s^[[39m
iOS simulator compile	Sync web build into iOS resources	﻿2026-09-05T16:33:31.4372260Z ##[group]Run npm run ios:sync-web
iOS simulator compile	Sync web build into iOS resources	2026-09-05T16:33:31.4372950Z ^[[36;1mnpm run ios:sync-web^[[0m
iOS simulator compile	Sync web build into iOS resources	2026-09-05T16:33:31.4466300Z shell: /bin/bash -e {0}
iOS simulator compile	Sync web build into iOS resources	2026-09-05T16:33:31.4466670Z ##[endgroup]
iOS simulator compile	Sync web build into iOS resources	2026-09-05T16:33:31.9345220Z 
iOS simulator compile	Sync web build into iOS resources	2026-09-05T16:33:31.9356420Z > pastel-rts@0.0.0 ios:sync-web
iOS simulator compile	Sync web build into iOS resources	2026-09-05T16:33:31.9369630Z > node scripts/sync-web-build.mjs
iOS simulator compile	Sync web build into iOS resources	2026-09-05T16:33:31.9370470Z 
iOS simulator compile	Sync web build into iOS resources	2026-09-05T16:33:32.0453850Z Synced production web build to /Users/runner/work/pastel-rts/pastel-rts/apps/ios-shell/PastelRTS/WebGame
iOS simulator compile	Install XcodeGen	﻿2026-09-05T16:33:32.0599140Z ##[group]Run brew install xcodegen
iOS simulator compile	Install XcodeGen	2026-09-05T16:33:32.0600290Z ^[[36;1mbrew install xcodegen^[[0m
iOS simulator compile	Install XcodeGen	2026-09-05T16:33:32.0692320Z shell: /bin/bash -e {0}
iOS simulator compile	Install XcodeGen	2026-09-05T16:33:32.0692790Z ##[endgroup]
iOS simulator compile	Install XcodeGen	2026-09-05T16:33:37.3220360Z ^[[32m==>^[[0m ^[[1mDownloading bottle manifests^[[0m
iOS simulator compile	Install XcodeGen	2026-09-05T16:33:37.3640530Z ✔︎ Bottle Manifest xcodegen (2.46.0)
iOS simulator compile	Install XcodeGen	2026-09-05T16:33:37.3643320Z ^[[34m==>^[[0m ^[[1mWould install 1 formula:^[[0m
iOS simulator compile	Install XcodeGen	2026-09-05T16:33:37.3747230Z ^[[32m==>^[[0m ^[[1mFetching downloads for: ^[[32mxcodegen^[[39m^[[0m
iOS simulator compile	Install XcodeGen	2026-09-05T16:33:37.3747940Z xcodegen
iOS simulator compile	Install XcodeGen	2026-09-05T16:33:37.7606140Z ✔︎ Bottle xcodegen (2.46.0)
iOS simulator compile	Install XcodeGen	2026-09-05T16:33:37.9404560Z ^[[34m==>^[[0m ^[[1mPouring xcodegen--2.46.0.arm64_tahoe.bottle.1.tar.gz^[[0m
iOS simulator compile	Install XcodeGen	2026-09-05T16:33:38.2326450Z 🍺  /opt/homebrew/Cellar/xcodegen/2.46.0: 38 files, 7.4MB
iOS simulator compile	Generate Xcode project	﻿2026-09-05T16:33:38.2481570Z ##[group]Run (cd apps/ios-shell && xcodegen generate)
iOS simulator compile	Generate Xcode project	2026-09-05T16:33:38.2482060Z ^[[36;1m(cd apps/ios-shell && xcodegen generate)^[[0m
iOS simulator compile	Generate Xcode project	2026-09-05T16:33:38.2534720Z shell: /bin/bash -e {0}
iOS simulator compile	Generate Xcode project	2026-09-05T16:33:38.2535660Z ##[endgroup]
iOS simulator compile	Generate Xcode project	2026-09-05T16:33:38.4532090Z ⚙️  Generating plists...
iOS simulator compile	Generate Xcode project	2026-09-05T16:33:38.4634080Z ⚙️  Generating project...
iOS simulator compile	Generate Xcode project	2026-09-05T16:33:38.4853390Z ⚙️  Writing project...
iOS simulator compile	Generate Xcode project	2026-09-05T16:33:38.5241020Z Created project at /Users/runner/work/pastel-rts/pastel-rts/apps/ios-shell/PastelRTS.xcodeproj
iOS simulator compile	Compile for iOS Simulator	﻿2026-09-05T16:33:38.5294670Z ##[group]Run xcodebuild \
iOS simulator compile	Compile for iOS Simulator	2026-09-05T16:33:38.5295110Z ^[[36;1mxcodebuild \^[[0m
iOS simulator compile	Compile for iOS Simulator	2026-09-05T16:33:38.5295490Z ^[[36;1m  -project apps/ios-shell/PastelRTS.xcodeproj \^[[0m
iOS simulator compile	Compile for iOS Simulator	2026-09-05T16:33:38.5295820Z ^[[36;1m  -scheme PastelRTS \^[[0m
iOS simulator compile	Compile for iOS Simulator	2026-09-05T16:33:38.5296200Z ^[[36;1m  -destination 'generic/platform=iOS Simulator' \^[[0m
iOS simulator compile	Compile for iOS Simulator	2026-09-05T16:33:38.5296610Z ^[[36;1m  -configuration Debug \^[[0m
iOS simulator compile	Compile for iOS Simulator	2026-09-05T16:33:38.5296890Z ^[[36;1m  CODE_SIGNING_ALLOWED=NO \^[[0m
iOS simulator compile	Compile for iOS Simulator	2026-09-05T16:33:38.5297280Z ^[[36;1m  build^[[0m
iOS simulator compile	Compile for iOS Simulator	2026-09-05T16:33:38.5351040Z shell: /bin/bash -e {0}
iOS simulator compile	Compile for iOS Simulator	2026-09-05T16:33:38.5351320Z ##[endgroup]
iOS simulator compile	Compile for iOS Simulator	2026-09-05T16:33:41.1080150Z Command line invocation:
iOS simulator compile	Compile for iOS Simulator	2026-09-05T16:33:41.1539040Z     /Applications/Xcode_26.6.app/Contents/Developer/usr/bin/xcodebuild -project apps/ios-shell/PastelRTS.xcodeproj -scheme PastelRTS -destination "generic/platform=iOS Simulator" -configuration Debug CODE_SIGNING_ALLOWED=NO build
iOS simulator compile	Compile for iOS Simulator	2026-09-05T16:33:41.1616820Z 
iOS simulator compile	Compile for iOS Simulator	2026-09-05T16:33:41.1860730Z Build settings from command line:
iOS simulator compile	Compile for iOS Simulator	2026-09-05T16:33:41.1967970Z     CODE_SIGNING_ALLOWED = NO
iOS simulator compile	Compile for iOS Simulator	2026-09-05T16:33:41.2069350Z 
iOS simulator compile	Compile for iOS Simulator	2026-09-05T16:33:46.4485070Z 2026-09-05 16:33:46.447 xcodebuild[5524:19396] [MT] IDERunDestination: Supported platforms for the buildables in the current scheme is empty.
iOS simulator compile	Compile for iOS Simulator	2026-09-05T16:33:47.6811880Z ComputePackagePrebuildTargetDependencyGraph
iOS simulator compile	Compile for iOS Simulator	2026-09-05T16:33:47.7787540Z 
iOS simulator compile	Compile for iOS Simulator	2026-09-05T16:33:47.7806290Z Prepare packages
iOS simulator compile	Compile for iOS Simulator	2026-09-05T16:33:47.7807150Z 
iOS simulator compile	Compile for iOS Simulator	2026-09-05T16:33:47.7851950Z CreateBuildRequest
iOS simulator compile	Compile for iOS Simulator	2026-09-05T16:33:47.7852360Z 
iOS simulator compile	Compile for iOS Simulator	2026-09-05T16:33:47.7852490Z SendProjectDescription
iOS simulator compile	Compile for iOS Simulator	2026-09-05T16:33:47.7988100Z 
iOS simulator compile	Compile for iOS Simulator	2026-09-05T16:33:47.8060330Z CreateBuildOperation
iOS simulator compile	Compile for iOS Simulator	2026-09-05T16:33:47.8170180Z 
iOS simulator compile	Compile for iOS Simulator	2026-09-05T16:33:47.8175790Z ComputeTargetDependencyGraph
iOS simulator compile	Compile for iOS Simulator	2026-09-05T16:33:47.8476960Z note: Building targets in dependency order
iOS simulator compile	Compile for iOS Simulator	2026-09-05T16:33:47.8482230Z note: Target dependency graph (1 target)
iOS simulator compile	Compile for iOS Simulator	2026-09-05T16:33:47.8483310Z     Target 'PastelRTS' in project 'PastelRTS' (no dependencies)
iOS simulator compile	Compile for iOS Simulator	2026-09-05T16:33:47.8483730Z 
iOS simulator compile	Compile for iOS Simulator	2026-09-05T16:33:47.8484010Z GatherProvisioningInputs
iOS simulator compile	Compile for iOS Simulator	2026-09-05T16:33:47.8484400Z 
iOS simulator compile	Compile for iOS Simulator	2026-09-05T16:33:47.8559200Z CreateBuildDescription
iOS simulator compile	Compile for iOS Simulator	2026-09-05T16:33:47.8996180Z 
iOS simulator compile	Compile for iOS Simulator	2026-09-05T16:33:47.9008630Z ExecuteExternalTool /Applications/Xcode_26.6.app/Contents/Developer/Toolchains/XcodeDefault.xctoolchain/usr/bin/swiftc --version
iOS simulator compile	Compile for iOS Simulator	2026-09-05T16:33:49.4849560Z 
iOS simulator compile	Compile for iOS Simulator	2026-09-05T16:33:49.4859940Z ExecuteExternalTool /Applications/Xcode_26.6.app/Contents/Developer/Toolchains/XcodeDefault.xctoolchain/usr/bin/clang -v -E -dM -isysroot /Applications/Xcode_26.6.app/Contents/Developer/Platforms/iPhoneSimulator.platform/Developer/SDKs/iPhoneSimulator26.5.sdk -x c -c /dev/null
iOS simulator compile	Compile for iOS Simulator	2026-09-05T16:33:49.4971260Z 
iOS simulator compile	Compile for iOS Simulator	2026-09-05T16:33:49.5061710Z ExecuteExternalTool /Applications/Xcode_26.6.app/Contents/Developer/Toolchains/XcodeDefault.xctoolchain/usr/bin/ld -version_details
iOS simulator compile	Compile for iOS Simulator	2026-09-05T16:33:49.9031940Z 
iOS simulator compile	Compile for iOS Simulator	2026-09-05T16:33:49.9590040Z Build description signature: e8ff6931f38e9b3369a97bee24b1f55b
iOS simulator compile	Compile for iOS Simulator	2026-09-05T16:33:49.9598400Z Build description path: /Users/runner/Library/Developer/Xcode/DerivedData/PastelRTS-bnhetfgajalhxehbeatskrbzzzjp/Build/Intermediates.noindex/XCBuildData/e8ff6931f38e9b3369a97bee24b1f55b.xcbuilddata
iOS simulator compile	Compile for iOS Simulator	2026-09-05T16:33:50.0151750Z CreateBuildDirectory /Users/runner/Library/Developer/Xcode/DerivedData/PastelRTS-bnhetfgajalhxehbeatskrbzzzjp/Build/Products
iOS simulator compile	Compile for iOS Simulator	2026-09-05T16:33:50.0262390Z     cd /Users/runner/work/pastel-rts/pastel-rts/apps/ios-shell/PastelRTS.xcodeproj
iOS simulator compile	Compile for iOS Simulator	2026-09-05T16:33:50.0349890Z     builtin-create-build-directory /Users/runner/Library/Developer/Xcode/DerivedData/PastelRTS-bnhetfgajalhxehbeatskrbzzzjp/Build/Products
iOS simulator compile	Compile for iOS Simulator	2026-09-05T16:33:50.0392350Z 
iOS simulator compile	Compile for iOS Simulator	2026-09-05T16:33:50.0414950Z ClangStatCache /Applications/Xcode_26.6.app/Contents/Developer/Toolchains/XcodeDefault.xctoolchain/usr/bin/clang-stat-cache /Applications/Xcode_26.6.app/Contents/Developer/Platforms/iPhoneSimulator.platform/Developer/SDKs/iPhoneSimulator26.5.sdk /Users/runner/Library/Developer/Xcode/DerivedData/SDKStatCaches.noindex/iphonesimulator26.5-23F81a-688ef53f1462e2c8f657fdc38a81448ff45c64a1807a658693f2a61704f17a36.sdkstatcache
iOS simulator compile	Compile for iOS Simulator	2026-09-05T16:33:50.0426970Z     cd /Users/runner/work/pastel-rts/pastel-rts/apps/ios-shell/PastelRTS.xcodeproj
iOS simulator compile	Compile for iOS Simulator	2026-09-05T16:33:50.0445820Z     /Applications/Xcode_26.6.app/Contents/Developer/Toolchains/XcodeDefault.xctoolchain/usr/bin/clang-stat-cache /Applications/Xcode_26.6.app/Contents/Developer/Platforms/iPhoneSimulator.platform/Developer/SDKs/iPhoneSimulator26.5.sdk -o /Users/runner/Library/Developer/Xcode/DerivedData/SDKStatCaches.noindex/iphonesimulator26.5-23F81a-688ef53f1462e2c8f657fdc38a81448ff45c64a1807a658693f2a61704f17a36.sdkstatcache
iOS simulator compile	Compile for iOS Simulator	2026-09-05T16:33:53.2663050Z 
iOS simulator compile	Compile for iOS Simulator	2026-09-05T16:33:53.2667330Z CreateBuildDirectory /Users/runner/Library/Developer/Xcode/DerivedData/PastelRTS-bnhetfgajalhxehbeatskrbzzzjp/Build/Intermediates.noindex
iOS simulator compile	Compile for iOS Simulator	2026-09-05T16:33:53.2669870Z     cd /Users/runner/work/pastel-rts/pastel-rts/apps/ios-shell/PastelRTS.xcodeproj
iOS simulator compile	Compile for iOS Simulator	2026-09-05T16:33:53.2684080Z     builtin-create-build-directory /Users/runner/Library/Developer/Xcode/DerivedData/PastelRTS-bnhetfgajalhxehbeatskrbzzzjp/Build/Intermediates.noindex
iOS simulator compile	Compile for iOS Simulator	2026-09-05T16:33:53.2684720Z 
iOS simulator compile	Compile for iOS Simulator	2026-09-05T16:33:53.2688930Z CreateBuildDirectory /Users/runner/Library/Developer/Xcode/DerivedData/PastelRTS-bnhetfgajalhxehbeatskrbzzzjp/Build/Products/Debug-iphonesimulator
iOS simulator compile	Compile for iOS Simulator	2026-09-05T16:33:53.2694370Z     cd /Users/runner/work/pastel-rts/pastel-rts/apps/ios-shell/PastelRTS.xcodeproj
iOS simulator compile	Compile for iOS Simulator	2026-09-05T16:33:53.2697930Z     builtin-create-build-directory /Users/runner/Library/Developer/Xcode/DerivedData/PastelRTS-bnhetfgajalhxehbeatskrbzzzjp/Build/Products/Debug-iphonesimulator
iOS simulator compile	Compile for iOS Simulator	2026-09-05T16:33:53.2700630Z 
iOS simulator compile	Compile for iOS Simulator	2026-09-05T16:33:53.2701970Z WriteAuxiliaryFile /Users/runner/Library/Developer/Xcode/DerivedData/PastelRTS-bnhetfgajalhxehbeatskrbzzzjp/Build/Intermediates.noindex/PastelRTS.build/Debug-iphonesimulator/PastelRTS-94b1173d3b9f5769dac878c7201ce362-VFS-iphonesimulator/all-product-headers.yaml
iOS simulator compile	Compile for iOS Simulator	2026-09-05T16:33:53.2711820Z     cd /Users/runner/work/pastel-rts/pastel-rts/apps/ios-shell/PastelRTS.xcodeproj
iOS simulator compile	Compile for iOS Simulator	2026-09-05T16:33:53.2717900Z     write-file /Users/runner/Library/Developer/Xcode/DerivedData/PastelRTS-bnhetfgajalhxehbeatskrbzzzjp/Build/Intermediates.noindex/PastelRTS.build/Debug-iphonesimulator/PastelRTS-94b1173d3b9f5769dac878c7201ce362-VFS-iphonesimulator/all-product-headers.yaml
iOS simulator compile	Compile for iOS Simulator	2026-09-05T16:33:53.2719460Z 
iOS simulator compile	Compile for iOS Simulator	2026-09-05T16:33:53.2722090Z CreateBuildDirectory /Users/runner/Library/Developer/Xcode/DerivedData/PastelRTS-bnhetfgajalhxehbeatskrbzzzjp/Build/Intermediates.noindex/SwiftExplicitPrecompiledModules
iOS simulator compile	Compile for iOS Simulator	2026-09-05T16:33:53.2729780Z     cd /Users/runner/work/pastel-rts/pastel-rts/apps/ios-shell/PastelRTS.xcodeproj
iOS simulator compile	Compile for iOS Simulator	2026-09-05T16:33:53.2731630Z     builtin-create-build-directory /Users/runner/Library/Developer/Xcode/DerivedData/PastelRTS-bnhetfgajalhxehbeatskrbzzzjp/Build/Intermediates.noindex/SwiftExplicitPrecompiledModules
iOS simulator compile	Compile for iOS Simulator	2026-09-05T16:33:53.2732400Z 
iOS simulator compile	Compile for iOS Simulator	2026-09-05T16:33:53.2733170Z CreateBuildDirectory /Users/runner/Library/Developer/Xcode/DerivedData/PastelRTS-bnhetfgajalhxehbeatskrbzzzjp/Build/Intermediates.noindex/ExplicitPrecompiledModules
iOS simulator compile	Compile for iOS Simulator	2026-09-05T16:33:53.2734710Z     cd /Users/runner/work/pastel-rts/pastel-rts/apps/ios-shell/PastelRTS.xcodeproj
iOS simulator compile	Compile for iOS Simulator	2026-09-05T16:33:53.2735870Z     builtin-create-build-directory /Users/runner/Library/Developer/Xcode/DerivedData/PastelRTS-bnhetfgajalhxehbeatskrbzzzjp/Build/Intermediates.noindex/ExplicitPrecompiledModules
iOS simulator compile	Compile for iOS Simulator	2026-09-05T16:33:53.2739370Z 
iOS simulator compile	Compile for iOS Simulator	2026-09-05T16:33:53.2740300Z CreateBuildDirectory /Users/runner/Library/Developer/Xcode/DerivedData/PastelRTS-bnhetfgajalhxehbeatskrbzzzjp/Build/Intermediates.noindex/EagerLinkingTBDs/Debug-iphonesimulator
iOS simulator compile	Compile for iOS Simulator	2026-09-05T16:33:53.2748850Z     cd /Users/runner/work/pastel-rts/pastel-rts/apps/ios-shell/PastelRTS.xcodeproj
iOS simulator compile	Compile for iOS Simulator	2026-09-05T16:33:53.2749840Z     builtin-create-build-directory /Users/runner/Library/Developer/Xcode/DerivedData/PastelRTS-bnhetfgajalhxehbeatskrbzzzjp/Build/Intermediates.noindex/EagerLinkingTBDs/Debug-iphonesimulator
iOS simulator compile	Compile for iOS Simulator	2026-09-05T16:33:53.2750780Z 
iOS simulator compile	Compile for iOS Simulator	2026-09-05T16:33:53.2752040Z WriteAuxiliaryFile /Users/runner/Library/Developer/Xcode/DerivedData/PastelRTS-bnhetfgajalhxehbeatskrbzzzjp/Build/Intermediates.noindex/PastelRTS.build/Debug-iphonesimulator/PastelRTS.build/PastelRTS.hmap (in target 'PastelRTS' from project 'PastelRTS')
iOS simulator compile	Compile for iOS Simulator	2026-09-05T16:33:53.2754090Z     cd /Users/runner/work/pastel-rts/pastel-rts/apps/ios-shell
iOS simulator compile	Compile for iOS Simulator	2026-09-05T16:33:53.2755090Z     write-file /Users/runner/Library/Developer/Xcode/DerivedData/PastelRTS-bnhetfgajalhxehbeatskrbzzzjp/Build/Intermediates.noindex/PastelRTS.build/Debug-iphonesimulator/PastelRTS.build/PastelRTS.hmap
iOS simulator compile	Compile for iOS Simulator	2026-09-05T16:33:53.2757400Z 
iOS simulator compile	Compile for iOS Simulator	2026-09-05T16:33:53.2759610Z WriteAuxiliaryFile /Users/runner/Library/Developer/Xcode/DerivedData/PastelRTS-bnhetfgajalhxehbeatskrbzzzjp/Build/Intermediates.noindex/PastelRTS.build/Debug-iphonesimulator/PastelRTS.build/PastelRTS.DependencyStaticMetadataFileList (in target 'PastelRTS' from project 'PastelRTS')
iOS simulator compile	Compile for iOS Simulator	2026-09-05T16:33:53.2761190Z     cd /Users/runner/work/pastel-rts/pastel-rts/apps/ios-shell
iOS simulator compile	Compile for iOS Simulator	2026-09-05T16:33:53.2763580Z     write-file /Users/runner/Library/Developer/Xcode/DerivedData/PastelRTS-bnhetfgajalhxehbeatskrbzzzjp/Build/Intermediates.noindex/PastelRTS.build/Debug-iphonesimulator/PastelRTS.build/PastelRTS.DependencyStaticMetadataFileList
iOS simulator compile	Compile for iOS Simulator	2026-09-05T16:33:53.2764550Z 
iOS simulator compile	Compile for iOS Simulator	2026-09-05T16:33:53.2778890Z WriteAuxiliaryFile /Users/runner/Library/Developer/Xcode/DerivedData/PastelRTS-bnhetfgajalhxehbeatskrbzzzjp/Build/Intermediates.noindex/PastelRTS.build/Debug-iphonesimulator/PastelRTS.build/PastelRTS.DependencyMetadataFileList (in target 'PastelRTS' from project 'PastelRTS')
iOS simulator compile	Compile for iOS Simulator	2026-09-05T16:33:53.2782000Z     cd /Users/runner/work/pastel-rts/pastel-rts/apps/ios-shell
iOS simulator compile	Compile for iOS Simulator	2026-09-05T16:33:53.2790140Z     write-file /Users/runner/Library/Developer/Xcode/DerivedData/PastelRTS-bnhetfgajalhxehbeatskrbzzzjp/Build/Intermediates.noindex/PastelRTS.build/Debug-iphonesimulator/PastelRTS.build/PastelRTS.DependencyMetadataFileList
iOS simulator compile	Compile for iOS Simulator	2026-09-05T16:33:53.2794440Z 
iOS simulator compile	Compile for iOS Simulator	2026-09-05T16:33:53.2797840Z WriteAuxiliaryFile /Users/runner/Library/Developer/Xcode/DerivedData/PastelRTS-bnhetfgajalhxehbeatskrbzzzjp/Build/Intermediates.noindex/PastelRTS.build/Debug-iphonesimulator/PastelRTS.build/PastelRTS-project-headers.hmap (in target 'PastelRTS' from project 'PastelRTS')
iOS simulator compile	Compile for iOS Simulator	2026-09-05T16:33:53.2801790Z     cd /Users/runner/work/pastel-rts/pastel-rts/apps/ios-shell
iOS simulator compile	Compile for iOS Simulator	2026-09-05T16:33:53.2804910Z     write-file /Users/runner/Library/Developer/Xcode/DerivedData/PastelRTS-bnhetfgajalhxehbeatskrbzzzjp/Build/Intermediates.noindex/PastelRTS.build/Debug-iphonesimulator/PastelRTS.build/PastelRTS-project-headers.hmap
iOS simulator compile	Compile for iOS Simulator	2026-09-05T16:33:53.2807280Z 
iOS simulator compile	Compile for iOS Simulator	2026-09-05T16:33:53.2811060Z WriteAuxiliaryFile /Users/runner/Library/Developer/Xcode/DerivedData/PastelRTS-bnhetfgajalhxehbeatskrbzzzjp/Build/Intermediates.noindex/PastelRTS.build/Debug-iphonesimulator/PastelRTS.build/PastelRTS-own-target-headers.hmap (in target 'PastelRTS' from project 'PastelRTS')
iOS simulator compile	Compile for iOS Simulator	2026-09-05T16:33:53.2814370Z     cd /Users/runner/work/pastel-rts/pastel-rts/apps/ios-shell
iOS simulator compile	Compile for iOS Simulator	2026-09-05T16:33:53.2817590Z     write-file /Users/runner/Library/Developer/Xcode/DerivedData/PastelRTS-bnhetfgajalhxehbeatskrbzzzjp/Build/Intermediates.noindex/PastelRTS.build/Debug-iphonesimulator/PastelRTS.build/PastelRTS-own-target-headers.hmap
iOS simulator compile	Compile for iOS Simulator	2026-09-05T16:33:53.2819720Z 
iOS simulator compile	Compile for iOS Simulator	2026-09-05T16:33:53.2823230Z WriteAuxiliaryFile /Users/runner/Library/Developer/Xcode/DerivedData/PastelRTS-bnhetfgajalhxehbeatskrbzzzjp/Build/Intermediates.noindex/PastelRTS.build/Debug-iphonesimulator/PastelRTS.build/PastelRTS-generated-files.hmap (in target 'PastelRTS' from project 'PastelRTS')
iOS simulator compile	Compile for iOS Simulator	2026-09-05T16:33:53.2826340Z     cd /Users/runner/work/pastel-rts/pastel-rts/apps/ios-shell
iOS simulator compile	Compile for iOS Simulator	2026-09-05T16:33:53.2829090Z     write-file /Users/runner/Library/Developer/Xcode/DerivedData/PastelRTS-bnhetfgajalhxehbeatskrbzzzjp/Build/Intermediates.noindex/PastelRTS.build/Debug-iphonesimulator/PastelRTS.build/PastelRTS-generated-files.hmap
iOS simulator compile	Compile for iOS Simulator	2026-09-05T16:33:53.2831150Z 
iOS simulator compile	Compile for iOS Simulator	2026-09-05T16:33:53.2834790Z WriteAuxiliaryFile /Users/runner/Library/Developer/Xcode/DerivedData/PastelRTS-bnhetfgajalhxehbeatskrbzzzjp/Build/Intermediates.noindex/PastelRTS.build/Debug-iphonesimulator/PastelRTS.build/PastelRTS-all-target-headers.hmap (in target 'PastelRTS' from project 'PastelRTS')
iOS simulator compile	Compile for iOS Simulator	2026-09-05T16:33:53.2839630Z     cd /Users/runner/work/pastel-rts/pastel-rts/apps/ios-shell
iOS simulator compile	Compile for iOS Simulator	2026-09-05T16:33:53.2841680Z     write-file /Users/runner/Library/Developer/Xcode/DerivedData/PastelRTS-bnhetfgajalhxehbeatskrbzzzjp/Build/Intermediates.noindex/PastelRTS.build/Debug-iphonesimulator/PastelRTS.build/PastelRTS-all-target-headers.hmap
iOS simulator compile	Compile for iOS Simulator	2026-09-05T16:33:53.2842980Z 
iOS simulator compile	Compile for iOS Simulator	2026-09-05T16:33:53.2844550Z WriteAuxiliaryFile /Users/runner/Library/Developer/Xcode/DerivedData/PastelRTS-bnhetfgajalhxehbeatskrbzzzjp/Build/Intermediates.noindex/PastelRTS.build/Debug-iphonesimulator/PastelRTS.build/PastelRTS-all-non-framework-target-headers.hmap (in target 'PastelRTS' from project 'PastelRTS')
iOS simulator compile	Compile for iOS Simulator	2026-09-05T16:33:53.2846270Z     cd /Users/runner/work/pastel-rts/pastel-rts/apps/ios-shell
iOS simulator compile	Compile for iOS Simulator	2026-09-05T16:33:53.2852140Z     write-file /Users/runner/Library/Developer/Xcode/DerivedData/PastelRTS-bnhetfgajalhxehbeatskrbzzzjp/Build/Intermediates.noindex/PastelRTS.build/Debug-iphonesimulator/PastelRTS.build/PastelRTS-all-non-framework-target-headers.hmap
iOS simulator compile	Compile for iOS Simulator	2026-09-05T16:33:53.2854620Z 
iOS simulator compile	Compile for iOS Simulator	2026-09-05T16:33:53.2858110Z WriteAuxiliaryFile /Users/runner/Library/Developer/Xcode/DerivedData/PastelRTS-bnhetfgajalhxehbeatskrbzzzjp/Build/Intermediates.noindex/PastelRTS.build/Debug-iphonesimulator/PastelRTS.build/PastelRTS-DebugDylibPath-normal-x86_64.txt (in target 'PastelRTS' from project 'PastelRTS')
iOS simulator compile	Compile for iOS Simulator	2026-09-05T16:33:53.2861630Z     cd /Users/runner/work/pastel-rts/pastel-rts/apps/ios-shell
iOS simulator compile	Compile for iOS Simulator	2026-09-05T16:33:53.2864810Z     write-file /Users/runner/Library/Developer/Xcode/DerivedData/PastelRTS-bnhetfgajalhxehbeatskrbzzzjp/Build/Intermediates.noindex/PastelRTS.build/Debug-iphonesimulator/PastelRTS.build/PastelRTS-DebugDylibPath-normal-x86_64.txt
iOS simulator compile	Compile for iOS Simulator	2026-09-05T16:33:53.2867010Z 
iOS simulator compile	Compile for iOS Simulator	2026-09-05T16:33:53.2871260Z WriteAuxiliaryFile /Users/runner/Library/Developer/Xcode/DerivedData/PastelRTS-bnhetfgajalhxehbeatskrbzzzjp/Build/Intermediates.noindex/PastelRTS.build/Debug-iphonesimulator/PastelRTS.build/PastelRTS-DebugDylibPath-normal-arm64.txt (in target 'PastelRTS' from project 'PastelRTS')
iOS simulator compile	Compile for iOS Simulator	2026-09-05T16:33:53.2874540Z     cd /Users/runner/work/pastel-rts/pastel-rts/apps/ios-shell
iOS simulator compile	Compile for iOS Simulator	2026-09-05T16:33:53.2877620Z     write-file /Users/runner/Library/Developer/Xcode/DerivedData/PastelRTS-bnhetfgajalhxehbeatskrbzzzjp/Build/Intermediates.noindex/PastelRTS.build/Debug-iphonesimulator/PastelRTS.build/PastelRTS-DebugDylibPath-normal-arm64.txt
iOS simulator compile	Compile for iOS Simulator	2026-09-05T16:33:53.2879680Z 
iOS simulator compile	Compile for iOS Simulator	2026-09-05T16:33:53.2887520Z WriteAuxiliaryFile /Users/runner/Library/Developer/Xcode/DerivedData/PastelRTS-bnhetfgajalhxehbeatskrbzzzjp/Build/Intermediates.noindex/PastelRTS.build/Debug-iphonesimulator/PastelRTS.build/PastelRTS-DebugDylibInstallName-normal-x86_64.txt (in target 'PastelRTS' from project 'PastelRTS')
iOS simulator compile	Compile for iOS Simulator	2026-09-05T16:33:53.2889570Z     cd /Users/runner/work/pastel-rts/pastel-rts/apps/ios-shell
iOS simulator compile	Compile for iOS Simulator	2026-09-05T16:33:53.2892950Z     write-file /Users/runner/Library/Developer/Xcode/DerivedData/PastelRTS-bnhetfgajalhxehbeatskrbzzzjp/Build/Intermediates.noindex/PastelRTS.build/Debug-iphonesimulator/PastelRTS.build/PastelRTS-DebugDylibInstallName-normal-x86_64.txt
iOS simulator compile	Compile for iOS Simulator	2026-09-05T16:33:53.2894170Z 
iOS simulator compile	Compile for iOS Simulator	2026-09-05T16:33:53.2897140Z WriteAuxiliaryFile /Users/runner/Library/Developer/Xcode/DerivedData/PastelRTS-bnhetfgajalhxehbeatskrbzzzjp/Build/Intermediates.noindex/PastelRTS.build/Debug-iphonesimulator/PastelRTS.build/PastelRTS-DebugDylibInstallName-normal-arm64.txt (in target 'PastelRTS' from project 'PastelRTS')
iOS simulator compile	Compile for iOS Simulator	2026-09-05T16:33:53.2904490Z     cd /Users/runner/work/pastel-rts/pastel-rts/apps/ios-shell
iOS simulator compile	Compile for iOS Simulator	2026-09-05T16:33:53.2906120Z     write-file /Users/runner/Library/Developer/Xcode/DerivedData/PastelRTS-bnhetfgajalhxehbeatskrbzzzjp/Build/Intermediates.noindex/PastelRTS.build/Debug-iphonesimulator/PastelRTS.build/PastelRTS-DebugDylibInstallName-normal-arm64.txt
iOS simulator compile	Compile for iOS Simulator	2026-09-05T16:33:53.2907260Z 
iOS simulator compile	Compile for iOS Simulator	2026-09-05T16:33:53.2909600Z WriteAuxiliaryFile /Users/runner/Library/Developer/Xcode/DerivedData/PastelRTS-bnhetfgajalhxehbeatskrbzzzjp/Build/Intermediates.noindex/PastelRTS.build/Debug-iphonesimulator/PastelRTS.build/Objects-normal/x86_64/PastelRTS_const_extract_protocols.json (in target 'PastelRTS' from project 'PastelRTS')
iOS simulator compile	Compile for iOS Simulator	2026-09-05T16:33:53.2911650Z     cd /Users/runner/work/pastel-rts/pastel-rts/apps/ios-shell
iOS simulator compile	Compile for iOS Simulator	2026-09-05T16:33:53.2921580Z     write-file /Users/runner/Library/Developer/Xcode/DerivedData/PastelRTS-bnhetfgajalhxehbeatskrbzzzjp/Build/Intermediates.noindex/PastelRTS.build/Debug-iphonesimulator/PastelRTS.build/Objects-normal/x86_64/PastelRTS_const_extract_protocols.json
iOS simulator compile	Compile for iOS Simulator	2026-09-05T16:33:53.2922630Z 
iOS simulator compile	Compile for iOS Simulator	2026-09-05T16:33:53.2923910Z WriteAuxiliaryFile /Users/runner/Library/Developer/Xcode/DerivedData/PastelRTS-bnhetfgajalhxehbeatskrbzzzjp/Build/Intermediates.noindex/PastelRTS.build/Debug-iphonesimulator/PastelRTS.build/Objects-normal/x86_64/PastelRTS.SwiftFileList (in target 'PastelRTS' from project 'PastelRTS')
iOS simulator compile	Compile for iOS Simulator	2026-09-05T16:33:53.2925520Z     cd /Users/runner/work/pastel-rts/pastel-rts/apps/ios-shell
iOS simulator compile	Compile for iOS Simulator	2026-09-05T16:33:53.2926620Z     write-file /Users/runner/Library/Developer/Xcode/DerivedData/PastelRTS-bnhetfgajalhxehbeatskrbzzzjp/Build/Intermediates.noindex/PastelRTS.build/Debug-iphonesimulator/PastelRTS.build/Objects-normal/x86_64/PastelRTS.SwiftFileList
iOS simulator compile	Compile for iOS Simulator	2026-09-05T16:33:53.2927420Z 
iOS simulator compile	Compile for iOS Simulator	2026-09-05T16:33:53.2928790Z WriteAuxiliaryFile /Users/runner/Library/Developer/Xcode/DerivedData/PastelRTS-bnhetfgajalhxehbeatskrbzzzjp/Build/Intermediates.noindex/PastelRTS.build/Debug-iphonesimulator/PastelRTS.build/Objects-normal/x86_64/PastelRTS.SwiftConstValuesFileList (in target 'PastelRTS' from project 'PastelRTS')
iOS simulator compile	Compile for iOS Simulator	2026-09-05T16:33:53.2930080Z     cd /Users/runner/work/pastel-rts/pastel-rts/apps/ios-shell
iOS simulator compile	Compile for iOS Simulator	2026-09-05T16:33:53.2931280Z     write-file /Users/runner/Library/Developer/Xcode/DerivedData/PastelRTS-bnhetfgajalhxehbeatskrbzzzjp/Build/Intermediates.noindex/PastelRTS.build/Debug-iphonesimulator/PastelRTS.build/Objects-normal/x86_64/PastelRTS.SwiftConstValuesFileList
iOS simulator compile	Compile for iOS Simulator	2026-09-05T16:33:53.2932070Z 
iOS simulator compile	Compile for iOS Simulator	2026-09-05T16:33:53.2933360Z WriteAuxiliaryFile /Users/runner/Library/Developer/Xcode/DerivedData/PastelRTS-bnhetfgajalhxehbeatskrbzzzjp/Build/Intermediates.noindex/PastelRTS.build/Debug-iphonesimulator/PastelRTS.build/Objects-normal/x86_64/PastelRTS.LinkFileList (in target 'PastelRTS' from project 'PastelRTS')
iOS simulator compile	Compile for iOS Simulator	2026-09-05T16:33:53.2934570Z     cd /Users/runner/work/pastel-rts/pastel-rts/apps/ios-shell
iOS simulator compile	Compile for iOS Simulator	2026-09-05T16:33:53.2936080Z     write-file /Users/runner/Library/Developer/Xcode/DerivedData/PastelRTS-bnhetfgajalhxehbeatskrbzzzjp/Build/Intermediates.noindex/PastelRTS.build/Debug-iphonesimulator/PastelRTS.build/Objects-normal/x86_64/PastelRTS.LinkFileList
iOS simulator compile	Compile for iOS Simulator	2026-09-05T16:33:53.2937360Z 
iOS simulator compile	Compile for iOS Simulator	2026-09-05T16:33:53.2938650Z WriteAuxiliaryFile /Users/runner/Library/Developer/Xcode/DerivedData/PastelRTS-bnhetfgajalhxehbeatskrbzzzjp/Build/Intermediates.noindex/PastelRTS.build/Debug-iphonesimulator/PastelRTS.build/Objects-normal/x86_64/PastelRTS-OutputFileMap.json (in target 'PastelRTS' from project 'PastelRTS')
iOS simulator compile	Compile for iOS Simulator	2026-09-05T16:33:53.2939800Z     cd /Users/runner/work/pastel-rts/pastel-rts/apps/ios-shell
iOS simulator compile	Compile for iOS Simulator	2026-09-05T16:33:53.2940990Z     write-file /Users/runner/Library/Developer/Xcode/DerivedData/PastelRTS-bnhetfgajalhxehbeatskrbzzzjp/Build/Intermediates.noindex/PastelRTS.build/Debug-iphonesimulator/PastelRTS.build/Objects-normal/x86_64/PastelRTS-OutputFileMap.json
iOS simulator compile	Compile for iOS Simulator	2026-09-05T16:33:53.2941780Z 
iOS simulator compile	Compile for iOS Simulator	2026-09-05T16:33:53.2943070Z WriteAuxiliaryFile /Users/runner/Library/Developer/Xcode/DerivedData/PastelRTS-bnhetfgajalhxehbeatskrbzzzjp/Build/Intermediates.noindex/PastelRTS.build/Debug-iphonesimulator/PastelRTS.build/Objects-normal/arm64/PastelRTS_const_extract_protocols.json (in target 'PastelRTS' from project 'PastelRTS')
iOS simulator compile	Compile for iOS Simulator	2026-09-05T16:33:53.2944240Z     cd /Users/runner/work/pastel-rts/pastel-rts/apps/ios-shell
iOS simulator compile	Compile for iOS Simulator	2026-09-05T16:33:53.2945350Z     write-file /Users/runner/Library/Developer/Xcode/DerivedData/PastelRTS-bnhetfgajalhxehbeatskrbzzzjp/Build/Intermediates.noindex/PastelRTS.build/Debug-iphonesimulator/PastelRTS.build/Objects-normal/arm64/PastelRTS_const_extract_protocols.json
iOS simulator compile	Compile for iOS Simulator	2026-09-05T16:33:53.2946950Z 
iOS simulator compile	Compile for iOS Simulator	2026-09-05T16:33:53.2948220Z WriteAuxiliaryFile /Users/runner/Library/Developer/Xcode/DerivedData/PastelRTS-bnhetfgajalhxehbeatskrbzzzjp/Build/Intermediates.noindex/PastelRTS.build/Debug-iphonesimulator/PastelRTS.build/Objects-normal/arm64/PastelRTS.SwiftFileList (in target 'PastelRTS' from project 'PastelRTS')
iOS simulator compile	Compile for iOS Simulator	2026-09-05T16:33:53.2949470Z     cd /Users/runner/work/pastel-rts/pastel-rts/apps/ios-shell
iOS simulator compile	Compile for iOS Simulator	2026-09-05T16:33:53.2950680Z     write-file /Users/runner/Library/Developer/Xcode/DerivedData/PastelRTS-bnhetfgajalhxehbeatskrbzzzjp/Build/Intermediates.noindex/PastelRTS.build/Debug-iphonesimulator/PastelRTS.build/Objects-normal/arm64/PastelRTS.SwiftFileList
iOS simulator compile	Compile for iOS Simulator	2026-09-05T16:33:53.2951670Z 
iOS simulator compile	Compile for iOS Simulator	2026-09-05T16:33:53.2953120Z WriteAuxiliaryFile /Users/runner/Library/Developer/Xcode/DerivedData/PastelRTS-bnhetfgajalhxehbeatskrbzzzjp/Build/Intermediates.noindex/PastelRTS.build/Debug-iphonesimulator/PastelRTS.build/Objects-normal/arm64/PastelRTS.SwiftConstValuesFileList (in target 'PastelRTS' from project 'PastelRTS')
iOS simulator compile	Compile for iOS Simulator	2026-09-05T16:33:53.2955190Z     cd /Users/runner/work/pastel-rts/pastel-rts/apps/ios-shell
iOS simulator compile	Compile for iOS Simulator	2026-09-05T16:33:53.2957070Z     write-file /Users/runner/Library/Developer/Xcode/DerivedData/PastelRTS-bnhetfgajalhxehbeatskrbzzzjp/Build/Intermediates.noindex/PastelRTS.build/Debug-iphonesimulator/PastelRTS.build/Objects-normal/arm64/PastelRTS.SwiftConstValuesFileList
iOS simulator compile	Compile for iOS Simulator	2026-09-05T16:33:53.2958140Z 
iOS simulator compile	Compile for iOS Simulator	2026-09-05T16:33:53.2959540Z WriteAuxiliaryFile /Users/runner/Library/Developer/Xcode/DerivedData/PastelRTS-bnhetfgajalhxehbeatskrbzzzjp/Build/Intermediates.noindex/PastelRTS.build/Debug-iphonesimulator/PastelRTS.build/Objects-normal/arm64/PastelRTS-OutputFileMap.json (in target 'PastelRTS' from project 'PastelRTS')
iOS simulator compile	Compile for iOS Simulator	2026-09-05T16:33:53.2960950Z     cd /Users/runner/work/pastel-rts/pastel-rts/apps/ios-shell
iOS simulator compile	Compile for iOS Simulator	2026-09-05T16:33:53.2963260Z     write-file /Users/runner/Library/Developer/Xcode/DerivedData/PastelRTS-bnhetfgajalhxehbeatskrbzzzjp/Build/Intermediates.noindex/PastelRTS.build/Debug-iphonesimulator/PastelRTS.build/Objects-normal/arm64/PastelRTS-OutputFileMap.json
iOS simulator compile	Compile for iOS Simulator	2026-09-05T16:33:53.2964140Z 
iOS simulator compile	Compile for iOS Simulator	2026-09-05T16:33:53.2965380Z WriteAuxiliaryFile /Users/runner/Library/Developer/Xcode/DerivedData/PastelRTS-bnhetfgajalhxehbeatskrbzzzjp/Build/Intermediates.noindex/PastelRTS.build/Debug-iphonesimulator/PastelRTS.build/Objects-normal/arm64/PastelRTS.LinkFileList (in target 'PastelRTS' from project 'PastelRTS')
iOS simulator compile	Compile for iOS Simulator	2026-09-05T16:33:53.2966500Z     cd /Users/runner/work/pastel-rts/pastel-rts/apps/ios-shell
iOS simulator compile	Compile for iOS Simulator	2026-09-05T16:33:53.2967580Z     write-file /Users/runner/Library/Developer/Xcode/DerivedData/PastelRTS-bnhetfgajalhxehbeatskrbzzzjp/Build/Intermediates.noindex/PastelRTS.build/Debug-iphonesimulator/PastelRTS.build/Objects-normal/arm64/PastelRTS.LinkFileList
iOS simulator compile	Compile for iOS Simulator	2026-09-05T16:33:53.2968400Z 
iOS simulator compile	Compile for iOS Simulator	2026-09-05T16:33:53.2969450Z MkDir /Users/runner/Library/Developer/Xcode/DerivedData/PastelRTS-bnhetfgajalhxehbeatskrbzzzjp/Build/Products/Debug-iphonesimulator/PastelRTS.app (in target 'PastelRTS' from project 'PastelRTS')
iOS simulator compile	Compile for iOS Simulator	2026-09-05T16:33:53.2970780Z     cd /Users/runner/work/pastel-rts/pastel-rts/apps/ios-shell
iOS simulator compile	Compile for iOS Simulator	2026-09-05T16:33:53.2971910Z     /bin/mkdir -p /Users/runner/Library/Developer/Xcode/DerivedData/PastelRTS-bnhetfgajalhxehbeatskrbzzzjp/Build/Products/Debug-iphonesimulator/PastelRTS.app
iOS simulator compile	Compile for iOS Simulator	2026-09-05T16:33:53.2972500Z 
iOS simulator compile	Compile for iOS Simulator	2026-09-05T16:33:53.2974070Z Ld /Users/runner/Library/Developer/Xcode/DerivedData/PastelRTS-bnhetfgajalhxehbeatskrbzzzjp/Build/Intermediates.noindex/PastelRTS.build/Debug-iphonesimulator/PastelRTS.build/Objects-normal/arm64/Binary/__preview.dylib normal arm64 (in target 'PastelRTS' from project 'PastelRTS')
iOS simulator compile	Compile for iOS Simulator	2026-09-05T16:33:53.2975340Z     cd /Users/runner/work/pastel-rts/pastel-rts/apps/ios-shell
iOS simulator compile	Compile for iOS Simulator	2026-09-05T16:33:53.2980300Z     /Applications/Xcode_26.6.app/Contents/Developer/Toolchains/XcodeDefault.xctoolchain/usr/bin/clang -Xlinker -reproducible -target arm64-apple-ios17.0-simulator -dynamiclib -isysroot /Applications/Xcode_26.6.app/Contents/Developer/Platforms/iPhoneSimulator.platform/Developer/SDKs/iPhoneSimulator26.5.sdk -O0 -L/Users/runner/Library/Developer/Xcode/DerivedData/PastelRTS-bnhetfgajalhxehbeatskrbzzzjp/Build/Products/Debug-iphonesimulator -F/Users/runner/Library/Developer/Xcode/DerivedData/PastelRTS-bnhetfgajalhxehbeatskrbzzzjp/Build/Products/Debug-iphonesimulator -install_name @rpath/PastelRTS.debug.dylib -Xlinker -dead_strip -rdynamic -Xlinker -no_deduplicate -Xlinker -objc_abi_version -Xlinker 2 -Xlinker -dependency_info -Xlinker /Users/runner/Library/Developer/Xcode/DerivedData/PastelRTS-bnhetfgajalhxehbeatskrbzzzjp/Build/Intermediates.noindex/PastelRTS.build/Debug-iphonesimulator/PastelRTS.build/Objects-normal/arm64/PastelRTS_dependency_info.dat -o /Users/runner/Library/Developer/Xcode/DerivedData/PastelRTS-bnhetfgajalhxehbeatskrbzzzjp/Build/Intermediates.noindex/PastelRTS.build/Debug-iphonesimulator/PastelRTS.build/Objects-normal/arm64/Binary/__preview.dylib
iOS simulator compile	Compile for iOS Simulator	2026-09-05T16:33:53.2985050Z 
iOS simulator compile	Compile for iOS Simulator	2026-09-05T16:33:53.2989000Z Ld /Users/runner/Library/Developer/Xcode/DerivedData/PastelRTS-bnhetfgajalhxehbeatskrbzzzjp/Build/Intermediates.noindex/PastelRTS.build/Debug-iphonesimulator/PastelRTS.build/Objects-normal/x86_64/Binary/__preview.dylib normal x86_64 (in target 'PastelRTS' from project 'PastelRTS')
iOS simulator compile	Compile for iOS Simulator	2026-09-05T16:33:53.2990190Z     cd /Users/runner/work/pastel-rts/pastel-rts/apps/ios-shell
iOS simulator compile	Compile for iOS Simulator	2026-09-05T16:33:53.2995570Z     /Applications/Xcode_26.6.app/Contents/Developer/Toolchains/XcodeDefault.xctoolchain/usr/bin/clang -Xlinker -reproducible -target x86_64-apple-ios17.0-simulator -dynamiclib -isysroot /Applications/Xcode_26.6.app/Contents/Developer/Platforms/iPhoneSimulator.platform/Developer/SDKs/iPhoneSimulator26.5.sdk -O0 -L/Users/runner/Library/Developer/Xcode/DerivedData/PastelRTS-bnhetfgajalhxehbeatskrbzzzjp/Build/Products/Debug-iphonesimulator -F/Users/runner/Library/Developer/Xcode/DerivedData/PastelRTS-bnhetfgajalhxehbeatskrbzzzjp/Build/Products/Debug-iphonesimulator -install_name @rpath/PastelRTS.debug.dylib -Xlinker -dead_strip -rdynamic -Xlinker -no_deduplicate -Xlinker -objc_abi_version -Xlinker 2 -Xlinker -dependency_info -Xlinker /Users/runner/Library/Developer/Xcode/DerivedData/PastelRTS-bnhetfgajalhxehbeatskrbzzzjp/Build/Intermediates.noindex/PastelRTS.build/Debug-iphonesimulator/PastelRTS.build/Objects-normal/x86_64/PastelRTS_dependency_info.dat -o /Users/runner/Library/Developer/Xcode/DerivedData/PastelRTS-bnhetfgajalhxehbeatskrbzzzjp/Build/Intermediates.noindex/PastelRTS.build/Debug-iphonesimulator/PastelRTS.build/Objects-normal/x86_64/Binary/__preview.dylib
iOS simulator compile	Compile for iOS Simulator	2026-09-05T16:33:53.3002870Z 
iOS simulator compile	Compile for iOS Simulator	2026-09-05T16:33:53.3006750Z ProcessInfoPlistFile /Users/runner/Library/Developer/Xcode/DerivedData/PastelRTS-bnhetfgajalhxehbeatskrbzzzjp/Build/Products/Debug-iphonesimulator/PastelRTS.app/Info.plist /Users/runner/work/pastel-rts/pastel-rts/apps/ios-shell/PastelRTS/Info.plist (in target 'PastelRTS' from project 'PastelRTS')
iOS simulator compile	Compile for iOS Simulator	2026-09-05T16:33:53.3012390Z     cd /Users/runner/work/pastel-rts/pastel-rts/apps/ios-shell
iOS simulator compile	Compile for iOS Simulator	2026-09-05T16:33:53.3022890Z     builtin-infoPlistUtility /Users/runner/work/pastel-rts/pastel-rts/apps/ios-shell/PastelRTS/Info.plist -producttype com.apple.product-type.application -genpkginfo /Users/runner/Library/Developer/Xcode/DerivedData/PastelRTS-bnhetfgajalhxehbeatskrbzzzjp/Build/Products/Debug-iphonesimulator/PastelRTS.app/PkgInfo -expandbuildsettings -format binary -platform iphonesimulator -o /Users/runner/Library/Developer/Xcode/DerivedData/PastelRTS-bnhetfgajalhxehbeatskrbzzzjp/Build/Products/Debug-iphonesimulator/PastelRTS.app/Info.plist
iOS simulator compile	Compile for iOS Simulator	2026-09-05T16:33:53.3027980Z 
iOS simulator compile	Compile for iOS Simulator	2026-09-05T16:33:53.3031410Z CpResource /Users/runner/Library/Developer/Xcode/DerivedData/PastelRTS-bnhetfgajalhxehbeatskrbzzzjp/Build/Products/Debug-iphonesimulator/PastelRTS.app/WebGame /Users/runner/work/pastel-rts/pastel-rts/apps/ios-shell/PastelRTS/WebGame (in target 'PastelRTS' from project 'PastelRTS')
iOS simulator compile	Compile for iOS Simulator	2026-09-05T16:33:53.3035380Z     cd /Users/runner/work/pastel-rts/pastel-rts/apps/ios-shell
iOS simulator compile	Compile for iOS Simulator	2026-09-05T16:33:53.3039450Z     builtin-copy -exclude .DS_Store -exclude CVS -exclude .svn -exclude .git -exclude .hg -resolve-src-symlinks /Users/runner/work/pastel-rts/pastel-rts/apps/ios-shell/PastelRTS/WebGame /Users/runner/Library/Developer/Xcode/DerivedData/PastelRTS-bnhetfgajalhxehbeatskrbzzzjp/Build/Products/Debug-iphonesimulator/PastelRTS.app
iOS simulator compile	Compile for iOS Simulator	2026-09-05T16:33:53.3044460Z 
iOS simulator compile	Compile for iOS Simulator	2026-09-05T16:33:53.3047250Z CreateUniversalBinary /Users/runner/Library/Developer/Xcode/DerivedData/PastelRTS-bnhetfgajalhxehbeatskrbzzzjp/Build/Products/Debug-iphonesimulator/PastelRTS.app/__preview.dylib normal arm64\ x86_64 (in target 'PastelRTS' from project 'PastelRTS')
iOS simulator compile	Compile for iOS Simulator	2026-09-05T16:33:53.3050120Z     cd /Users/runner/work/pastel-rts/pastel-rts/apps/ios-shell
iOS simulator compile	Compile for iOS Simulator	2026-09-05T16:33:53.3058530Z     /Applications/Xcode_26.6.app/Contents/Developer/Toolchains/XcodeDefault.xctoolchain/usr/bin/lipo -create /Users/runner/Library/Developer/Xcode/DerivedData/PastelRTS-bnhetfgajalhxehbeatskrbzzzjp/Build/Intermediates.noindex/PastelRTS.build/Debug-iphonesimulator/PastelRTS.build/Objects-normal/arm64/Binary/__preview.dylib /Users/runner/Library/Developer/Xcode/DerivedData/PastelRTS-bnhetfgajalhxehbeatskrbzzzjp/Build/Intermediates.noindex/PastelRTS.build/Debug-iphonesimulator/PastelRTS.build/Objects-normal/x86_64/Binary/__preview.dylib -output /Users/runner/Library/Developer/Xcode/DerivedData/PastelRTS-bnhetfgajalhxehbeatskrbzzzjp/Build/Products/Debug-iphonesimulator/PastelRTS.app/__preview.dylib
iOS simulator compile	Compile for iOS Simulator	2026-09-05T16:33:53.3067890Z 
iOS simulator compile	Compile for iOS Simulator	2026-09-05T16:33:53.3069480Z SwiftDriver PastelRTS normal arm64 com.apple.xcode.tools.swift.compiler (in target 'PastelRTS' from project 'PastelRTS')
iOS simulator compile	Compile for iOS Simulator	2026-09-05T16:33:53.3071090Z     cd /Users/runner/work/pastel-rts/pastel-rts/apps/ios-shell
iOS simulator compile	Compile for iOS Simulator	2026-09-05T16:33:53.3098360Z     builtin-SwiftDriver -- /Applications/Xcode_26.6.app/Contents/Developer/Toolchains/XcodeDefault.xctoolchain/usr/bin/swiftc -module-name PastelRTS -Onone @/Users/runner/Library/Developer/Xcode/DerivedData/PastelRTS-bnhetfgajalhxehbeatskrbzzzjp/Build/Intermediates.noindex/PastelRTS.build/Debug-iphonesimulator/PastelRTS.build/Objects-normal/arm64/PastelRTS.SwiftFileList -DDEBUG -enable-bare-slash-regex -enable-experimental-feature DebugDescriptionMacro -sdk /Applications/Xcode_26.6.app/Contents/Developer/Platforms/iPhoneSimulator.platform/Developer/SDKs/iPhoneSimulator26.5.sdk -target arm64-apple-ios17.0-simulator -g -module-cache-path /Users/runner/Library/Developer/Xcode/DerivedData/ModuleCache.noindex -Xfrontend -serialize-debugging-options -enable-testing -index-store-path /Users/runner/Library/Developer/Xcode/DerivedData/PastelRTS-bnhetfgajalhxehbeatskrbzzzjp/Index.noindex/DataStore -Xcc -D_LIBCPP_HARDENING_MODE\=_LIBCPP_HARDENING_MODE_DEBUG -swift-version 5 -I /Users/runner/Library/Developer/Xcode/DerivedData/PastelRTS-bnhetfgajalhxehbeatskrbzzzjp/Build/Products/Debug-iphonesimulator -F /Users/runner/Library/Developer/Xcode/DerivedData/PastelRTS-bnhetfgajalhxehbeatskrbzzzjp/Build/Products/Debug-iphonesimulator -c -j3 -enable-batch-mode -incremental -Xcc -ivfsstatcache -Xcc /Users/runner/Library/Developer/Xcode/DerivedData/SDKStatCaches.noindex/iphonesimulator26.5-23F81a-688ef53f1462e2c8f657fdc38a81448ff45c64a1807a658693f2a61704f17a36.sdkstatcache -output-file-map /Users/runner/Library/Developer/Xcode/DerivedData/PastelRTS-bnhetfgajalhxehbeatskrbzzzjp/Build/Intermediates.noindex/PastelRTS.build/Debug-iphonesimulator/PastelRTS.build/Objects-normal/arm64/PastelRTS-OutputFileMap.json -use-frontend-parseable-output -save-temps -no-color-diagnostics -explicit-module-build -module-cache-path /Users/runner/Library/Developer/Xcode/DerivedData/PastelRTS-bnhetfgajalhxehbeatskrbzzzjp/Build/Intermediates.noindex/SwiftExplicitPrecompiledModules -clang-scanner-module-cache-path /Users/runner/Library/Developer/Xcode/DerivedData/ModuleCache.noindex -sdk-module-cache-path /Users/runner/Library/Developer/Xcode/DerivedData/ModuleCache.noindex -serialize-diagnostics -emit-dependencies -emit-module -emit-module-path /Users/runner/Library/Developer/Xcode/DerivedData/PastelRTS-bnhetfgajalhxehbeatskrbzzzjp/Build/Intermediates.noindex/PastelRTS.build/Debug-iphonesimulator/PastelRTS.build/Objects-normal/arm64/PastelRTS.swiftmodule -validate-clang-modules-once -clang-build-session-file /Users/runner/Library/Developer/Xcode/DerivedData/ModuleCache.noindex/Session.modulevalidation -Xcc -I/Users/runner/Library/Developer/Xcode/DerivedData/PastelRTS-bnhetfgajalhxehbeatskrbzzzjp/Build/Intermediates.noindex/PastelRTS.build/Debug-iphonesimulator/PastelRTS.build/swift-overrides.hmap -emit-const-values -Xfrontend -const-gather-protocols-file -Xfrontend /Users/runner/Library/Developer/Xcode/DerivedData/PastelRTS-bnhetfgajalhxehbeatskrbzzzjp/Build/Intermediates.noindex/PastelRTS.build/Debug-iphonesimulator/PastelRTS.build/Objects-normal/arm64/PastelRTS_const_extract_protocols.json -Xcc -iquote -Xcc /Users/runner/Library/Developer/Xcode/DerivedData/PastelRTS-bnhetfgajalhxehbeatskrbzzzjp/Build/Intermediates.noindex/PastelRTS.build/Debug-iphonesimulator/PastelRTS.build/PastelRTS-generated-files.hmap -Xcc -I/Users/runner/Library/Developer/Xcode/DerivedData/PastelRTS-bnhetfgajalhxehbeatskrbzzzjp/Build/Intermediates.noindex/PastelRTS.build/Debug-iphonesimulator/PastelRTS.build/PastelRTS-own-target-headers.hmap -Xcc -I/Users/runner/Library/Developer/Xcode/DerivedData/PastelRTS-bnhetfgajalhxehbeatskrbzzzjp/Build/Intermediates.noindex/PastelRTS.build/Debug-iphonesimulator/PastelRTS.build/PastelRTS-all-target-headers.hmap -Xcc -iquote -Xcc /Users/runner/Library/Developer/Xcode/DerivedData/PastelRTS-bnhetfgajalhxehbeatskrbzzzjp/Build/Intermediates.noindex/PastelRTS.build/Debug-iphonesimulator/PastelRTS.build/PastelRTS-project-headers.hmap -Xcc -I/Users/runner/Library/Developer/Xcode/DerivedData/PastelRTS-bnhetfgajalhxehbeatskrbzzzjp/Build/Products/Debug-iphonesimulator/include -Xcc -I/Users/runner/Library/Developer/Xcode/DerivedData/PastelRTS-bnhetfgajalhxehbeatskrbzzzjp/Build/Intermediates.noindex/PastelRTS.build/Debug-iphonesimulator/PastelRTS.build/DerivedSources-normal/arm64 -Xcc -I/Users/runner/Library/Developer/Xcode/DerivedData/PastelRTS-bnhetfgajalhxehbeatskrbzzzjp/Build/Intermediates.noindex/PastelRTS.build/Debug-iphonesimulator/PastelRTS.build/DerivedSources/arm64 -Xcc -I/Users/runner/Library/Developer/Xcode/DerivedData/PastelRTS-bnhetfgajalhxehbeatskrbzzzjp/Build/Intermediates.noindex/PastelRTS.build/Debug-iphonesimulator/PastelRTS.build/DerivedSources -Xcc -DDEBUG\=1 -emit-objc-header -emit-objc-header-path /Users/runner/Library/Developer/Xcode/DerivedData/PastelRTS-bnhetfgajalhxehbeatskrbzzzjp/Build/Intermediates.noindex/PastelRTS.build/Debug-iphonesimulator/PastelRTS.build/Objects-normal/arm64/PastelRTS-Swift.h -working-directory /Users/runner/work/pastel-rts/pastel-rts/apps/ios-shell -experimental-emit-module-separately -disable-cmo
iOS simulator compile	Compile for iOS Simulator	2026-09-05T16:33:56.0869960Z 
iOS simulator compile	Compile for iOS Simulator	2026-09-05T16:33:56.0871050Z SwiftDriver PastelRTS normal x86_64 com.apple.xcode.tools.swift.compiler (in target 'PastelRTS' from project 'PastelRTS')
iOS simulator compile	Compile for iOS Simulator	2026-09-05T16:33:56.0872070Z     cd /Users/runner/work/pastel-rts/pastel-rts/apps/ios-shell
iOS simulator compile	Compile for iOS Simulator	2026-09-05T16:33:56.0914740Z     builtin-SwiftDriver -- /Applications/Xcode_26.6.app/Contents/Developer/Toolchains/XcodeDefault.xctoolchain/usr/bin/swiftc -module-name PastelRTS -Onone @/Users/runner/Library/Developer/Xcode/DerivedData/PastelRTS-bnhetfgajalhxehbeatskrbzzzjp/Build/Intermediates.noindex/PastelRTS.build/Debug-iphonesimulator/PastelRTS.build/Objects-normal/x86_64/PastelRTS.SwiftFileList -DDEBUG -enable-bare-slash-regex -enable-experimental-feature DebugDescriptionMacro -sdk /Applications/Xcode_26.6.app/Contents/Developer/Platforms/iPhoneSimulator.platform/Developer/SDKs/iPhoneSimulator26.5.sdk -target x86_64-apple-ios17.0-simulator -g -module-cache-path /Users/runner/Library/Developer/Xcode/DerivedData/ModuleCache.noindex -Xfrontend -serialize-debugging-options -enable-testing -index-store-path /Users/runner/Library/Developer/Xcode/DerivedData/PastelRTS-bnhetfgajalhxehbeatskrbzzzjp/Index.noindex/DataStore -Xcc -D_LIBCPP_HARDENING_MODE\=_LIBCPP_HARDENING_MODE_DEBUG -swift-version 5 -I /Users/runner/Library/Developer/Xcode/DerivedData/PastelRTS-bnhetfgajalhxehbeatskrbzzzjp/Build/Products/Debug-iphonesimulator -F /Users/runner/Library/Developer/Xcode/DerivedData/PastelRTS-bnhetfgajalhxehbeatskrbzzzjp/Build/Products/Debug-iphonesimulator -c -j3 -enable-batch-mode -incremental -Xcc -ivfsstatcache -Xcc /Users/runner/Library/Developer/Xcode/DerivedData/SDKStatCaches.noindex/iphonesimulator26.5-23F81a-688ef53f1462e2c8f657fdc38a81448ff45c64a1807a658693f2a61704f17a36.sdkstatcache -output-file-map /Users/runner/Library/Developer/Xcode/DerivedData/PastelRTS-bnhetfgajalhxehbeatskrbzzzjp/Build/Intermediates.noindex/PastelRTS.build/Debug-iphonesimulator/PastelRTS.build/Objects-normal/x86_64/PastelRTS-OutputFileMap.json -use-frontend-parseable-output -save-temps -no-color-diagnostics -explicit-module-build -module-cache-path /Users/runner/Library/Developer/Xcode/DerivedData/PastelRTS-bnhetfgajalhxehbeatskrbzzzjp/Build/Intermediates.noindex/SwiftExplicitPrecompiledModules -clang-scanner-module-cache-path /Users/runner/Library/Developer/Xcode/DerivedData/ModuleCache.noindex -sdk-module-cache-path /Users/runner/Library/Developer/Xcode/DerivedData/ModuleCache.noindex -serialize-diagnostics -emit-dependencies -emit-module -emit-module-path /Users/runner/Library/Developer/Xcode/DerivedData/PastelRTS-bnhetfgajalhxehbeatskrbzzzjp/Build/Intermediates.noindex/PastelRTS.build/Debug-iphonesimulator/PastelRTS.build/Objects-normal/x86_64/PastelRTS.swiftmodule -validate-clang-modules-once -clang-build-session-file /Users/runner/Library/Developer/Xcode/DerivedData/ModuleCache.noindex/Session.modulevalidation -Xcc -I/Users/runner/Library/Developer/Xcode/DerivedData/PastelRTS-bnhetfgajalhxehbeatskrbzzzjp/Build/Intermediates.noindex/PastelRTS.build/Debug-iphonesimulator/PastelRTS.build/swift-overrides.hmap -emit-const-values -Xfrontend -const-gather-protocols-file -Xfrontend /Users/runner/Library/Developer/Xcode/DerivedData/PastelRTS-bnhetfgajalhxehbeatskrbzzzjp/Build/Intermediates.noindex/PastelRTS.build/Debug-iphonesimulator/PastelRTS.build/Objects-normal/x86_64/PastelRTS_const_extract_protocols.json -Xcc -iquote -Xcc /Users/runner/Library/Developer/Xcode/DerivedData/PastelRTS-bnhetfgajalhxehbeatskrbzzzjp/Build/Intermediates.noindex/PastelRTS.build/Debug-iphonesimulator/PastelRTS.build/PastelRTS-generated-files.hmap -Xcc -I/Users/runner/Library/Developer/Xcode/DerivedData/PastelRTS-bnhetfgajalhxehbeatskrbzzzjp/Build/Intermediates.noindex/PastelRTS.build/Debug-iphonesimulator/PastelRTS.build/PastelRTS-own-target-headers.hmap -Xcc -I/Users/runner/Library/Developer/Xcode/DerivedData/PastelRTS-bnhetfgajalhxehbeatskrbzzzjp/Build/Intermediates.noindex/PastelRTS.build/Debug-iphonesimulator/PastelRTS.build/PastelRTS-all-target-headers.hmap -Xcc -iquote -Xcc /Users/runner/Library/Developer/Xcode/DerivedData/PastelRTS-bnhetfgajalhxehbeatskrbzzzjp/Build/Intermediates.noindex/PastelRTS.build/Debug-iphonesimulator/PastelRTS.build/PastelRTS-project-headers.hmap -Xcc -I/Users/runner/Library/Developer/Xcode/DerivedData/PastelRTS-bnhetfgajalhxehbeatskrbzzzjp/Build/Products/Debug-iphonesimulator/include -Xcc -I/Users/runner/Library/Developer/Xcode/DerivedData/PastelRTS-bnhetfgajalhxehbeatskrbzzzjp/Build/Intermediates.noindex/PastelRTS.build/Debug-iphonesimulator/PastelRTS.build/DerivedSources-normal/x86_64 -Xcc -I/Users/runner/Library/Developer/Xcode/DerivedData/PastelRTS-bnhetfgajalhxehbeatskrbzzzjp/Build/Intermediates.noindex/PastelRTS.build/Debug-iphonesimulator/PastelRTS.build/DerivedSources/x86_64 -Xcc -I/Users/runner/Library/Developer/Xcode/DerivedData/PastelRTS-bnhetfgajalhxehbeatskrbzzzjp/Build/Intermediates.noindex/PastelRTS.build/Debug-iphonesimulator/PastelRTS.build/DerivedSources -Xcc -DDEBUG\=1 -emit-objc-header -emit-objc-header-path /Users/runner/Library/Developer/Xcode/DerivedData/PastelRTS-bnhetfgajalhxehbeatskrbzzzjp/Build/Intermediates.noindex/PastelRTS.build/Debug-iphonesimulator/PastelRTS.build/Objects-normal/x86_64/PastelRTS-Swift.h -working-directory /Users/runner/work/pastel-rts/pastel-rts/apps/ios-shell -experimental-emit-module-separately -disable-cmo
iOS simulator compile	Compile for iOS Simulator	2026-09-05T16:33:56.0934310Z 
iOS simulator compile	Compile for iOS Simulator	2026-09-05T16:33:56.1076020Z SwiftExplicitDependencyGeneratePcm x86_64 /Users/runner/Library/Developer/Xcode/DerivedData/ModuleCache.noindex/DeveloperToolsSupport-C53NC86S0F0ZYQ9FAEZ5BBGD8.pcm
iOS simulator compile	Compile for iOS Simulator	2026-09-05T16:33:56.3054870Z 
iOS simulator compile	Compile for iOS Simulator	2026-09-05T16:33:56.3057680Z SwiftExplicitDependencyGeneratePcm x86_64 /Users/runner/Library/Developer/Xcode/DerivedData/ModuleCache.noindex/ptrauth-4XHE24MUNLZWC74DWH6I0Q3YH.pcm
iOS simulator compile	Compile for iOS Simulator	2026-09-05T16:33:56.3058410Z 
iOS simulator compile	Compile for iOS Simulator	2026-09-05T16:33:56.3060720Z SwiftExplicitDependencyGeneratePcm x86_64 /Users/runner/Library/Developer/Xcode/DerivedData/ModuleCache.noindex/_SwiftConcurrencyShims-8DTSQILWN2NJ96VMR1Q63ORO1.pcm
iOS simulator compile	Compile for iOS Simulator	2026-09-05T16:33:56.3062650Z 
iOS simulator compile	Compile for iOS Simulator	2026-09-05T16:33:56.3064380Z SwiftExplicitDependencyGeneratePcm arm64 /Users/runner/Library/Developer/Xcode/DerivedData/ModuleCache.noindex/ptrcheck-WAV18TPZUVHKV3LXIRAFLYN7.pcm
iOS simulator compile	Compile for iOS Simulator	2026-09-05T16:33:56.3579020Z 
iOS simulator compile	Compile for iOS Simulator	2026-09-05T16:33:56.3581340Z SwiftExplicitDependencyGeneratePcm arm64 /Users/runner/Library/Developer/Xcode/DerivedData/ModuleCache.noindex/_Builtin_float-DRI87QHPGHDIV0UGRIVM1OVSM.pcm
iOS simulator compile	Compile for iOS Simulator	2026-09-05T16:33:56.3582680Z 
iOS simulator compile	Compile for iOS Simulator	2026-09-05T16:33:56.3583690Z SwiftExplicitDependencyGeneratePcm arm64 /Users/runner/Library/Developer/Xcode/DerivedData/ModuleCache.noindex/_SwiftConcurrencyShims-4KKVRAVQYQHYK78482W4R7Y0E.pcm
iOS simulator compile	Compile for iOS Simulator	2026-09-05T16:33:56.3584340Z 
iOS simulator compile	Compile for iOS Simulator	2026-09-05T16:33:56.3585230Z SwiftExplicitDependencyGeneratePcm arm64 /Users/runner/Library/Developer/Xcode/DerivedData/ModuleCache.noindex/_Builtin_stdbool-BXY040X58V8IZOC6WDNJXHXCV.pcm
iOS simulator compile	Compile for iOS Simulator	2026-09-05T16:33:56.4185840Z 
iOS simulator compile	Compile for iOS Simulator	2026-09-05T16:33:56.4188370Z SwiftExplicitDependencyGeneratePcm arm64 /Users/runner/Library/Developer/Xcode/DerivedData/ModuleCache.noindex/SwiftShims-25GF3K3ZWSIY4T115Z2UEBZRL.pcm
iOS simulator compile	Compile for iOS Simulator	2026-09-05T16:33:56.4690440Z 
iOS simulator compile	Compile for iOS Simulator	2026-09-05T16:33:56.4754440Z SwiftExplicitDependencyGeneratePcm x86_64 /Users/runner/Library/Developer/Xcode/DerivedData/ModuleCache.noindex/_Builtin_float-F1RY5W05PL02SOXP7IY5NRKH9.pcm
iOS simulator compile	Compile for iOS Simulator	2026-09-05T16:33:56.4891500Z 
iOS simulator compile	Compile for iOS Simulator	2026-09-05T16:33:56.4995570Z SwiftExplicitDependencyGeneratePcm arm64 /Users/runner/Library/Developer/Xcode/DerivedData/ModuleCache.noindex/ptrauth-99KW7CKVZXSQOHY38O3KXSSTT.pcm
iOS simulator compile	Compile for iOS Simulator	2026-09-05T16:33:56.5097470Z 
iOS simulator compile	Compile for iOS Simulator	2026-09-05T16:33:56.5199230Z SwiftExplicitDependencyGeneratePcm x86_64 /Users/runner/Library/Developer/Xcode/DerivedData/ModuleCache.noindex/_Builtin_stdarg-16FW3CYRYWSUILUWZVPZ56CI0.pcm
iOS simulator compile	Compile for iOS Simulator	2026-09-05T16:33:56.5303150Z 
iOS simulator compile	Compile for iOS Simulator	2026-09-05T16:33:56.5406810Z SwiftExplicitDependencyGeneratePcm arm64 /Users/runner/Library/Developer/Xcode/DerivedData/ModuleCache.noindex/_Builtin_stddef-DWO58UINTQGF5NN6EL74ARD99.pcm
iOS simulator compile	Compile for iOS Simulator	2026-09-05T16:33:56.5508650Z 
iOS simulator compile	Compile for iOS Simulator	2026-09-05T16:33:56.5633090Z SwiftExplicitDependencyGeneratePcm x86_64 /Users/runner/Library/Developer/Xcode/DerivedData/ModuleCache.noindex/ptrcheck-C8R778NJC5CM6RXK2EW19BG9S.pcm
iOS simulator compile	Compile for iOS Simulator	2026-09-05T16:33:56.5734670Z 
iOS simulator compile	Compile for iOS Simulator	2026-09-05T16:33:56.5846610Z SwiftExplicitDependencyGeneratePcm arm64 /Users/runner/Library/Developer/Xcode/DerivedData/ModuleCache.noindex/DeveloperToolsSupport-61KBSG06XH7JULTKC4JJAZYGU.pcm
iOS simulator compile	Compile for iOS Simulator	2026-09-05T16:33:56.5954640Z 
iOS simulator compile	Compile for iOS Simulator	2026-09-05T16:33:56.6081590Z SwiftExplicitDependencyGeneratePcm x86_64 /Users/runner/Library/Developer/Xcode/DerivedData/ModuleCache.noindex/_Builtin_stddef-H5QBCMYFLPB91NRO5K33LC6F.pcm
iOS simulator compile	Compile for iOS Simulator	2026-09-05T16:33:56.6185390Z 
iOS simulator compile	Compile for iOS Simulator	2026-09-05T16:33:56.6294770Z SwiftExplicitDependencyGeneratePcm x86_64 /Users/runner/Library/Developer/Xcode/DerivedData/ModuleCache.noindex/SwiftShims-7Q1ZRIZ6XFU8LL8J5G5KNP2ID.pcm
iOS simulator compile	Compile for iOS Simulator	2026-09-05T16:33:56.6397450Z 
iOS simulator compile	Compile for iOS Simulator	2026-09-05T16:33:56.6506700Z SwiftExplicitDependencyGeneratePcm arm64 /Users/runner/Library/Developer/Xcode/DerivedData/ModuleCache.noindex/_Builtin_stdarg-20TTVJBLLUY68CTJF1YJ48AZH.pcm
iOS simulator compile	Compile for iOS Simulator	2026-09-05T16:33:56.6611640Z 
iOS simulator compile	Compile for iOS Simulator	2026-09-05T16:33:56.6651350Z SwiftExplicitDependencyGeneratePcm x86_64 /Users/runner/Library/Developer/Xcode/DerivedData/ModuleCache.noindex/_Builtin_stdbool-7106MR3MZ5J8M26EF7SFI37GH.pcm
iOS simulator compile	Compile for iOS Simulator	2026-09-05T16:33:56.6652320Z 
iOS simulator compile	Compile for iOS Simulator	2026-09-05T16:33:56.6653220Z SwiftExplicitDependencyGeneratePcm x86_64 /Users/runner/Library/Developer/Xcode/DerivedData/ModuleCache.noindex/_AvailabilityInternal-4AEMAKUOTYBRLPH7CECEI51PG.pcm
iOS simulator compile	Compile for iOS Simulator	2026-09-05T16:33:56.6853740Z 
iOS simulator compile	Compile for iOS Simulator	2026-09-05T16:33:56.6856500Z SwiftExplicitDependencyGeneratePcm arm64 /Users/runner/Library/Developer/Xcode/DerivedData/ModuleCache.noindex/_AvailabilityInternal-6DZPBQ1GDR5VQVTX2KC3CFZKH.pcm
iOS simulator compile	Compile for iOS Simulator	2026-09-05T16:33:56.6932760Z 
iOS simulator compile	Compile for iOS Simulator	2026-09-05T16:33:56.6935680Z SwiftExplicitDependencyGeneratePcm x86_64 /Users/runner/Library/Developer/Xcode/DerivedData/ModuleCache.noindex/_DarwinFoundation1-ELY96AJM4DUJD4M8Y2H1D5054.pcm
iOS simulator compile	Compile for iOS Simulator	2026-09-05T16:33:56.7569690Z 
iOS simulator compile	Compile for iOS Simulator	2026-09-05T16:33:56.7572760Z SwiftExplicitDependencyGeneratePcm arm64 /Users/runner/Library/Developer/Xcode/DerivedData/ModuleCache.noindex/_DarwinFoundation1-ANGWZ3QPJMCIIRYDIFF6F0A2Q.pcm
iOS simulator compile	Compile for iOS Simulator	2026-09-05T16:33:56.7591060Z 
iOS simulator compile	Compile for iOS Simulator	2026-09-05T16:33:56.7707470Z SwiftExplicitDependencyGeneratePcm x86_64 /Users/runner/Library/Developer/Xcode/DerivedData/ModuleCache.noindex/_Builtin_limits-18GUEO9RKINX2BEVUWBWI25LL.pcm
iOS simulator compile	Compile for iOS Simulator	2026-09-05T16:33:56.8043270Z 
iOS simulator compile	Compile for iOS Simulator	2026-09-05T16:33:56.8085250Z SwiftExplicitDependencyGeneratePcm x86_64 /Users/runner/Library/Developer/Xcode/DerivedData/ModuleCache.noindex/_DarwinFoundation2-4CY0F69XKJJJR97KR1OAOG62W.pcm
iOS simulator compile	Compile for iOS Simulator	2026-09-05T16:33:56.8719280Z 
iOS simulator compile	Compile for iOS Simulator	2026-09-05T16:33:56.8823640Z SwiftExplicitDependencyGeneratePcm arm64 /Users/runner/Library/Developer/Xcode/DerivedData/ModuleCache.noindex/_Builtin_limits-AV62CHGU5T6PIMK4ZV6R4N1WH.pcm
iOS simulator compile	Compile for iOS Simulator	2026-09-05T16:33:56.8925220Z 
iOS simulator compile	Compile for iOS Simulator	2026-09-05T16:33:56.9034750Z SwiftExplicitDependencyGeneratePcm arm64 /Users/runner/Library/Developer/Xcode/DerivedData/ModuleCache.noindex/_DarwinFoundation2-30EAKIEMLPFIAZ2LNB2G4ILWF.pcm
iOS simulator compile	Compile for iOS Simulator	2026-09-05T16:33:56.9135630Z 
iOS simulator compile	Compile for iOS Simulator	2026-09-05T16:33:56.9248740Z SwiftExplicitDependencyGeneratePcm x86_64 /Users/runner/Library/Developer/Xcode/DerivedData/ModuleCache.noindex/_Builtin_tgmath-AW85S8D1L6TJFKR21487SV7LQ.pcm
iOS simulator compile	Compile for iOS Simulator	2026-09-05T16:33:56.9352830Z 
iOS simulator compile	Compile for iOS Simulator	2026-09-05T16:33:56.9378470Z SwiftExplicitDependencyGeneratePcm x86_64 /Users/runner/Library/Developer/Xcode/DerivedData/ModuleCache.noindex/_Builtin_stdint-7A5X8JRCC3J5JUJJSVHXQY1OG.pcm
iOS simulator compile	Compile for iOS Simulator	2026-09-05T16:33:56.9503130Z 
iOS simulator compile	Compile for iOS Simulator	2026-09-05T16:33:56.9618850Z SwiftExplicitDependencyGeneratePcm x86_64 /Users/runner/Library/Developer/Xcode/DerivedData/ModuleCache.noindex/sys_types-8CUB5ECWMSE623GF88LMHT7K4.pcm
iOS simulator compile	Compile for iOS Simulator	2026-09-05T16:33:56.9763930Z 
iOS simulator compile	Compile for iOS Simulator	2026-09-05T16:33:56.9869780Z SwiftExplicitDependencyGeneratePcm arm64 /Users/runner/Library/Developer/Xcode/DerivedData/ModuleCache.noindex/sys_types-3WFJB1QNQT9HFLHJI0FG7PKCY.pcm
iOS simulator compile	Compile for iOS Simulator	2026-09-05T16:33:56.9928350Z 
iOS simulator compile	Compile for iOS Simulator	2026-09-05T16:33:57.0040650Z SwiftExplicitDependencyGeneratePcm arm64 /Users/runner/Library/Developer/Xcode/DerivedData/ModuleCache.noindex/_Builtin_tgmath-BJVZJINKJNFRZCMY9V2E2E98U.pcm
iOS simulator compile	Compile for iOS Simulator	2026-09-05T16:33:57.0167610Z 
iOS simulator compile	Compile for iOS Simulator	2026-09-05T16:33:57.0293620Z SwiftExplicitDependencyGeneratePcm x86_64 /Users/runner/Library/Developer/Xcode/DerivedData/ModuleCache.noindex/_DarwinFoundation3-87B9R7V06QGDNFA7D4P9H3H78.pcm
iOS simulator compile	Compile for iOS Simulator	2026-09-05T16:33:57.1340270Z 
iOS simulator compile	Compile for iOS Simulator	2026-09-05T16:33:57.1449570Z SwiftExplicitDependencyGeneratePcm arm64 /Users/runner/Library/Developer/Xcode/DerivedData/ModuleCache.noindex/_Builtin_stdint-A50XLKTB75Q7HJSX20NLCDUCC.pcm
iOS simulator compile	Compile for iOS Simulator	2026-09-05T16:33:57.1573690Z 
iOS simulator compile	Compile for iOS Simulator	2026-09-05T16:33:57.1679930Z SwiftExplicitDependencyGeneratePcm x86_64 /Users/runner/Library/Developer/Xcode/DerivedData/ModuleCache.noindex/_Builtin_stdatomic-P1QAACCKPJ3XWHDEQVE8R59Y.pcm
iOS simulator compile	Compile for iOS Simulator	2026-09-05T16:33:57.1781800Z 
iOS simulator compile	Compile for iOS Simulator	2026-09-05T16:33:57.1890760Z SwiftExplicitDependencyGeneratePcm arm64 /Users/runner/Library/Developer/Xcode/DerivedData/ModuleCache.noindex/_Builtin_stdatomic-8PHN86WU604AYPILVOIQTNR65.pcm
iOS simulator compile	Compile for iOS Simulator	2026-09-05T16:33:57.1994210Z 
iOS simulator compile	Compile for iOS Simulator	2026-09-05T16:33:57.2110700Z SwiftExplicitDependencyGeneratePcm arm64 /Users/runner/Library/Developer/Xcode/DerivedData/ModuleCache.noindex/_DarwinFoundation3-6DD217POB8BARVOV9UQ89H754.pcm
iOS simulator compile	Compile for iOS Simulator	2026-09-05T16:33:57.2587130Z 
iOS simulator compile	Compile for iOS Simulator	2026-09-05T16:33:57.2700800Z SwiftExplicitDependencyGeneratePcm arm64 /Users/runner/Library/Developer/Xcode/DerivedData/ModuleCache.noindex/_Builtin_intrinsics-4KGL842L7V5UUL5DB22ZU9HDA.pcm
iOS simulator compile	Compile for iOS Simulator	2026-09-05T16:33:57.4567670Z 
iOS simulator compile	Compile for iOS Simulator	2026-09-05T16:33:57.4681720Z SwiftExplicitDependencyGeneratePcm x86_64 /Users/runner/Library/Developer/Xcode/DerivedData/ModuleCache.noindex/_Builtin_inttypes-EQMHUEBPFIWMF1G4MAGN9PAG0.pcm
iOS simulator compile	Compile for iOS Simulator	2026-09-05T16:33:57.4786600Z 
iOS simulator compile	Compile for iOS Simulator	2026-09-05T16:33:57.4894900Z SwiftExplicitDependencyGeneratePcm x86_64 /Users/runner/Library/Developer/Xcode/DerivedData/ModuleCache.noindex/_Builtin_intrinsics-44JSFAMSY2FC7CW1B4K3XV8T9.pcm
iOS simulator compile	Compile for iOS Simulator	2026-09-05T16:33:57.7217780Z 
iOS simulator compile	Compile for iOS Simulator	2026-09-05T16:33:57.7387010Z SwiftExplicitDependencyGeneratePcm x86_64 /Users/runner/Library/Developer/Xcode/DerivedData/ModuleCache.noindex/Darwin-AYUBA0TZ8YIT72I0TDW1CKCEW.pcm
iOS simulator compile	Compile for iOS Simulator	2026-09-05T16:33:57.7388600Z 
iOS simulator compile	Compile for iOS Simulator	2026-09-05T16:33:57.7490240Z SwiftExplicitDependencyGeneratePcm arm64 /Users/runner/Library/Developer/Xcode/DerivedData/ModuleCache.noindex/_Builtin_inttypes-73EZH83H58MM24JFLUTCF3XBR.pcm
iOS simulator compile	Compile for iOS Simulator	2026-09-05T16:33:57.7591720Z 
iOS simulator compile	Compile for iOS Simulator	2026-09-05T16:33:57.7694930Z SwiftExplicitDependencyGeneratePcm arm64 /Users/runner/Library/Developer/Xcode/DerivedData/ModuleCache.noindex/simd-8GVFQ6R6BWGAURRZG38Y8OE1A.pcm
iOS simulator compile	Compile for iOS Simulator	2026-09-05T16:33:58.1458380Z 
iOS simulator compile	Compile for iOS Simulator	2026-09-05T16:33:58.1560560Z SwiftExplicitDependencyGeneratePcm arm64 /Users/runner/Library/Developer/Xcode/DerivedData/ModuleCache.noindex/Darwin-APF3C2ZN9FXR10PA1SRA3PO98.pcm
iOS simulator compile	Compile for iOS Simulator	2026-09-05T16:33:58.1664480Z 
iOS simulator compile	Compile for iOS Simulator	2026-09-05T16:33:58.1782180Z SwiftExplicitDependencyGeneratePcm x86_64 /Users/runner/Library/Developer/Xcode/DerivedData/ModuleCache.noindex/MachO-7PGCFQ822XQPB0R0L9H1JHQGW.pcm
iOS simulator compile	Compile for iOS Simulator	2026-09-05T16:33:58.1888610Z 
iOS simulator compile	Compile for iOS Simulator	2026-09-05T16:33:58.2008850Z SwiftExplicitDependencyGeneratePcm x86_64 /Users/runner/Library/Developer/Xcode/DerivedData/ModuleCache.noindex/simd-4IARXSJ6SMY3LPH7E2WP7V2L4.pcm
iOS simulator compile	Compile for iOS Simulator	2026-09-05T16:33:58.4324000Z 
iOS simulator compile	Compile for iOS Simulator	2026-09-05T16:33:58.4425900Z SwiftExplicitDependencyGeneratePcm x86_64 /Users/runner/Library/Developer/Xcode/DerivedData/ModuleCache.noindex/ObjectiveC-3O3IF0PYMFNKBJYAMURB8C1F7.pcm
iOS simulator compile	Compile for iOS Simulator	2026-09-05T16:33:58.4529110Z 
iOS simulator compile	Compile for iOS Simulator	2026-09-05T16:33:58.4632570Z SwiftExplicitDependencyGeneratePcm arm64 /Users/runner/Library/Developer/Xcode/DerivedData/ModuleCache.noindex/ObjectiveC-B802B6QK4BJJ63CGILBWI02OB.pcm
iOS simulator compile	Compile for iOS Simulator	2026-09-05T16:33:58.4812530Z 
iOS simulator compile	Compile for iOS Simulator	2026-09-05T16:33:58.4939460Z SwiftExplicitDependencyGeneratePcm arm64 /Users/runner/Library/Developer/Xcode/DerivedData/ModuleCache.noindex/MachO-EJV0RP6V75PXZFNOFMV7VU8RV.pcm
iOS simulator compile	Compile for iOS Simulator	2026-09-05T16:33:58.4940190Z 
iOS simulator compile	Compile for iOS Simulator	2026-09-05T16:33:58.5042570Z SwiftExplicitDependencyGeneratePcm arm64 /Users/runner/Library/Developer/Xcode/DerivedData/ModuleCache.noindex/Spatial-C7MHDB01YPJTHLBLLIQ7CMENC.pcm
iOS simulator compile	Compile for iOS Simulator	2026-09-05T16:33:58.5143620Z 
iOS simulator compile	Compile for iOS Simulator	2026-09-05T16:33:58.5244990Z SwiftExplicitDependencyGeneratePcm arm64 /Users/runner/Library/Developer/Xcode/DerivedData/ModuleCache.noindex/os_object-AF02TD8G4ZEZ3GXQY1PH0FSNT.pcm
iOS simulator compile	Compile for iOS Simulator	2026-09-05T16:33:58.5346410Z 
iOS simulator compile	Compile for iOS Simulator	2026-09-05T16:33:58.5449890Z SwiftExplicitDependencyGeneratePcm x86_64 /Users/runner/Library/Developer/Xcode/DerivedData/ModuleCache.noindex/os_object-QKBKG1I83BCA7EQXQRKTZLIX.pcm
iOS simulator compile	Compile for iOS Simulator	2026-09-05T16:33:58.5552300Z 
iOS simulator compile	Compile for iOS Simulator	2026-09-05T16:33:58.5654470Z SwiftExplicitDependencyGeneratePcm arm64 /Users/runner/Library/Developer/Xcode/DerivedData/ModuleCache.noindex/os_workgroup-73NYE0NKG4RHX1UTM23RBIAWC.pcm
iOS simulator compile	Compile for iOS Simulator	2026-09-05T16:33:58.5761740Z 
iOS simulator compile	Compile for iOS Simulator	2026-09-05T16:33:58.5863360Z SwiftExplicitDependencyGeneratePcm x86_64 /Users/runner/Library/Developer/Xcode/DerivedData/ModuleCache.noindex/Spatial-DBHG1LZC5X3AKZANYX927P293.pcm
iOS simulator compile	Compile for iOS Simulator	2026-09-05T16:33:58.7494880Z 
iOS simulator compile	Compile for iOS Simulator	2026-09-05T16:33:58.7596510Z SwiftExplicitDependencyGeneratePcm x86_64 /Users/runner/Library/Developer/Xcode/DerivedData/ModuleCache.noindex/os_workgroup-3D7H17UWESG4UIJVKWDILAZTW.pcm
iOS simulator compile	Compile for iOS Simulator	2026-09-05T16:33:58.7697650Z 
iOS simulator compile	Compile for iOS Simulator	2026-09-05T16:33:58.7832100Z SwiftExplicitDependencyGeneratePcm arm64 /Users/runner/Library/Developer/Xcode/DerivedData/ModuleCache.noindex/Dispatch-3KN2919J4WK06BTC8UFCB42FN.pcm
iOS simulator compile	Compile for iOS Simulator	2026-09-05T16:33:58.7933660Z 
iOS simulator compile	Compile for iOS Simulator	2026-09-05T16:33:58.8035520Z SwiftExplicitDependencyGeneratePcm x86_64 /Users/runner/Library/Developer/Xcode/DerivedData/ModuleCache.noindex/Dispatch-1ZASPDOAFCNVOJMS2IX9W9XZZ.pcm
iOS simulator compile	Compile for iOS Simulator	2026-09-05T16:33:58.8137140Z 
iOS simulator compile	Compile for iOS Simulator	2026-09-05T16:33:58.8238780Z SwiftExplicitDependencyGeneratePcm arm64 /Users/runner/Library/Developer/Xcode/DerivedData/ModuleCache.noindex/XPC-55NK3COZI48F3N2K2V8KFWCC1.pcm
iOS simulator compile	Compile for iOS Simulator	2026-09-05T16:33:58.8340000Z 
iOS simulator compile	Compile for iOS Simulator	2026-09-05T16:33:58.8442010Z SwiftExplicitDependencyGeneratePcm arm64 /Users/runner/Library/Developer/Xcode/DerivedData/ModuleCache.noindex/CoreFoundation-8O1NNKID9BZPZI1HHDYA9QSN8.pcm
iOS simulator compile	Compile for iOS Simulator	2026-09-05T16:33:58.8542720Z 
iOS simulator compile	Compile for iOS Simulator	2026-09-05T16:33:58.8644290Z SwiftExplicitDependencyGeneratePcm x86_64 /Users/runner/Library/Developer/Xcode/DerivedData/ModuleCache.noindex/XPC-CZEQ6NIOH4JYN2AE2VU4BRZYH.pcm
iOS simulator compile	Compile for iOS Simulator	2026-09-05T16:33:58.8745730Z 
iOS simulator compile	Compile for iOS Simulator	2026-09-05T16:33:58.8848980Z SwiftExplicitDependencyGeneratePcm arm64 /Users/runner/Library/Developer/Xcode/DerivedData/ModuleCache.noindex/os-7HEU2P5Q9W31LMJ19ZXYYVXSS.pcm
iOS simulator compile	Compile for iOS Simulator	2026-09-05T16:33:58.8951360Z 
iOS simulator compile	Compile for iOS Simulator	2026-09-05T16:33:58.9054940Z SwiftExplicitDependencyGeneratePcm x86_64 /Users/runner/Library/Developer/Xcode/DerivedData/ModuleCache.noindex/dnssd-4PWGUHCPFJC2C7ERY3TTIAKB5.pcm
iOS simulator compile	Compile for iOS Simulator	2026-09-05T16:33:58.9157380Z 
iOS simulator compile	Compile for iOS Simulator	2026-09-05T16:33:58.9260930Z SwiftExplicitDependencyGeneratePcm arm64 /Users/runner/Library/Developer/Xcode/DerivedData/ModuleCache.noindex/CFNetwork-2GF6GF914KIFQ38MZKXVA3J7I.pcm
iOS simulator compile	Compile for iOS Simulator	2026-09-05T16:33:58.9359550Z 
iOS simulator compile	Compile for iOS Simulator	2026-09-05T16:33:58.9462820Z SwiftExplicitDependencyGeneratePcm arm64 /Users/runner/Library/Developer/Xcode/DerivedData/ModuleCache.noindex/CoreGraphics-BLKTZREZS9TJL5Y3Y0V3MUFRO.pcm
iOS simulator compile	Compile for iOS Simulator	2026-09-05T16:33:58.9670570Z 
iOS simulator compile	Compile for iOS Simulator	2026-09-05T16:33:58.9775910Z SwiftExplicitDependencyGeneratePcm x86_64 /Users/runner/Library/Developer/Xcode/DerivedData/ModuleCache.noindex/CoreFoundation-6YN29T0KG8NVPD9Q6NBXVGK70.pcm
iOS simulator compile	Compile for iOS Simulator	2026-09-05T16:33:59.0088340Z 
iOS simulator compile	Compile for iOS Simulator	2026-09-05T16:33:59.0190050Z SwiftExplicitDependencyGeneratePcm arm64 /Users/runner/Library/Developer/Xcode/DerivedData/ModuleCache.noindex/dnssd-ADI1EP21JY0T7XPB85BID4OJU.pcm
iOS simulator compile	Compile for iOS Simulator	2026-09-05T16:33:59.0317250Z 
iOS simulator compile	Compile for iOS Simulator	2026-09-05T16:33:59.0439110Z SwiftExplicitDependencyGeneratePcm arm64 /Users/runner/Library/Developer/Xcode/DerivedData/ModuleCache.noindex/Security-95EHSFZOAPJ358UFK25YA3AQD.pcm
iOS simulator compile	Compile for iOS Simulator	2026-09-05T16:33:59.0771760Z 
iOS simulator compile	Compile for iOS Simulator	2026-09-05T16:33:59.0873540Z SwiftExplicitDependencyGeneratePcm arm64 /Users/runner/Library/Developer/Xcode/DerivedData/ModuleCache.noindex/CoreText-4EBQHS853T98K6ZTQTFX16U9I.pcm
iOS simulator compile	Compile for iOS Simulator	2026-09-05T16:33:59.0978380Z 
iOS simulator compile	Compile for iOS Simulator	2026-09-05T16:33:59.1098930Z SwiftExplicitDependencyGeneratePcm arm64 /Users/runner/Library/Developer/Xcode/DerivedData/ModuleCache.noindex/ImageIO-1E2X9DD074CC95S3HN9D1IL5U.pcm
iOS simulator compile	Compile for iOS Simulator	2026-09-05T16:33:59.1202430Z 
iOS simulator compile	Compile for iOS Simulator	2026-09-05T16:33:59.1311420Z SwiftExplicitDependencyGeneratePcm x86_64 /Users/runner/Library/Developer/Xcode/DerivedData/ModuleCache.noindex/CFNetwork-EH47WOZ3S7C7GWX6JN0MX7DLX.pcm
iOS simulator compile	Compile for iOS Simulator	2026-09-05T16:33:59.1657900Z 
iOS simulator compile	Compile for iOS Simulator	2026-09-05T16:33:59.1760250Z SwiftExplicitDependencyGeneratePcm x86_64 /Users/runner/Library/Developer/Xcode/DerivedData/ModuleCache.noindex/Security-EKG1FJ9LCU1NMJLG1J9N7731J.pcm
iOS simulator compile	Compile for iOS Simulator	2026-09-05T16:33:59.2072300Z 
iOS simulator compile	Compile for iOS Simulator	2026-09-05T16:33:59.2174210Z SwiftExplicitDependencyGeneratePcm arm64 /Users/runner/Library/Developer/Xcode/DerivedData/ModuleCache.noindex/Foundation-1PTEE9RGH68MBUWZNWKWC193Z.pcm
iOS simulator compile	Compile for iOS Simulator	2026-09-05T16:33:59.5452960Z 
iOS simulator compile	Compile for iOS Simulator	2026-09-05T16:33:59.5578340Z SwiftExplicitDependencyGeneratePcm x86_64 /Users/runner/Library/Developer/Xcode/DerivedData/ModuleCache.noindex/CoreGraphics-70CVENL6RR77QB5ESL4WE5NV3.pcm
iOS simulator compile	Compile for iOS Simulator	2026-09-05T16:33:59.5699300Z 
iOS simulator compile	Compile for iOS Simulator	2026-09-05T16:33:59.5828840Z SwiftExplicitDependencyGeneratePcm x86_64 /Users/runner/Library/Developer/Xcode/DerivedData/ModuleCache.noindex/os-CSOGNA4VSQQETS7C6SEHT8MXZ.pcm
iOS simulator compile	Compile for iOS Simulator	2026-09-05T16:33:59.5940710Z 
iOS simulator compile	Compile for iOS Simulator	2026-09-05T16:33:59.6057350Z SwiftExplicitDependencyGeneratePcm x86_64 /Users/runner/Library/Developer/Xcode/DerivedData/ModuleCache.noindex/Foundation-ESY2KAEEFYPO2X4Q69DYH8B55.pcm
iOS simulator compile	Compile for iOS Simulator	2026-09-05T16:33:59.7065770Z 
iOS simulator compile	Compile for iOS Simulator	2026-09-05T16:33:59.7167640Z SwiftExplicitDependencyGeneratePcm x86_64 /Users/runner/Library/Developer/Xcode/DerivedData/ModuleCache.noindex/CoreText-D2DI3WWYJ89UN1NUUCKAC4M4O.pcm
iOS simulator compile	Compile for iOS Simulator	2026-09-05T16:33:59.7269320Z 
iOS simulator compile	Compile for iOS Simulator	2026-09-05T16:33:59.7371010Z SwiftExplicitDependencyGeneratePcm x86_64 /Users/runner/Library/Developer/Xcode/DerivedData/ModuleCache.noindex/ImageIO-2EGIVMQ9S0MZZJXVH3E02JJUF.pcm
iOS simulator compile	Compile for iOS Simulator	2026-09-05T16:33:59.7473150Z 
iOS simulator compile	Compile for iOS Simulator	2026-09-05T16:33:59.7577090Z SwiftExplicitDependencyGeneratePcm arm64 /Users/runner/Library/Developer/Xcode/DerivedData/ModuleCache.noindex/UserNotifications-7P7MEL69A4HM1XOO31HBWLEPC.pcm
iOS simulator compile	Compile for iOS Simulator	2026-09-05T16:33:59.7682980Z 
iOS simulator compile	Compile for iOS Simulator	2026-09-05T16:33:59.7787930Z SwiftExplicitDependencyGeneratePcm arm64 /Users/runner/Library/Developer/Xcode/DerivedData/ModuleCache.noindex/DataDetection-6SYUEZOG1HRAXQ176ZCACSYXQ.pcm
iOS simulator compile	Compile for iOS Simulator	2026-09-05T16:33:59.7887760Z 
iOS simulator compile	Compile for iOS Simulator	2026-09-05T16:33:59.7989520Z SwiftExplicitDependencyGeneratePcm arm64 /Users/runner/Library/Developer/Xcode/DerivedData/ModuleCache.noindex/UniformTypeIdentifiers-47LTBOG29G6NM2EM2NGT5R1T6.pcm
iOS simulator compile	Compile for iOS Simulator	2026-09-05T16:33:59.8291410Z 
iOS simulator compile	Compile for iOS Simulator	2026-09-05T16:33:59.8394580Z SwiftExplicitDependencyGeneratePcm arm64 /Users/runner/Library/Developer/Xcode/DerivedData/ModuleCache.noindex/CoreData-8LDZC0X103VE8R8OBZTLG3OUC.pcm
iOS simulator compile	Compile for iOS Simulator	2026-09-05T16:33:59.9511500Z 
iOS simulator compile	Compile for iOS Simulator	2026-09-05T16:33:59.9613000Z SwiftExplicitDependencyGeneratePcm arm64 /Users/runner/Library/Developer/Xcode/DerivedData/ModuleCache.noindex/UIUtilities-DXFEK0IECSX8PAMNU2S9G0GGX.pcm
iOS simulator compile	Compile for iOS Simulator	2026-09-05T16:33:59.9714020Z 
iOS simulator compile	Compile for iOS Simulator	2026-09-05T16:33:59.9829820Z SwiftExplicitDependencyGeneratePcm x86_64 /Users/runner/Library/Developer/Xcode/DerivedData/ModuleCache.noindex/OpenGLES-2OJ75NWPVE8F95E4MEJLKC4X4.pcm
iOS simulator compile	Compile for iOS Simulator	2026-09-05T16:33:59.9931370Z 
iOS simulator compile	Compile for iOS Simulator	2026-09-05T16:34:00.0033260Z SwiftExplicitDependencyGeneratePcm x86_64 /Users/runner/Library/Developer/Xcode/DerivedData/ModuleCache.noindex/Network-D98U118HGJ0BXGAKIEVHAF1CQ.pcm
iOS simulator compile	Compile for iOS Simulator	2026-09-05T16:34:00.0134550Z 
iOS simulator compile	Compile for iOS Simulator	2026-09-05T16:34:00.0238720Z SwiftExplicitDependencyGeneratePcm x86_64 /Users/runner/Library/Developer/Xcode/DerivedData/ModuleCache.noindex/CoreData-AFWTX83G7HFRXS673JYS1LKRB.pcm
iOS simulator compile	Compile for iOS Simulator	2026-09-05T16:34:00.1991130Z 
iOS simulator compile	Compile for iOS Simulator	2026-09-05T16:34:00.2098410Z SwiftExplicitDependencyGeneratePcm x86_64 /Users/runner/Library/Developer/Xcode/DerivedData/ModuleCache.noindex/IOSurface-E7YQOH5U3PPLGADYBT53J3SWG.pcm
iOS simulator compile	Compile for iOS Simulator	2026-09-05T16:34:00.2198760Z 
iOS simulator compile	Compile for iOS Simulator	2026-09-05T16:34:00.2300620Z SwiftExplicitDependencyGeneratePcm x86_64 /Users/runner/Library/Developer/Xcode/DerivedData/ModuleCache.noindex/FileProvider-7NOMLBB93UL0JVDU6BC6HZJHY.pcm
iOS simulator compile	Compile for iOS Simulator	2026-09-05T16:34:00.2401480Z 
iOS simulator compile	Compile for iOS Simulator	2026-09-05T16:34:00.2504660Z SwiftExplicitDependencyGeneratePcm x86_64 /Users/runner/Library/Developer/Xcode/DerivedData/ModuleCache.noindex/UIUtilities-8HVPDUXSG6Y8DQFEZ5QQ2BSJP.pcm
iOS simulator compile	Compile for iOS Simulator	2026-09-05T16:34:00.2602950Z 
iOS simulator compile	Compile for iOS Simulator	2026-09-05T16:34:00.2706430Z SwiftExplicitDependencyGeneratePcm x86_64 /Users/runner/Library/Developer/Xcode/DerivedData/ModuleCache.noindex/CoreTransferable-3F6SX81N75IV2BJBW5HJBLOG5.pcm
iOS simulator compile	Compile for iOS Simulator	2026-09-05T16:34:00.2804780Z 
iOS simulator compile	Compile for iOS Simulator	2026-09-05T16:34:00.2908320Z SwiftExplicitDependencyGeneratePcm x86_64 /Users/runner/Library/Developer/Xcode/DerivedData/ModuleCache.noindex/Metal-6F4RTKFK9N7WJCNL2QGSE1L1Q.pcm
iOS simulator compile	Compile for iOS Simulator	2026-09-05T16:34:00.5802740Z 
iOS simulator compile	Compile for iOS Simulator	2026-09-05T16:34:00.5928430Z SwiftExplicitDependencyGeneratePcm arm64 /Users/runner/Library/Developer/Xcode/DerivedData/ModuleCache.noindex/CoreTransferable-ATYR50YZ8UXEMVZ0C414V2ATZ.pcm
iOS simulator compile	Compile for iOS Simulator	2026-09-05T16:34:00.6056560Z 
iOS simulator compile	Compile for iOS Simulator	2026-09-05T16:34:00.6183020Z SwiftExplicitDependencyGeneratePcm x86_64 /Users/runner/Library/Developer/Xcode/DerivedData/ModuleCache.noindex/Symbols-DQ6JNDWUOVE89G0YXMYNMKUQ2.pcm
iOS simulator compile	Compile for iOS Simulator	2026-09-05T16:34:00.6300290Z 
iOS simulator compile	Compile for iOS Simulator	2026-09-05T16:34:00.6421350Z SwiftExplicitDependencyGeneratePcm arm64 /Users/runner/Library/Developer/Xcode/DerivedData/ModuleCache.noindex/Accessibility-6RYZQOEO1N4UXHKDPKMT1D45A.pcm
iOS simulator compile	Compile for iOS Simulator	2026-09-05T16:34:00.6550670Z 
iOS simulator compile	Compile for iOS Simulator	2026-09-05T16:34:00.6679950Z SwiftExplicitDependencyGeneratePcm arm64 /Users/runner/Library/Developer/Xcode/DerivedData/ModuleCache.noindex/OSLog-JELT6ZLAXSAQA917ROMIQAQD.pcm
iOS simulator compile	Compile for iOS Simulator	2026-09-05T16:34:00.6814480Z 
iOS simulator compile	Compile for iOS Simulator	2026-09-05T16:34:00.6915940Z SwiftExplicitDependencyGeneratePcm arm64 /Users/runner/Library/Developer/Xcode/DerivedData/ModuleCache.noindex/FileProvider-EV22JPVA1HLL2AQ1VKDPT5ACG.pcm
iOS simulator compile	Compile for iOS Simulator	2026-09-05T16:34:00.7015990Z 
iOS simulator compile	Compile for iOS Simulator	2026-09-05T16:34:00.7117780Z SwiftExplicitDependencyGeneratePcm x86_64 /Users/runner/Library/Developer/Xcode/DerivedData/ModuleCache.noindex/UserNotifications-3TUU4QNPOS633T6WQIZN6USFT.pcm
iOS simulator compile	Compile for iOS Simulator	2026-09-05T16:34:00.7217970Z 
iOS simulator compile	Compile for iOS Simulator	2026-09-05T16:34:00.7319690Z SwiftExplicitDependencyGeneratePcm arm64 /Users/runner/Library/Developer/Xcode/DerivedData/ModuleCache.noindex/IOSurface-97KA04QGQHV850AXUA05LMB58.pcm
iOS simulator compile	Compile for iOS Simulator	2026-09-05T16:34:00.7419120Z 
iOS simulator compile	Compile for iOS Simulator	2026-09-05T16:34:00.7520770Z SwiftExplicitDependencyGeneratePcm arm64 /Users/runner/Library/Developer/Xcode/DerivedData/ModuleCache.noindex/OpenGLES-4NKEV3L6CLUARBBYKZS70K8V.pcm
iOS simulator compile	Compile for iOS Simulator	2026-09-05T16:34:00.7620630Z 
iOS simulator compile	Compile for iOS Simulator	2026-09-05T16:34:00.7722350Z SwiftExplicitDependencyGeneratePcm x86_64 /Users/runner/Library/Developer/Xcode/DerivedData/ModuleCache.noindex/UniformTypeIdentifiers-4V5BE1PPXMEYWW5KHFRD6G0UT.pcm
iOS simulator compile	Compile for iOS Simulator	2026-09-05T16:34:00.7822300Z 
iOS simulator compile	Compile for iOS Simulator	2026-09-05T16:34:00.7925780Z SwiftExplicitDependencyGeneratePcm arm64 /Users/runner/Library/Developer/Xcode/DerivedData/ModuleCache.noindex/Metal-CLJRFHE5G9CUUKBMXC13CSYDO.pcm
iOS simulator compile	Compile for iOS Simulator	2026-09-05T16:34:00.9436900Z 
iOS simulator compile	Compile for iOS Simulator	2026-09-05T16:34:00.9538370Z SwiftExplicitDependencyGeneratePcm x86_64 /Users/runner/Library/Developer/Xcode/DerivedData/ModuleCache.noindex/CoreVideo-9FR5O68YZAFEGZNM2GCV3OB8X.pcm
iOS simulator compile	Compile for iOS Simulator	2026-09-05T16:34:00.9640440Z 
iOS simulator compile	Compile for iOS Simulator	2026-09-05T16:34:00.9741770Z SwiftExplicitDependencyGeneratePcm arm64 /Users/runner/Library/Developer/Xcode/DerivedData/ModuleCache.noindex/Symbols-9GQ0YDSHLIVN04OWAYR6HDOHL.pcm
iOS simulator compile	Compile for iOS Simulator	2026-09-05T16:34:00.9842050Z 
iOS simulator compile	Compile for iOS Simulator	2026-09-05T16:34:00.9943940Z SwiftExplicitDependencyGeneratePcm x86_64 /Users/runner/Library/Developer/Xcode/DerivedData/ModuleCache.noindex/DataDetection-B7JC3NYB9T5LVJBB8HSGR4UDD.pcm
iOS simulator compile	Compile for iOS Simulator	2026-09-05T16:34:01.0044260Z 
iOS simulator compile	Compile for iOS Simulator	2026-09-05T16:34:01.0148780Z SwiftExplicitDependencyGeneratePcm x86_64 /Users/runner/Library/Developer/Xcode/DerivedData/ModuleCache.noindex/QuartzCore-4VYWPRYGW7LOLX2FIR42JMSJX.pcm
iOS simulator compile	Compile for iOS Simulator	2026-09-05T16:34:01.0149570Z 
iOS simulator compile	Compile for iOS Simulator	2026-09-05T16:34:01.0252200Z SwiftExplicitDependencyGeneratePcm x86_64 /Users/runner/Library/Developer/Xcode/DerivedData/ModuleCache.noindex/CoreImage-1QP1IRJKH4IQWUEWSMDL1BYA.pcm
iOS simulator compile	Compile for iOS Simulator	2026-09-05T16:34:01.0702560Z 
iOS simulator compile	Compile for iOS Simulator	2026-09-05T16:34:01.0805340Z SwiftExplicitDependencyGeneratePcm x86_64 /Users/runner/Library/Developer/Xcode/DerivedData/ModuleCache.noindex/Accessibility-D4N59F9ICM7C4V7WKZ47LFT4.pcm
iOS simulator compile	Compile for iOS Simulator	2026-09-05T16:34:01.0942770Z 
iOS simulator compile	Compile for iOS Simulator	2026-09-05T16:34:01.1047530Z SwiftExplicitDependencyGeneratePcm arm64 /Users/runner/Library/Developer/Xcode/DerivedData/ModuleCache.noindex/CoreVideo-4QFECY7SPZQ1AQJAIUXCZ4GFZ.pcm
iOS simulator compile	Compile for iOS Simulator	2026-09-05T16:34:01.1174170Z 
iOS simulator compile	Compile for iOS Simulator	2026-09-05T16:34:01.1303080Z SwiftExplicitDependencyGeneratePcm x86_64 /Users/runner/Library/Developer/Xcode/DerivedData/ModuleCache.noindex/SwiftUICore-EVAPEM8AR0SUSLVBR623C4XH0.pcm
iOS simulator compile	Compile for iOS Simulator	2026-09-05T16:34:01.1405650Z 
iOS simulator compile	Compile for iOS Simulator	2026-09-05T16:34:01.1508600Z SwiftExplicitDependencyGeneratePcm arm64 /Users/runner/Library/Developer/Xcode/DerivedData/ModuleCache.noindex/Network-3QROYKFIEUE3JVAFUBCFX7VVQ.pcm
iOS simulator compile	Compile for iOS Simulator	2026-09-05T16:34:01.1839030Z 
iOS simulator compile	Compile for iOS Simulator	2026-09-05T16:34:01.1967910Z SwiftExplicitDependencyGeneratePcm x86_64 /Users/runner/Library/Developer/Xcode/DerivedData/ModuleCache.noindex/UIKit-ESRQH9CONQ7QAQ4OTS4H9VXXI.pcm
iOS simulator compile	Compile for iOS Simulator	2026-09-05T16:34:01.9714690Z 
iOS simulator compile	Compile for iOS Simulator	2026-09-05T16:34:01.9830000Z SwiftExplicitDependencyGeneratePcm arm64 /Users/runner/Library/Developer/Xcode/DerivedData/ModuleCache.noindex/CoreImage-2XOWYSEH6N8WXT2PHC5R1THSB.pcm
iOS simulator compile	Compile for iOS Simulator	2026-09-05T16:34:01.9934550Z 
iOS simulator compile	Compile for iOS Simulator	2026-09-05T16:34:02.0036040Z SwiftExplicitDependencyGeneratePcm arm64 /Users/runner/Library/Developer/Xcode/DerivedData/ModuleCache.noindex/QuartzCore-66AHQ13MM6PSTBWUZAIY7XCW9.pcm
iOS simulator compile	Compile for iOS Simulator	2026-09-05T16:34:02.0155010Z 
iOS simulator compile	Compile for iOS Simulator	2026-09-05T16:34:02.0274770Z SwiftExplicitDependencyGeneratePcm x86_64 /Users/runner/Library/Developer/Xcode/DerivedData/ModuleCache.noindex/OSLog-1HRW84YGA0B6U6Q2M0W2J6XDN.pcm
iOS simulator compile	Compile for iOS Simulator	2026-09-05T16:34:02.0383570Z 
iOS simulator compile	Compile for iOS Simulator	2026-09-05T16:34:02.0492800Z SwiftExplicitDependencyGeneratePcm arm64 /Users/runner/Library/Developer/Xcode/DerivedData/ModuleCache.noindex/SwiftUICore-4XCD93VCTZTA0381JBAMF03NF.pcm
iOS simulator compile	Compile for iOS Simulator	2026-09-05T16:34:02.0609420Z 
iOS simulator compile	Compile for iOS Simulator	2026-09-05T16:34:02.0713900Z SwiftExplicitDependencyGeneratePcm arm64 /Users/runner/Library/Developer/Xcode/DerivedData/ModuleCache.noindex/UIKit-CVDQ4ZFZ3C09E3QHZA1IQWWUB.pcm
iOS simulator compile	Compile for iOS Simulator	2026-09-05T16:34:02.1737420Z 
iOS simulator compile	Compile for iOS Simulator	2026-09-05T16:34:02.1780540Z SwiftExplicitDependencyGeneratePcm x86_64 /Users/runner/Library/Developer/Xcode/DerivedData/ModuleCache.noindex/WebKit-8SDRTVPHSV6V4FD93ZM1EYLAP.pcm
iOS simulator compile	Compile for iOS Simulator	2026-09-05T16:34:02.1781650Z 
iOS simulator compile	Compile for iOS Simulator	2026-09-05T16:34:02.1783660Z SwiftExplicitDependencyGeneratePcm x86_64 /Users/runner/Library/Developer/Xcode/DerivedData/ModuleCache.noindex/SwiftUI-1L23XJ0HI83YT7SIYALMMW5PZ.pcm
iOS simulator compile	Compile for iOS Simulator	2026-09-05T16:34:02.1788110Z 
iOS simulator compile	Compile for iOS Simulator	2026-09-05T16:34:02.1788750Z SwiftEmitModule normal x86_64 Emitting\ module\ for\ PastelRTS (in target 'PastelRTS' from project 'PastelRTS')
iOS simulator compile	Compile for iOS Simulator	2026-09-05T16:34:02.1864990Z 
iOS simulator compile	Compile for iOS Simulator	2026-09-05T16:34:02.1867170Z EmitSwiftModule normal x86_64 (in target 'PastelRTS' from project 'PastelRTS')
iOS simulator compile	Compile for iOS Simulator	2026-09-05T16:34:02.1868050Z     cd /Users/runner/work/pastel-rts/pastel-rts/apps/ios-shell
iOS simulator compile	Compile for iOS Simulator	2026-09-05T16:34:02.1868790Z     
iOS simulator compile	Compile for iOS Simulator	2026-09-05T16:34:02.7281730Z 
iOS simulator compile	Compile for iOS Simulator	2026-09-05T16:34:02.7310560Z SwiftCompile normal x86_64 Compiling\ GameWebView.swift,\ NativeBridge.swift /Users/runner/work/pastel-rts/pastel-rts/apps/ios-shell/PastelRTS/GameWebView.swift /Users/runner/work/pastel-rts/pastel-rts/apps/ios-shell/PastelRTS/NativeBridge.swift (in target 'PastelRTS' from project 'PastelRTS')
iOS simulator compile	Compile for iOS Simulator	2026-09-05T16:34:02.7313050Z SwiftCompile normal x86_64 /Users/runner/work/pastel-rts/pastel-rts/apps/ios-shell/PastelRTS/GameWebView.swift (in target 'PastelRTS' from project 'PastelRTS')
iOS simulator compile	Compile for iOS Simulator	2026-09-05T16:34:02.7316630Z     cd /Users/runner/work/pastel-rts/pastel-rts/apps/ios-shell
iOS simulator compile	Compile for iOS Simulator	2026-09-05T16:34:02.7317000Z     
iOS simulator compile	Compile for iOS Simulator	2026-09-05T16:34:08.7417950Z 
iOS simulator compile	Compile for iOS Simulator	2026-09-05T16:34:08.7523390Z SwiftCompile normal x86_64 /Users/runner/work/pastel-rts/pastel-rts/apps/ios-shell/PastelRTS/NativeBridge.swift (in target 'PastelRTS' from project 'PastelRTS')
iOS simulator compile	Compile for iOS Simulator	2026-09-05T16:34:08.7626710Z     cd /Users/runner/work/pastel-rts/pastel-rts/apps/ios-shell
iOS simulator compile	Compile for iOS Simulator	2026-09-05T16:34:08.7726560Z     
iOS simulator compile	Compile for iOS Simulator	2026-09-05T16:34:08.7827880Z 
iOS simulator compile	Compile for iOS Simulator	2026-09-05T16:34:08.9647060Z SwiftCompile normal x86_64 Compiling\ ContentView.swift,\ DeveloperConfig.swift,\ DeveloperPanel.swift /Users/runner/work/pastel-rts/pastel-rts/apps/ios-shell/PastelRTS/ContentView.swift /Users/runner/work/pastel-rts/pastel-rts/apps/ios-shell/PastelRTS/DeveloperConfig.swift /Users/runner/work/pastel-rts/pastel-rts/apps/ios-shell/PastelRTS/DeveloperPanel.swift (in target 'PastelRTS' from project 'PastelRTS')
iOS simulator compile	Compile for iOS Simulator	2026-09-05T16:34:08.9744110Z 
iOS simulator compile	Compile for iOS Simulator	2026-09-05T16:34:08.9847830Z SwiftCompile normal x86_64 /Users/runner/work/pastel-rts/pastel-rts/apps/ios-shell/PastelRTS/ContentView.swift (in target 'PastelRTS' from project 'PastelRTS')
iOS simulator compile	Compile for iOS Simulator	2026-09-05T16:34:08.9952760Z     cd /Users/runner/work/pastel-rts/pastel-rts/apps/ios-shell
iOS simulator compile	Compile for iOS Simulator	2026-09-05T16:34:09.0053780Z     
iOS simulator compile	Compile for iOS Simulator	2026-09-05T16:34:09.0155530Z 
iOS simulator compile	Compile for iOS Simulator	2026-09-05T16:34:09.0256830Z SwiftCompile normal x86_64 /Users/runner/work/pastel-rts/pastel-rts/apps/ios-shell/PastelRTS/DeveloperConfig.swift (in target 'PastelRTS' from project 'PastelRTS')
iOS simulator compile	Compile for iOS Simulator	2026-09-05T16:34:09.0357930Z     cd /Users/runner/work/pastel-rts/pastel-rts/apps/ios-shell
iOS simulator compile	Compile for iOS Simulator	2026-09-05T16:34:09.0458760Z     
iOS simulator compile	Compile for iOS Simulator	2026-09-05T16:34:09.0559660Z 
iOS simulator compile	Compile for iOS Simulator	2026-09-05T16:34:09.0663020Z SwiftCompile normal x86_64 /Users/runner/work/pastel-rts/pastel-rts/apps/ios-shell/PastelRTS/DeveloperPanel.swift (in target 'PastelRTS' from project 'PastelRTS')
iOS simulator compile	Compile for iOS Simulator	2026-09-05T16:34:09.0762590Z     cd /Users/runner/work/pastel-rts/pastel-rts/apps/ios-shell
iOS simulator compile	Compile for iOS Simulator	2026-09-05T16:34:09.0865630Z     
iOS simulator compile	Compile for iOS Simulator	2026-09-05T16:34:09.0967220Z 
iOS simulator compile	Compile for iOS Simulator	2026-09-05T16:34:09.1070390Z SwiftExplicitDependencyGeneratePcm arm64 /Users/runner/Library/Developer/Xcode/DerivedData/ModuleCache.noindex/WebKit-CNPFIOQZVA6BCEZV06CB2DEWL.pcm
iOS simulator compile	Compile for iOS Simulator	2026-09-05T16:34:09.1202810Z 
iOS simulator compile	Compile for iOS Simulator	2026-09-05T16:34:09.1324800Z SwiftDriverJobDiscovery normal x86_64 Emitting module for PastelRTS (in target 'PastelRTS' from project 'PastelRTS')
iOS simulator compile	Compile for iOS Simulator	2026-09-05T16:34:09.1426650Z 
iOS simulator compile	Compile for iOS Simulator	2026-09-05T16:34:09.1529060Z SwiftDriver\ Compilation\ Requirements PastelRTS normal x86_64 com.apple.xcode.tools.swift.compiler (in target 'PastelRTS' from project 'PastelRTS')
iOS simulator compile	Compile for iOS Simulator	2026-09-05T16:34:09.1657900Z     cd /Users/runner/work/pastel-rts/pastel-rts/apps/ios-shell
iOS simulator compile	Compile for iOS Simulator	2026-09-05T16:34:09.1779780Z     builtin-Swift-Compilation-Requirements -- /Applications/Xcode_26.6.app/Contents/Developer/Toolchains/XcodeDefault.xctoolchain/usr/bin/swiftc -module-name PastelRTS -Onone @/Users/runner/Library/Developer/Xcode/DerivedData/PastelRTS-bnhetfgajalhxehbeatskrbzzzjp/Build/Intermediates.noindex/PastelRTS.build/Debug-iphonesimulator/PastelRTS.build/Objects-normal/x86_64/PastelRTS.SwiftFileList -DDEBUG -enable-bare-slash-regex -enable-experimental-feature DebugDescriptionMacro -sdk /Applications/Xcode_26.6.app/Contents/Developer/Platforms/iPhoneSimulator.platform/Developer/SDKs/iPhoneSimulator26.5.sdk -target x86_64-apple-ios17.0-simulator -g -module-cache-path /Users/runner/Library/Developer/Xcode/DerivedData/ModuleCache.noindex -Xfrontend -serialize-debugging-options -enable-testing -index-store-path /Users/runner/Library/Developer/Xcode/DerivedData/PastelRTS-bnhetfgajalhxehbeatskrbzzzjp/Index.noindex/DataStore -Xcc -D_LIBCPP_HARDENING_MODE\=_LIBCPP_HARDENING_MODE_DEBUG -swift-version 5 -I /Users/runner/Library/Developer/Xcode/DerivedData/PastelRTS-bnhetfgajalhxehbeatskrbzzzjp/Build/Products/Debug-iphonesimulator -F /Users/runner/Library/Developer/Xcode/DerivedData/PastelRTS-bnhetfgajalhxehbeatskrbzzzjp/Build/Products/Debug-iphonesimulator -c -j3 -enable-batch-mode -incremental -Xcc -ivfsstatcache -Xcc /Users/runner/Library/Developer/Xcode/DerivedData/SDKStatCaches.noindex/iphonesimulator26.5-23F81a-688ef53f1462e2c8f657fdc38a81448ff45c64a1807a658693f2a61704f17a36.sdkstatcache -output-file-map /Users/runner/Library/Developer/Xcode/DerivedData/PastelRTS-bnhetfgajalhxehbeatskrbzzzjp/Build/Intermediates.noindex/PastelRTS.build/Debug-iphonesimulator/PastelRTS.build/Objects-normal/x86_64/PastelRTS-OutputFileMap.json -use-frontend-parseable-output -save-temps -no-color-diagnostics -explicit-module-build -module-cache-path /Users/runner/Library/Developer/Xcode/DerivedData/PastelRTS-bnhetfgajalhxehbeatskrbzzzjp/Build/Intermediates.noindex/SwiftExplicitPrecompiledModules -clang-scanner-module-cache-path /Users/runner/Library/Developer/Xcode/DerivedData/ModuleCache.noindex -sdk-module-cache-path /Users/runner/Library/Developer/Xcode/DerivedData/ModuleCache.noindex -serialize-diagnostics -emit-dependencies -emit-module -emit-module-path /Users/runner/Library/Developer/Xcode/DerivedData/PastelRTS-bnhetfgajalhxehbeatskrbzzzjp/Build/Intermediates.noindex/PastelRTS.build/Debug-iphonesimulator/PastelRTS.build/Objects-normal/x86_64/PastelRTS.swiftmodule -validate-clang-modules-once -clang-build-session-file /Users/runner/Library/Developer/Xcode/DerivedData/ModuleCache.noindex/Session.modulevalidation -Xcc -I/Users/runner/Library/Developer/Xcode/DerivedData/PastelRTS-bnhetfgajalhxehbeatskrbzzzjp/Build/Intermediates.noindex/PastelRTS.build/Debug-iphonesimulator/PastelRTS.build/swift-overrides.hmap -emit-const-values -Xfrontend -const-gather-protocols-file -Xfrontend /Users/runner/Library/Developer/Xcode/DerivedData/PastelRTS-bnhetfgajalhxehbeatskrbzzzjp/Build/Intermediates.noindex/PastelRTS.build/Debug-iphonesimulator/PastelRTS.build/Objects-normal/x86_64/PastelRTS_const_extract_protocols.json -Xcc -iquote -Xcc /Users/runner/Library/Developer/Xcode/DerivedData/PastelRTS-bnhetfgajalhxehbeatskrbzzzjp/Build/Intermediates.noindex/PastelRTS.build/Debug-iphonesimulator/PastelRTS.build/PastelRTS-generated-files.hmap -Xcc -I/Users/runner/Library/Developer/Xcode/DerivedData/PastelRTS-bnhetfgajalhxehbeatskrbzzzjp/Build/Intermediates.noindex/PastelRTS.build/Debug-iphonesimulator/PastelRTS.build/PastelRTS-own-target-headers.hmap -Xcc -I/Users/runner/Library/Developer/Xcode/DerivedData/PastelRTS-bnhetfgajalhxehbeatskrbzzzjp/Build/Intermediates.noindex/PastelRTS.build/Debug-iphonesimulator/PastelRTS.build/PastelRTS-all-target-headers.hmap -Xcc -iquote -Xcc /Users/runner/Library/Developer/Xcode/DerivedData/PastelRTS-bnhetfgajalhxehbeatskrbzzzjp/Build/Intermediates.noindex/PastelRTS.build/Debug-iphonesimulator/PastelRTS.build/PastelRTS-project-headers.hmap -Xcc -I/Users/runner/Library/Developer/Xcode/DerivedData/PastelRTS-bnhetfgajalhxehbeatskrbzzzjp/Build/Products/Debug-iphonesimulator/include -Xcc -I/Users/runner/Library/Developer/Xcode/DerivedData/PastelRTS-bnhetfgajalhxehbeatskrbzzzjp/Build/Intermediates.noindex/PastelRTS.build/Debug-iphonesimulator/PastelRTS.build/DerivedSources-normal/x86_64 -Xcc -I/Users/runner/Library/Developer/Xcode/DerivedData/PastelRTS-bnhetfgajalhxehbeatskrbzzzjp/Build/Intermediates.noindex/PastelRTS.build/Debug-iphonesimulator/PastelRTS.build/DerivedSources/x86_64 -Xcc -I/Users/runner/Library/Developer/Xcode/DerivedData/PastelRTS-bnhetfgajalhxehbeatskrbzzzjp/Build/Intermediates.noindex/PastelRTS.build/Debug-iphonesimulator/PastelRTS.build/DerivedSources -Xcc -DDEBUG\=1 -emit-objc-header -emit-objc-header-path /Users/runner/Library/Developer/Xcode/DerivedData/PastelRTS-bnhetfgajalhxehbeatskrbzzzjp/Build/Intermediates.noindex/PastelRTS.build/Debug-iphonesimulator/PastelRTS.build/Objects-normal/x86_64/PastelRTS-Swift.h -working-directory /Users/runner/work/pastel-rts/pastel-rts/apps/ios-shell -experimental-emit-module-separately -disable-cmo
iOS simulator compile	Compile for iOS Simulator	2026-09-05T16:34:09.1879090Z 
iOS simulator compile	Compile for iOS Simulator	2026-09-05T16:34:09.2007090Z SwiftExplicitDependencyGeneratePcm arm64 /Users/runner/Library/Developer/Xcode/DerivedData/ModuleCache.noindex/SwiftUI-21HO5GXGWMPI9BSAIULZAIM08.pcm
iOS simulator compile	Compile for iOS Simulator	2026-09-05T16:34:09.2136210Z 
iOS simulator compile	Compile for iOS Simulator	2026-09-05T16:34:09.2139710Z Copy /Users/runner/Library/Developer/Xcode/DerivedData/PastelRTS-bnhetfgajalhxehbeatskrbzzzjp/Build/Products/Debug-iphonesimulator/PastelRTS.swiftmodule/x86_64-apple-ios-simulator.swiftmodule /Users/runner/Library/Developer/Xcode/DerivedData/PastelRTS-bnhetfgajalhxehbeatskrbzzzjp/Build/Intermediates.noindex/PastelRTS.build/Debug-iphonesimulator/PastelRTS.build/Objects-normal/x86_64/PastelRTS.swiftmodule (in target 'PastelRTS' from project 'PastelRTS')
iOS simulator compile	Compile for iOS Simulator	2026-09-05T16:34:09.2242410Z     cd /Users/runner/work/pastel-rts/pastel-rts/apps/ios-shell
iOS simulator compile	Compile for iOS Simulator	2026-09-05T16:34:09.2345730Z     builtin-copy -exclude .DS_Store -exclude CVS -exclude .svn -exclude .git -exclude .hg -resolve-src-symlinks -rename /Users/runner/Library/Developer/Xcode/DerivedData/PastelRTS-bnhetfgajalhxehbeatskrbzzzjp/Build/Intermediates.noindex/PastelRTS.build/Debug-iphonesimulator/PastelRTS.build/Objects-normal/x86_64/PastelRTS.swiftmodule /Users/runner/Library/Developer/Xcode/DerivedData/PastelRTS-bnhetfgajalhxehbeatskrbzzzjp/Build/Products/Debug-iphonesimulator/PastelRTS.swiftmodule/x86_64-apple-ios-simulator.swiftmodule
iOS simulator compile	Compile for iOS Simulator	2026-09-05T16:34:09.2448170Z 
iOS simulator compile	Compile for iOS Simulator	2026-09-05T16:34:09.2551070Z Copy /Users/runner/Library/Developer/Xcode/DerivedData/PastelRTS-bnhetfgajalhxehbeatskrbzzzjp/Build/Products/Debug-iphonesimulator/PastelRTS.swiftmodule/x86_64-apple-ios-simulator.swiftdoc /Users/runner/Library/Developer/Xcode/DerivedData/PastelRTS-bnhetfgajalhxehbeatskrbzzzjp/Build/Intermediates.noindex/PastelRTS.build/Debug-iphonesimulator/PastelRTS.build/Objects-normal/x86_64/PastelRTS.swiftdoc (in target 'PastelRTS' from project 'PastelRTS')
iOS simulator compile	Compile for iOS Simulator	2026-09-05T16:34:09.2654720Z     cd /Users/runner/work/pastel-rts/pastel-rts/apps/ios-shell
iOS simulator compile	Compile for iOS Simulator	2026-09-05T16:34:09.2763270Z     builtin-copy -exclude .DS_Store -exclude CVS -exclude .svn -exclude .git -exclude .hg -resolve-src-symlinks -rename /Users/runner/Library/Developer/Xcode/DerivedData/PastelRTS-bnhetfgajalhxehbeatskrbzzzjp/Build/Intermediates.noindex/PastelRTS.build/Debug-iphonesimulator/PastelRTS.build/Objects-normal/x86_64/PastelRTS.swiftdoc /Users/runner/Library/Developer/Xcode/DerivedData/PastelRTS-bnhetfgajalhxehbeatskrbzzzjp/Build/Products/Debug-iphonesimulator/PastelRTS.swiftmodule/x86_64-apple-ios-simulator.swiftdoc
iOS simulator compile	Compile for iOS Simulator	2026-09-05T16:34:09.2868940Z 
iOS simulator compile	Compile for iOS Simulator	2026-09-05T16:34:09.2971990Z Copy /Users/runner/Library/Developer/Xcode/DerivedData/PastelRTS-bnhetfgajalhxehbeatskrbzzzjp/Build/Products/Debug-iphonesimulator/PastelRTS.swiftmodule/x86_64-apple-ios-simulator.abi.json /Users/runner/Library/Developer/Xcode/DerivedData/PastelRTS-bnhetfgajalhxehbeatskrbzzzjp/Build/Intermediates.noindex/PastelRTS.build/Debug-iphonesimulator/PastelRTS.build/Objects-normal/x86_64/PastelRTS.abi.json (in target 'PastelRTS' from project 'PastelRTS')
iOS simulator compile	Compile for iOS Simulator	2026-09-05T16:34:09.3075550Z     cd /Users/runner/work/pastel-rts/pastel-rts/apps/ios-shell
iOS simulator compile	Compile for iOS Simulator	2026-09-05T16:34:09.3183120Z     builtin-copy -exclude .DS_Store -exclude CVS -exclude .svn -exclude .git -exclude .hg -resolve-src-symlinks -rename /Users/runner/Library/Developer/Xcode/DerivedData/PastelRTS-bnhetfgajalhxehbeatskrbzzzjp/Build/Intermediates.noindex/PastelRTS.build/Debug-iphonesimulator/PastelRTS.build/Objects-normal/x86_64/PastelRTS.abi.json /Users/runner/Library/Developer/Xcode/DerivedData/PastelRTS-bnhetfgajalhxehbeatskrbzzzjp/Build/Products/Debug-iphonesimulator/PastelRTS.swiftmodule/x86_64-apple-ios-simulator.abi.json
iOS simulator compile	Compile for iOS Simulator	2026-09-05T16:34:09.3289930Z 
iOS simulator compile	Compile for iOS Simulator	2026-09-05T16:34:09.3397410Z Copy /Users/runner/Library/Developer/Xcode/DerivedData/PastelRTS-bnhetfgajalhxehbeatskrbzzzjp/Build/Products/Debug-iphonesimulator/PastelRTS.swiftmodule/Project/x86_64-apple-ios-simulator.swiftsourceinfo /Users/runner/Library/Developer/Xcode/DerivedData/PastelRTS-bnhetfgajalhxehbeatskrbzzzjp/Build/Intermediates.noindex/PastelRTS.build/Debug-iphonesimulator/PastelRTS.build/Objects-normal/x86_64/PastelRTS.swiftsourceinfo (in target 'PastelRTS' from project 'PastelRTS')
iOS simulator compile	Compile for iOS Simulator	2026-09-05T16:34:09.3503350Z     cd /Users/runner/work/pastel-rts/pastel-rts/apps/ios-shell
iOS simulator compile	Compile for iOS Simulator	2026-09-05T16:34:09.3607980Z     builtin-copy -exclude .DS_Store -exclude CVS -exclude .svn -exclude .git -exclude .hg -resolve-src-symlinks -rename /Users/runner/Library/Developer/Xcode/DerivedData/PastelRTS-bnhetfgajalhxehbeatskrbzzzjp/Build/Intermediates.noindex/PastelRTS.build/Debug-iphonesimulator/PastelRTS.build/Objects-normal/x86_64/PastelRTS.swiftsourceinfo /Users/runner/Library/Developer/Xcode/DerivedData/PastelRTS-bnhetfgajalhxehbeatskrbzzzjp/Build/Products/Debug-iphonesimulator/PastelRTS.swiftmodule/Project/x86_64-apple-ios-simulator.swiftsourceinfo
iOS simulator compile	Compile for iOS Simulator	2026-09-05T16:34:09.3651250Z 
iOS simulator compile	Compile for iOS Simulator	2026-09-05T16:34:09.3752690Z SwiftEmitModule normal arm64 Emitting\ module\ for\ PastelRTS (in target 'PastelRTS' from project 'PastelRTS')
iOS simulator compile	Compile for iOS Simulator	2026-09-05T16:34:09.3854060Z 
iOS simulator compile	Compile for iOS Simulator	2026-09-05T16:34:09.3955310Z EmitSwiftModule normal arm64 (in target 'PastelRTS' from project 'PastelRTS')
iOS simulator compile	Compile for iOS Simulator	2026-09-05T16:34:09.4057330Z     cd /Users/runner/work/pastel-rts/pastel-rts/apps/ios-shell
iOS simulator compile	Compile for iOS Simulator	2026-09-05T16:34:09.4159610Z     
iOS simulator compile	Compile for iOS Simulator	2026-09-05T16:34:09.4261080Z 
iOS simulator compile	Compile for iOS Simulator	2026-09-05T16:34:09.4364020Z SwiftCompile normal arm64 Compiling\ ContentView.swift,\ DeveloperConfig.swift,\ DeveloperPanel.swift /Users/runner/work/pastel-rts/pastel-rts/apps/ios-shell/PastelRTS/ContentView.swift /Users/runner/work/pastel-rts/pastel-rts/apps/ios-shell/PastelRTS/DeveloperConfig.swift /Users/runner/work/pastel-rts/pastel-rts/apps/ios-shell/PastelRTS/DeveloperPanel.swift (in target 'PastelRTS' from project 'PastelRTS')
iOS simulator compile	Compile for iOS Simulator	2026-09-05T16:34:09.4464780Z SwiftCompile normal arm64 /Users/runner/work/pastel-rts/pastel-rts/apps/ios-shell/PastelRTS/ContentView.swift (in target 'PastelRTS' from project 'PastelRTS')
iOS simulator compile	Compile for iOS Simulator	2026-09-05T16:34:09.4567490Z     cd /Users/runner/work/pastel-rts/pastel-rts/apps/ios-shell
iOS simulator compile	Compile for iOS Simulator	2026-09-05T16:34:09.4668560Z     
iOS simulator compile	Compile for iOS Simulator	2026-09-05T16:34:09.4771090Z 
iOS simulator compile	Compile for iOS Simulator	2026-09-05T16:34:09.4873460Z SwiftCompile normal arm64 /Users/runner/work/pastel-rts/pastel-rts/apps/ios-shell/PastelRTS/DeveloperConfig.swift (in target 'PastelRTS' from project 'PastelRTS')
iOS simulator compile	Compile for iOS Simulator	2026-09-05T16:34:09.4974410Z     cd /Users/runner/work/pastel-rts/pastel-rts/apps/ios-shell
iOS simulator compile	Compile for iOS Simulator	2026-09-05T16:34:09.5077350Z     
iOS simulator compile	Compile for iOS Simulator	2026-09-05T16:34:09.5176630Z 
iOS simulator compile	Compile for iOS Simulator	2026-09-05T16:34:09.5280630Z SwiftCompile normal arm64 /Users/runner/work/pastel-rts/pastel-rts/apps/ios-shell/PastelRTS/DeveloperPanel.swift (in target 'PastelRTS' from project 'PastelRTS')
iOS simulator compile	Compile for iOS Simulator	2026-09-05T16:34:09.5381870Z     cd /Users/runner/work/pastel-rts/pastel-rts/apps/ios-shell
iOS simulator compile	Compile for iOS Simulator	2026-09-05T16:34:09.5484070Z     
iOS simulator compile	Compile for iOS Simulator	2026-09-05T16:34:09.5585780Z 
iOS simulator compile	Compile for iOS Simulator	2026-09-05T16:34:09.5691240Z SwiftDriverJobDiscovery normal arm64 Emitting module for PastelRTS (in target 'PastelRTS' from project 'PastelRTS')
iOS simulator compile	Compile for iOS Simulator	2026-09-05T16:34:09.5790750Z 
iOS simulator compile	Compile for iOS Simulator	2026-09-05T16:34:09.5894450Z SwiftDriver\ Compilation\ Requirements PastelRTS normal arm64 com.apple.xcode.tools.swift.compiler (in target 'PastelRTS' from project 'PastelRTS')
iOS simulator compile	Compile for iOS Simulator	2026-09-05T16:34:09.6003640Z     cd /Users/runner/work/pastel-rts/pastel-rts/apps/ios-shell
iOS simulator compile	Compile for iOS Simulator	2026-09-05T16:34:09.6157990Z     builtin-Swift-Compilation-Requirements -- /Applications/Xcode_26.6.app/Contents/Developer/Toolchains/XcodeDefault.xctoolchain/usr/bin/swiftc -module-name PastelRTS -Onone @/Users/runner/Library/Developer/Xcode/DerivedData/PastelRTS-bnhetfgajalhxehbeatskrbzzzjp/Build/Intermediates.noindex/PastelRTS.build/Debug-iphonesimulator/PastelRTS.build/Objects-normal/arm64/PastelRTS.SwiftFileList -DDEBUG -enable-bare-slash-regex -enable-experimental-feature DebugDescriptionMacro -sdk /Applications/Xcode_26.6.app/Contents/Developer/Platforms/iPhoneSimulator.platform/Developer/SDKs/iPhoneSimulator26.5.sdk -target arm64-apple-ios17.0-simulator -g -module-cache-path /Users/runner/Library/Developer/Xcode/DerivedData/ModuleCache.noindex -Xfrontend -serialize-debugging-options -enable-testing -index-store-path /Users/runner/Library/Developer/Xcode/DerivedData/PastelRTS-bnhetfgajalhxehbeatskrbzzzjp/Index.noindex/DataStore -Xcc -D_LIBCPP_HARDENING_MODE\=_LIBCPP_HARDENING_MODE_DEBUG -swift-version 5 -I /Users/runner/Library/Developer/Xcode/DerivedData/PastelRTS-bnhetfgajalhxehbeatskrbzzzjp/Build/Products/Debug-iphonesimulator -F /Users/runner/Library/Developer/Xcode/DerivedData/PastelRTS-bnhetfgajalhxehbeatskrbzzzjp/Build/Products/Debug-iphonesimulator -c -j3 -enable-batch-mode -incremental -Xcc -ivfsstatcache -Xcc /Users/runner/Library/Developer/Xcode/DerivedData/SDKStatCaches.noindex/iphonesimulator26.5-23F81a-688ef53f1462e2c8f657fdc38a81448ff45c64a1807a658693f2a61704f17a36.sdkstatcache -output-file-map /Users/runner/Library/Developer/Xcode/DerivedData/PastelRTS-bnhetfgajalhxehbeatskrbzzzjp/Build/Intermediates.noindex/PastelRTS.build/Debug-iphonesimulator/PastelRTS.build/Objects-normal/arm64/PastelRTS-OutputFileMap.json -use-frontend-parseable-output -save-temps -no-color-diagnostics -explicit-module-build -module-cache-path /Users/runner/Library/Developer/Xcode/DerivedData/PastelRTS-bnhetfgajalhxehbeatskrbzzzjp/Build/Intermediates.noindex/SwiftExplicitPrecompiledModules -clang-scanner-module-cache-path /Users/runner/Library/Developer/Xcode/DerivedData/ModuleCache.noindex -sdk-module-cache-path /Users/runner/Library/Developer/Xcode/DerivedData/ModuleCache.noindex -serialize-diagnostics -emit-dependencies -emit-module -emit-module-path /Users/runner/Library/Developer/Xcode/DerivedData/PastelRTS-bnhetfgajalhxehbeatskrbzzzjp/Build/Intermediates.noindex/PastelRTS.build/Debug-iphonesimulator/PastelRTS.build/Objects-normal/arm64/PastelRTS.swiftmodule -validate-clang-modules-once -clang-build-session-file /Users/runner/Library/Developer/Xcode/DerivedData/ModuleCache.noindex/Session.modulevalidation -Xcc -I/Users/runner/Library/Developer/Xcode/DerivedData/PastelRTS-bnhetfgajalhxehbeatskrbzzzjp/Build/Intermediates.noindex/PastelRTS.build/Debug-iphonesimulator/PastelRTS.build/swift-overrides.hmap -emit-const-values -Xfrontend -const-gather-protocols-file -Xfrontend /Users/runner/Library/Developer/Xcode/DerivedData/PastelRTS-bnhetfgajalhxehbeatskrbzzzjp/Build/Intermediates.noindex/PastelRTS.build/Debug-iphonesimulator/PastelRTS.build/Objects-normal/arm64/PastelRTS_const_extract_protocols.json -Xcc -iquote -Xcc /Users/runner/Library/Developer/Xcode/DerivedData/PastelRTS-bnhetfgajalhxehbeatskrbzzzjp/Build/Intermediates.noindex/PastelRTS.build/Debug-iphonesimulator/PastelRTS.build/PastelRTS-generated-files.hmap -Xcc -I/Users/runner/Library/Developer/Xcode/DerivedData/PastelRTS-bnhetfgajalhxehbeatskrbzzzjp/Build/Intermediates.noindex/PastelRTS.build/Debug-iphonesimulator/PastelRTS.build/PastelRTS-own-target-headers.hmap -Xcc -I/Users/runner/Library/Developer/Xcode/DerivedData/PastelRTS-bnhetfgajalhxehbeatskrbzzzjp/Build/Intermediates.noindex/PastelRTS.build/Debug-iphonesimulator/PastelRTS.build/PastelRTS-all-target-headers.hmap -Xcc -iquote -Xcc /Users/runner/Library/Developer/Xcode/DerivedData/PastelRTS-bnhetfgajalhxehbeatskrbzzzjp/Build/Intermediates.noindex/PastelRTS.build/Debug-iphonesimulator/PastelRTS.build/PastelRTS-project-headers.hmap -Xcc -I/Users/runner/Library/Developer/Xcode/DerivedData/PastelRTS-bnhetfgajalhxehbeatskrbzzzjp/Build/Products/Debug-iphonesimulator/include -Xcc -I/Users/runner/Library/Developer/Xcode/DerivedData/PastelRTS-bnhetfgajalhxehbeatskrbzzzjp/Build/Intermediates.noindex/PastelRTS.build/Debug-iphonesimulator/PastelRTS.build/DerivedSources-normal/arm64 -Xcc -I/Users/runner/Library/Developer/Xcode/DerivedData/PastelRTS-bnhetfgajalhxehbeatskrbzzzjp/Build/Intermediates.noindex/PastelRTS.build/Debug-iphonesimulator/PastelRTS.build/DerivedSources/arm64 -Xcc -I/Users/runner/Library/Developer/Xcode/DerivedData/PastelRTS-bnhetfgajalhxehbeatskrbzzzjp/Build/Intermediates.noindex/PastelRTS.build/Debug-iphonesimulator/PastelRTS.build/DerivedSources -Xcc -DDEBUG\=1 -emit-objc-header -emit-objc-header-path /Users/runner/Library/Developer/Xcode/DerivedData/PastelRTS-bnhetfgajalhxehbeatskrbzzzjp/Build/Intermediates.noindex/PastelRTS.build/Debug-iphonesimulator/PastelRTS.build/Objects-normal/arm64/PastelRTS-Swift.h -working-directory /Users/runner/work/pastel-rts/pastel-rts/apps/ios-shell -experimental-emit-module-separately -disable-cmo
iOS simulator compile	Compile for iOS Simulator	2026-09-05T16:34:09.6203520Z 
iOS simulator compile	Compile for iOS Simulator	2026-09-05T16:34:09.6312930Z SwiftDriverJobDiscovery normal x86_64 Compiling ContentView.swift, DeveloperConfig.swift, DeveloperPanel.swift (in target 'PastelRTS' from project 'PastelRTS')
iOS simulator compile	Compile for iOS Simulator	2026-09-05T16:34:09.6415220Z 
iOS simulator compile	Compile for iOS Simulator	2026-09-05T16:34:09.6540120Z SwiftCompile normal arm64 Compiling\ PastelRTSApp.swift,\ PastelSchemeHandler.swift /Users/runner/work/pastel-rts/pastel-rts/apps/ios-shell/PastelRTS/PastelRTSApp.swift /Users/runner/work/pastel-rts/pastel-rts/apps/ios-shell/PastelRTS/PastelSchemeHandler.swift (in target 'PastelRTS' from project 'PastelRTS')
iOS simulator compile	Compile for iOS Simulator	2026-09-05T16:34:09.6661850Z SwiftCompile normal arm64 /Users/runner/work/pastel-rts/pastel-rts/apps/ios-shell/PastelRTS/PastelRTSApp.swift (in target 'PastelRTS' from project 'PastelRTS')
iOS simulator compile	Compile for iOS Simulator	2026-09-05T16:34:09.6812860Z     cd /Users/runner/work/pastel-rts/pastel-rts/apps/ios-shell
iOS simulator compile	Compile for iOS Simulator	2026-09-05T16:34:09.6948280Z     
iOS simulator compile	Compile for iOS Simulator	2026-09-05T16:34:10.2595280Z 
iOS simulator compile	Compile for iOS Simulator	2026-09-05T16:34:10.2597680Z SwiftCompile normal arm64 /Users/runner/work/pastel-rts/pastel-rts/apps/ios-shell/PastelRTS/PastelSchemeHandler.swift (in target 'PastelRTS' from project 'PastelRTS')
iOS simulator compile	Compile for iOS Simulator	2026-09-05T16:34:10.2598760Z     cd /Users/runner/work/pastel-rts/pastel-rts/apps/ios-shell
iOS simulator compile	Compile for iOS Simulator	2026-09-05T16:34:10.2599400Z     
iOS simulator compile	Compile for iOS Simulator	2026-09-05T16:34:10.2599770Z 
iOS simulator compile	Compile for iOS Simulator	2026-09-05T16:34:10.2942440Z SwiftMergeGeneratedHeaders /Users/runner/Library/Developer/Xcode/DerivedData/PastelRTS-bnhetfgajalhxehbeatskrbzzzjp/Build/Intermediates.noindex/PastelRTS.build/Debug-iphonesimulator/PastelRTS.build/DerivedSources/PastelRTS-Swift.h /Users/runner/Library/Developer/Xcode/DerivedData/PastelRTS-bnhetfgajalhxehbeatskrbzzzjp/Build/Intermediates.noindex/PastelRTS.build/Debug-iphonesimulator/PastelRTS.build/Objects-normal/arm64/PastelRTS-Swift.h /Users/runner/Library/Developer/Xcode/DerivedData/PastelRTS-bnhetfgajalhxehbeatskrbzzzjp/Build/Intermediates.noindex/PastelRTS.build/Debug-iphonesimulator/PastelRTS.build/Objects-normal/x86_64/PastelRTS-Swift.h (in target 'PastelRTS' from project 'PastelRTS')
iOS simulator compile	Compile for iOS Simulator	2026-09-05T16:34:10.2984540Z     cd /Users/runner/work/pastel-rts/pastel-rts/apps/ios-shell
iOS simulator compile	Compile for iOS Simulator	2026-09-05T16:34:10.2988030Z     builtin-swiftHeaderTool -arch arm64 /Users/runner/Library/Developer/Xcode/DerivedData/PastelRTS-bnhetfgajalhxehbeatskrbzzzjp/Build/Intermediates.noindex/PastelRTS.build/Debug-iphonesimulator/PastelRTS.build/Objects-normal/arm64/PastelRTS-Swift.h -arch x86_64 /Users/runner/Library/Developer/Xcode/DerivedData/PastelRTS-bnhetfgajalhxehbeatskrbzzzjp/Build/Intermediates.noindex/PastelRTS.build/Debug-iphonesimulator/PastelRTS.build/Objects-normal/x86_64/PastelRTS-Swift.h -o /Users/runner/Library/Developer/Xcode/DerivedData/PastelRTS-bnhetfgajalhxehbeatskrbzzzjp/Build/Intermediates.noindex/PastelRTS.build/Debug-iphonesimulator/PastelRTS.build/DerivedSources/PastelRTS-Swift.h
iOS simulator compile	Compile for iOS Simulator	2026-09-05T16:34:10.2990330Z 
iOS simulator compile	Compile for iOS Simulator	2026-09-05T16:34:10.2990950Z SwiftDriverJobDiscovery normal x86_64 Compiling GameWebView.swift, NativeBridge.swift (in target 'PastelRTS' from project 'PastelRTS')
iOS simulator compile	Compile for iOS Simulator	2026-09-05T16:34:10.2991550Z 
iOS simulator compile	Compile for iOS Simulator	2026-09-05T16:34:10.2993450Z Copy /Users/runner/Library/Developer/Xcode/DerivedData/PastelRTS-bnhetfgajalhxehbeatskrbzzzjp/Build/Products/Debug-iphonesimulator/PastelRTS.swiftmodule/arm64-apple-ios-simulator.swiftmodule /Users/runner/Library/Developer/Xcode/DerivedData/PastelRTS-bnhetfgajalhxehbeatskrbzzzjp/Build/Intermediates.noindex/PastelRTS.build/Debug-iphonesimulator/PastelRTS.build/Objects-normal/arm64/PastelRTS.swiftmodule (in target 'PastelRTS' from project 'PastelRTS')
iOS simulator compile	Compile for iOS Simulator	2026-09-05T16:34:10.2995510Z     cd /Users/runner/work/pastel-rts/pastel-rts/apps/ios-shell
iOS simulator compile	Compile for iOS Simulator	2026-09-05T16:34:10.2997820Z     builtin-copy -exclude .DS_Store -exclude CVS -exclude .svn -exclude .git -exclude .hg -resolve-src-symlinks -rename /Users/runner/Library/Developer/Xcode/DerivedData/PastelRTS-bnhetfgajalhxehbeatskrbzzzjp/Build/Intermediates.noindex/PastelRTS.build/Debug-iphonesimulator/PastelRTS.build/Objects-normal/arm64/PastelRTS.swiftmodule /Users/runner/Library/Developer/Xcode/DerivedData/PastelRTS-bnhetfgajalhxehbeatskrbzzzjp/Build/Products/Debug-iphonesimulator/PastelRTS.swiftmodule/arm64-apple-ios-simulator.swiftmodule
iOS simulator compile	Compile for iOS Simulator	2026-09-05T16:34:10.2999730Z 
iOS simulator compile	Compile for iOS Simulator	2026-09-05T16:34:10.3001650Z Copy /Users/runner/Library/Developer/Xcode/DerivedData/PastelRTS-bnhetfgajalhxehbeatskrbzzzjp/Build/Products/Debug-iphonesimulator/PastelRTS.swiftmodule/arm64-apple-ios-simulator.swiftdoc /Users/runner/Library/Developer/Xcode/DerivedData/PastelRTS-bnhetfgajalhxehbeatskrbzzzjp/Build/Intermediates.noindex/PastelRTS.build/Debug-iphonesimulator/PastelRTS.build/Objects-normal/arm64/PastelRTS.swiftdoc (in target 'PastelRTS' from project 'PastelRTS')
iOS simulator compile	Compile for iOS Simulator	2026-09-05T16:34:10.3003870Z     cd /Users/runner/work/pastel-rts/pastel-rts/apps/ios-shell
iOS simulator compile	Compile for iOS Simulator	2026-09-05T16:34:10.3006880Z     builtin-copy -exclude .DS_Store -exclude CVS -exclude .svn -exclude .git -exclude .hg -resolve-src-symlinks -rename /Users/runner/Library/Developer/Xcode/DerivedData/PastelRTS-bnhetfgajalhxehbeatskrbzzzjp/Build/Intermediates.noindex/PastelRTS.build/Debug-iphonesimulator/PastelRTS.build/Objects-normal/arm64/PastelRTS.swiftdoc /Users/runner/Library/Developer/Xcode/DerivedData/PastelRTS-bnhetfgajalhxehbeatskrbzzzjp/Build/Products/Debug-iphonesimulator/PastelRTS.swiftmodule/arm64-apple-ios-simulator.swiftdoc
iOS simulator compile	Compile for iOS Simulator	2026-09-05T16:34:10.3010240Z 
iOS simulator compile	Compile for iOS Simulator	2026-09-05T16:34:10.3012360Z Copy /Users/runner/Library/Developer/Xcode/DerivedData/PastelRTS-bnhetfgajalhxehbeatskrbzzzjp/Build/Products/Debug-iphonesimulator/PastelRTS.swiftmodule/arm64-apple-ios-simulator.abi.json /Users/runner/Library/Developer/Xcode/DerivedData/PastelRTS-bnhetfgajalhxehbeatskrbzzzjp/Build/Intermediates.noindex/PastelRTS.build/Debug-iphonesimulator/PastelRTS.build/Objects-normal/arm64/PastelRTS.abi.json (in target 'PastelRTS' from project 'PastelRTS')
iOS simulator compile	Compile for iOS Simulator	2026-09-05T16:34:10.3014170Z     cd /Users/runner/work/pastel-rts/pastel-rts/apps/ios-shell
iOS simulator compile	Compile for iOS Simulator	2026-09-05T16:34:10.3016670Z     builtin-copy -exclude .DS_Store -exclude CVS -exclude .svn -exclude .git -exclude .hg -resolve-src-symlinks -rename /Users/runner/Library/Developer/Xcode/DerivedData/PastelRTS-bnhetfgajalhxehbeatskrbzzzjp/Build/Intermediates.noindex/PastelRTS.build/Debug-iphonesimulator/PastelRTS.build/Objects-normal/arm64/PastelRTS.abi.json /Users/runner/Library/Developer/Xcode/DerivedData/PastelRTS-bnhetfgajalhxehbeatskrbzzzjp/Build/Products/Debug-iphonesimulator/PastelRTS.swiftmodule/arm64-apple-ios-simulator.abi.json
iOS simulator compile	Compile for iOS Simulator	2026-09-05T16:34:10.3018650Z 
iOS simulator compile	Compile for iOS Simulator	2026-09-05T16:34:10.3021060Z Copy /Users/runner/Library/Developer/Xcode/DerivedData/PastelRTS-bnhetfgajalhxehbeatskrbzzzjp/Build/Products/Debug-iphonesimulator/PastelRTS.swiftmodule/Project/arm64-apple-ios-simulator.swiftsourceinfo /Users/runner/Library/Developer/Xcode/DerivedData/PastelRTS-bnhetfgajalhxehbeatskrbzzzjp/Build/Intermediates.noindex/PastelRTS.build/Debug-iphonesimulator/PastelRTS.build/Objects-normal/arm64/PastelRTS.swiftsourceinfo (in target 'PastelRTS' from project 'PastelRTS')
iOS simulator compile	Compile for iOS Simulator	2026-09-05T16:34:10.3022960Z     cd /Users/runner/work/pastel-rts/pastel-rts/apps/ios-shell
iOS simulator compile	Compile for iOS Simulator	2026-09-05T16:34:10.3025350Z     builtin-copy -exclude .DS_Store -exclude CVS -exclude .svn -exclude .git -exclude .hg -resolve-src-symlinks -rename /Users/runner/Library/Developer/Xcode/DerivedData/PastelRTS-bnhetfgajalhxehbeatskrbzzzjp/Build/Intermediates.noindex/PastelRTS.build/Debug-iphonesimulator/PastelRTS.build/Objects-normal/arm64/PastelRTS.swiftsourceinfo /Users/runner/Library/Developer/Xcode/DerivedData/PastelRTS-bnhetfgajalhxehbeatskrbzzzjp/Build/Products/Debug-iphonesimulator/PastelRTS.swiftmodule/Project/arm64-apple-ios-simulator.swiftsourceinfo
iOS simulator compile	Compile for iOS Simulator	2026-09-05T16:34:10.3027960Z 
iOS simulator compile	Compile for iOS Simulator	2026-09-05T16:34:10.3029460Z SwiftCompile normal x86_64 Compiling\ PastelRTSApp.swift,\ PastelSchemeHandler.swift /Users/runner/work/pastel-rts/pastel-rts/apps/ios-shell/PastelRTS/PastelRTSApp.swift /Users/runner/work/pastel-rts/pastel-rts/apps/ios-shell/PastelRTS/PastelSchemeHandler.swift (in target 'PastelRTS' from project 'PastelRTS')
iOS simulator compile	Compile for iOS Simulator	2026-09-05T16:34:10.3030550Z 
iOS simulator compile	Compile for iOS Simulator	2026-09-05T16:34:10.3031270Z SwiftCompile normal x86_64 /Users/runner/work/pastel-rts/pastel-rts/apps/ios-shell/PastelRTS/PastelRTSApp.swift (in target 'PastelRTS' from project 'PastelRTS')
iOS simulator compile	Compile for iOS Simulator	2026-09-05T16:34:10.3032080Z     cd /Users/runner/work/pastel-rts/pastel-rts/apps/ios-shell
iOS simulator compile	Compile for iOS Simulator	2026-09-05T16:34:10.3032490Z     
iOS simulator compile	Compile for iOS Simulator	2026-09-05T16:34:10.3032840Z 
iOS simulator compile	Compile for iOS Simulator	2026-09-05T16:34:10.3033550Z SwiftCompile normal x86_64 /Users/runner/work/pastel-rts/pastel-rts/apps/ios-shell/PastelRTS/PastelSchemeHandler.swift (in target 'PastelRTS' from project 'PastelRTS')
iOS simulator compile	Compile for iOS Simulator	2026-09-05T16:34:10.3034390Z     cd /Users/runner/work/pastel-rts/pastel-rts/apps/ios-shell
iOS simulator compile	Compile for iOS Simulator	2026-09-05T16:34:10.3034690Z     
iOS simulator compile	Compile for iOS Simulator	2026-09-05T16:34:10.3034820Z 
iOS simulator compile	Compile for iOS Simulator	2026-09-05T16:34:10.3035470Z SwiftDriverJobDiscovery normal x86_64 Compiling PastelRTSApp.swift, PastelSchemeHandler.swift (in target 'PastelRTS' from project 'PastelRTS')
iOS simulator compile	Compile for iOS Simulator	2026-09-05T16:34:10.3036030Z 
iOS simulator compile	Compile for iOS Simulator	2026-09-05T16:34:10.3037250Z SwiftCompile normal arm64 Compiling\ GameWebView.swift,\ NativeBridge.swift /Users/runner/work/pastel-rts/pastel-rts/apps/ios-shell/PastelRTS/GameWebView.swift /Users/runner/work/pastel-rts/pastel-rts/apps/ios-shell/PastelRTS/NativeBridge.swift (in target 'PastelRTS' from project 'PastelRTS')
iOS simulator compile	Compile for iOS Simulator	2026-09-05T16:34:10.3039290Z SwiftCompile normal arm64 /Users/runner/work/pastel-rts/pastel-rts/apps/ios-shell/PastelRTS/GameWebView.swift (in target 'PastelRTS' from project 'PastelRTS')
iOS simulator compile	Compile for iOS Simulator	2026-09-05T16:34:10.3040160Z     cd /Users/runner/work/pastel-rts/pastel-rts/apps/ios-shell
iOS simulator compile	Compile for iOS Simulator	2026-09-05T16:34:10.3040610Z     
iOS simulator compile	Compile for iOS Simulator	2026-09-05T16:34:10.3805760Z 
iOS simulator compile	Compile for iOS Simulator	2026-09-05T16:34:10.3808690Z SwiftCompile normal arm64 /Users/runner/work/pastel-rts/pastel-rts/apps/ios-shell/PastelRTS/NativeBridge.swift (in target 'PastelRTS' from project 'PastelRTS')
iOS simulator compile	Compile for iOS Simulator	2026-09-05T16:34:10.3811020Z     cd /Users/runner/work/pastel-rts/pastel-rts/apps/ios-shell
iOS simulator compile	Compile for iOS Simulator	2026-09-05T16:34:10.3811870Z     
iOS simulator compile	Compile for iOS Simulator	2026-09-05T16:34:10.3812240Z 
iOS simulator compile	Compile for iOS Simulator	2026-09-05T16:34:10.3922360Z SwiftDriver\ Compilation PastelRTS normal x86_64 com.apple.xcode.tools.swift.compiler (in target 'PastelRTS' from project 'PastelRTS')
iOS simulator compile	Compile for iOS Simulator	2026-09-05T16:34:10.3925060Z     cd /Users/runner/work/pastel-rts/pastel-rts/apps/ios-shell
iOS simulator compile	Compile for iOS Simulator	2026-09-05T16:34:10.3970980Z     builtin-Swift-Compilation -- /Applications/Xcode_26.6.app/Contents/Developer/Toolchains/XcodeDefault.xctoolchain/usr/bin/swiftc -module-name PastelRTS -Onone @/Users/runner/Library/Developer/Xcode/DerivedData/PastelRTS-bnhetfgajalhxehbeatskrbzzzjp/Build/Intermediates.noindex/PastelRTS.build/Debug-iphonesimulator/PastelRTS.build/Objects-normal/x86_64/PastelRTS.SwiftFileList -DDEBUG -enable-bare-slash-regex -enable-experimental-feature DebugDescriptionMacro -sdk /Applications/Xcode_26.6.app/Contents/Developer/Platforms/iPhoneSimulator.platform/Developer/SDKs/iPhoneSimulator26.5.sdk -target x86_64-apple-ios17.0-simulator -g -module-cache-path /Users/runner/Library/Developer/Xcode/DerivedData/ModuleCache.noindex -Xfrontend -serialize-debugging-options -enable-testing -index-store-path /Users/runner/Library/Developer/Xcode/DerivedData/PastelRTS-bnhetfgajalhxehbeatskrbzzzjp/Index.noindex/DataStore -Xcc -D_LIBCPP_HARDENING_MODE\=_LIBCPP_HARDENING_MODE_DEBUG -swift-version 5 -I /Users/runner/Library/Developer/Xcode/DerivedData/PastelRTS-bnhetfgajalhxehbeatskrbzzzjp/Build/Products/Debug-iphonesimulator -F /Users/runner/Library/Developer/Xcode/DerivedData/PastelRTS-bnhetfgajalhxehbeatskrbzzzjp/Build/Products/Debug-iphonesimulator -c -j3 -enable-batch-mode -incremental -Xcc -ivfsstatcache -Xcc /Users/runner/Library/Developer/Xcode/DerivedData/SDKStatCaches.noindex/iphonesimulator26.5-23F81a-688ef53f1462e2c8f657fdc38a81448ff45c64a1807a658693f2a61704f17a36.sdkstatcache -output-file-map /Users/runner/Library/Developer/Xcode/DerivedData/PastelRTS-bnhetfgajalhxehbeatskrbzzzjp/Build/Intermediates.noindex/PastelRTS.build/Debug-iphonesimulator/PastelRTS.build/Objects-normal/x86_64/PastelRTS-OutputFileMap.json -use-frontend-parseable-output -save-temps -no-color-diagnostics -explicit-module-build -module-cache-path /Users/runner/Library/Developer/Xcode/DerivedData/PastelRTS-bnhetfgajalhxehbeatskrbzzzjp/Build/Intermediates.noindex/SwiftExplicitPrecompiledModules -clang-scanner-module-cache-path /Users/runner/Library/Developer/Xcode/DerivedData/ModuleCache.noindex -sdk-module-cache-path /Users/runner/Library/Developer/Xcode/DerivedData/ModuleCache.noindex -serialize-diagnostics -emit-dependencies -emit-module -emit-module-path /Users/runner/Library/Developer/Xcode/DerivedData/PastelRTS-bnhetfgajalhxehbeatskrbzzzjp/Build/Intermediates.noindex/PastelRTS.build/Debug-iphonesimulator/PastelRTS.build/Objects-normal/x86_64/PastelRTS.swiftmodule -validate-clang-modules-once -clang-build-session-file /Users/runner/Library/Developer/Xcode/DerivedData/ModuleCache.noindex/Session.modulevalidation -Xcc -I/Users/runner/Library/Developer/Xcode/DerivedData/PastelRTS-bnhetfgajalhxehbeatskrbzzzjp/Build/Intermediates.noindex/PastelRTS.build/Debug-iphonesimulator/PastelRTS.build/swift-overrides.hmap -emit-const-values -Xfrontend -const-gather-protocols-file -Xfrontend /Users/runner/Library/Developer/Xcode/DerivedData/PastelRTS-bnhetfgajalhxehbeatskrbzzzjp/Build/Intermediates.noindex/PastelRTS.build/Debug-iphonesimulator/PastelRTS.build/Objects-normal/x86_64/PastelRTS_const_extract_protocols.json -Xcc -iquote -Xcc /Users/runner/Library/Developer/Xcode/DerivedData/PastelRTS-bnhetfgajalhxehbeatskrbzzzjp/Build/Intermediates.noindex/PastelRTS.build/Debug-iphonesimulator/PastelRTS.build/PastelRTS-generated-files.hmap -Xcc -I/Users/runner/Library/Developer/Xcode/DerivedData/PastelRTS-bnhetfgajalhxehbeatskrbzzzjp/Build/Intermediates.noindex/PastelRTS.build/Debug-iphonesimulator/PastelRTS.build/PastelRTS-own-target-headers.hmap -Xcc -I/Users/runner/Library/Developer/Xcode/DerivedData/PastelRTS-bnhetfgajalhxehbeatskrbzzzjp/Build/Intermediates.noindex/PastelRTS.build/Debug-iphonesimulator/PastelRTS.build/PastelRTS-all-target-headers.hmap -Xcc -iquote -Xcc /Users/runner/Library/Developer/Xcode/DerivedData/PastelRTS-bnhetfgajalhxehbeatskrbzzzjp/Build/Intermediates.noindex/PastelRTS.build/Debug-iphonesimulator/PastelRTS.build/PastelRTS-project-headers.hmap -Xcc -I/Users/runner/Library/Developer/Xcode/DerivedData/PastelRTS-bnhetfgajalhxehbeatskrbzzzjp/Build/Products/Debug-iphonesimulator/include -Xcc -I/Users/runner/Library/Developer/Xcode/DerivedData/PastelRTS-bnhetfgajalhxehbeatskrbzzzjp/Build/Intermediates.noindex/PastelRTS.build/Debug-iphonesimulator/PastelRTS.build/DerivedSources-normal/x86_64 -Xcc -I/Users/runner/Library/Developer/Xcode/DerivedData/PastelRTS-bnhetfgajalhxehbeatskrbzzzjp/Build/Intermediates.noindex/PastelRTS.build/Debug-iphonesimulator/PastelRTS.build/DerivedSources/x86_64 -Xcc -I/Users/runner/Library/Developer/Xcode/DerivedData/PastelRTS-bnhetfgajalhxehbeatskrbzzzjp/Build/Intermediates.noindex/PastelRTS.build/Debug-iphonesimulator/PastelRTS.build/DerivedSources -Xcc -DDEBUG\=1 -emit-objc-header -emit-objc-header-path /Users/runner/Library/Developer/Xcode/DerivedData/PastelRTS-bnhetfgajalhxehbeatskrbzzzjp/Build/Intermediates.noindex/PastelRTS.build/Debug-iphonesimulator/PastelRTS.build/Objects-normal/x86_64/PastelRTS-Swift.h -working-directory /Users/runner/work/pastel-rts/pastel-rts/apps/ios-shell -experimental-emit-module-separately -disable-cmo
iOS simulator compile	Compile for iOS Simulator	2026-09-05T16:34:10.3995310Z 
iOS simulator compile	Compile for iOS Simulator	2026-09-05T16:34:10.3996050Z SwiftDriverJobDiscovery normal arm64 Compiling ContentView.swift, DeveloperConfig.swift, DeveloperPanel.swift (in target 'PastelRTS' from project 'PastelRTS')
iOS simulator compile	Compile for iOS Simulator	2026-09-05T16:34:10.3996680Z 
iOS simulator compile	Compile for iOS Simulator	2026-09-05T16:34:10.3998000Z Ld /Users/runner/Library/Developer/Xcode/DerivedData/PastelRTS-bnhetfgajalhxehbeatskrbzzzjp/Build/Intermediates.noindex/PastelRTS.build/Debug-iphonesimulator/PastelRTS.build/Objects-normal/x86_64/Binary/PastelRTS.debug.dylib normal x86_64 (in target 'PastelRTS' from project 'PastelRTS')
iOS simulator compile	Compile for iOS Simulator	2026-09-05T16:34:10.4002250Z     cd /Users/runner/work/pastel-rts/pastel-rts/apps/ios-shell
iOS simulator compile	Compile for iOS Simulator	2026-09-05T16:34:10.4015590Z     /Applications/Xcode_26.6.app/Contents/Developer/Toolchains/XcodeDefault.xctoolchain/usr/bin/clang -Xlinker -reproducible -target x86_64-apple-ios17.0-simulator -dynamiclib -isysroot /Applications/Xcode_26.6.app/Contents/Developer/Platforms/iPhoneSimulator.platform/Developer/SDKs/iPhoneSimulator26.5.sdk -O0 -L/Users/runner/Library/Developer/Xcode/DerivedData/PastelRTS-bnhetfgajalhxehbeatskrbzzzjp/Build/Intermediates.noindex/EagerLinkingTBDs/Debug-iphonesimulator -L/Users/runner/Library/Developer/Xcode/DerivedData/PastelRTS-bnhetfgajalhxehbeatskrbzzzjp/Build/Products/Debug-iphonesimulator -F/Users/runner/Library/Developer/Xcode/DerivedData/PastelRTS-bnhetfgajalhxehbeatskrbzzzjp/Build/Intermediates.noindex/EagerLinkingTBDs/Debug-iphonesimulator -F/Users/runner/Library/Developer/Xcode/DerivedData/PastelRTS-bnhetfgajalhxehbeatskrbzzzjp/Build/Products/Debug-iphonesimulator -filelist /Users/runner/Library/Developer/Xcode/DerivedData/PastelRTS-bnhetfgajalhxehbeatskrbzzzjp/Build/Intermediates.noindex/PastelRTS.build/Debug-iphonesimulator/PastelRTS.build/Objects-normal/x86_64/PastelRTS.LinkFileList -install_name @rpath/PastelRTS.debug.dylib -Xlinker -rpath -Xlinker /usr/lib/swift -Xlinker -rpath -Xlinker @executable_path/Frameworks -Xlinker -dead_strip -Xlinker -object_path_lto -Xlinker /Users/runner/Library/Developer/Xcode/DerivedData/PastelRTS-bnhetfgajalhxehbeatskrbzzzjp/Build/Intermediates.noindex/PastelRTS.build/Debug-iphonesimulator/PastelRTS.build/Objects-normal/x86_64/PastelRTS_lto.o -rdynamic -Xlinker -no_deduplicate -Xlinker -objc_abi_version -Xlinker 2 -Xlinker -dependency_info -Xlinker /Users/runner/Library/Developer/Xcode/DerivedData/PastelRTS-bnhetfgajalhxehbeatskrbzzzjp/Build/Intermediates.noindex/PastelRTS.build/Debug-iphonesimulator/PastelRTS.build/Objects-normal/x86_64/PastelRTS_dependency_info.dat -fobjc-link-runtime -L/Applications/Xcode_26.6.app/Contents/Developer/Toolchains/XcodeDefault.xctoolchain/usr/lib/swift/iphonesimulator -L/usr/lib/swift -Xlinker -add_ast_path -Xlinker /Users/runner/Library/Developer/Xcode/DerivedData/PastelRTS-bnhetfgajalhxehbeatskrbzzzjp/Build/Intermediates.noindex/PastelRTS.build/Debug-iphonesimulator/PastelRTS.build/Objects-normal/x86_64/PastelRTS.swiftmodule @/Users/runner/Library/Developer/Xcode/DerivedData/PastelRTS-bnhetfgajalhxehbeatskrbzzzjp/Build/Intermediates.noindex/PastelRTS.build/Debug-iphonesimulator/PastelRTS.build/Objects-normal/x86_64/PastelRTS-linker-args.resp -Xlinker -alias -Xlinker _main -Xlinker ___debug_main_executable_dylib_entry_point -o /Users/runner/Library/Developer/Xcode/DerivedData/PastelRTS-bnhetfgajalhxehbeatskrbzzzjp/Build/Intermediates.noindex/PastelRTS.build/Debug-iphonesimulator/PastelRTS.build/Objects-normal/x86_64/Binary/PastelRTS.debug.dylib
iOS simulator compile	Compile for iOS Simulator	2026-09-05T16:34:10.4028060Z 
iOS simulator compile	Compile for iOS Simulator	2026-09-05T16:34:10.4030410Z ConstructStubExecutorLinkFileList /Users/runner/Library/Developer/Xcode/DerivedData/PastelRTS-bnhetfgajalhxehbeatskrbzzzjp/Build/Intermediates.noindex/PastelRTS.build/Debug-iphonesimulator/PastelRTS.build/PastelRTS-ExecutorLinkFileList-normal-x86_64.txt (in target 'PastelRTS' from project 'PastelRTS')
iOS simulator compile	Compile for iOS Simulator	2026-09-05T16:34:10.4031690Z     cd /Users/runner/work/pastel-rts/pastel-rts/apps/ios-shell
iOS simulator compile	Compile for iOS Simulator	2026-09-05T16:34:10.4034970Z     construct-stub-executor-link-file-list /Users/runner/Library/Developer/Xcode/DerivedData/PastelRTS-bnhetfgajalhxehbeatskrbzzzjp/Build/Intermediates.noindex/PastelRTS.build/Debug-iphonesimulator/PastelRTS.build/Objects-normal/x86_64/Binary/PastelRTS.debug.dylib /Applications/Xcode_26.6.app/Contents/Developer/Platforms/iPhoneSimulator.platform/Developer/usr/lib/libPreviewsJITStubExecutor_no_swift_entry_point.a /Applications/Xcode_26.6.app/Contents/Developer/Platforms/iPhoneSimulator.platform/Developer/usr/lib/libPreviewsJITStubExecutor.a --output /Users/runner/Library/Developer/Xcode/DerivedData/PastelRTS-bnhetfgajalhxehbeatskrbzzzjp/Build/Intermediates.noindex/PastelRTS.build/Debug-iphonesimulator/PastelRTS.build/PastelRTS-ExecutorLinkFileList-normal-x86_64.txt
iOS simulator compile	Compile for iOS Simulator	2026-09-05T16:34:10.4038700Z note: Using stub executor library with Swift entry point. (in target 'PastelRTS' from project 'PastelRTS')
iOS simulator compile	Compile for iOS Simulator	2026-09-05T16:34:10.4039040Z 
iOS simulator compile	Compile for iOS Simulator	2026-09-05T16:34:10.4040240Z Ld /Users/runner/Library/Developer/Xcode/DerivedData/PastelRTS-bnhetfgajalhxehbeatskrbzzzjp/Build/Intermediates.noindex/PastelRTS.build/Debug-iphonesimulator/PastelRTS.build/Objects-normal/x86_64/Binary/PastelRTS normal x86_64 (in target 'PastelRTS' from project 'PastelRTS')
iOS simulator compile	Compile for iOS Simulator	2026-09-05T16:34:10.4041460Z     cd /Users/runner/work/pastel-rts/pastel-rts/apps/ios-shell
iOS simulator compile	Compile for iOS Simulator	2026-09-05T16:34:10.4049140Z     /Applications/Xcode_26.6.app/Contents/Developer/Toolchains/XcodeDefault.xctoolchain/usr/bin/clang -Xlinker -reproducible -target x86_64-apple-ios17.0-simulator -isysroot /Applications/Xcode_26.6.app/Contents/Developer/Platforms/iPhoneSimulator.platform/Developer/SDKs/iPhoneSimulator26.5.sdk -O0 -L/Users/runner/Library/Developer/Xcode/DerivedData/PastelRTS-bnhetfgajalhxehbeatskrbzzzjp/Build/Products/Debug-iphonesimulator -F/Users/runner/Library/Developer/Xcode/DerivedData/PastelRTS-bnhetfgajalhxehbeatskrbzzzjp/Build/Products/Debug-iphonesimulator -Xlinker -rpath -Xlinker @executable_path -Xlinker -rpath -Xlinker @executable_path/Frameworks -rdynamic -Xlinker -no_deduplicate -Xlinker -objc_abi_version -Xlinker 2 -e ___debug_blank_executor_main -Xlinker -sectcreate -Xlinker __TEXT -Xlinker __debug_dylib -Xlinker /Users/runner/Library/Developer/Xcode/DerivedData/PastelRTS-bnhetfgajalhxehbeatskrbzzzjp/Build/Intermediates.noindex/PastelRTS.build/Debug-iphonesimulator/PastelRTS.build/PastelRTS-DebugDylibPath-normal-x86_64.txt -Xlinker -sectcreate -Xlinker __TEXT -Xlinker __debug_instlnm -Xlinker /Users/runner/Library/Developer/Xcode/DerivedData/PastelRTS-bnhetfgajalhxehbeatskrbzzzjp/Build/Intermediates.noindex/PastelRTS.build/Debug-iphonesimulator/PastelRTS.build/PastelRTS-DebugDylibInstallName-normal-x86_64.txt -Xlinker -filelist -Xlinker /Users/runner/Library/Developer/Xcode/DerivedData/PastelRTS-bnhetfgajalhxehbeatskrbzzzjp/Build/Intermediates.noindex/PastelRTS.build/Debug-iphonesimulator/PastelRTS.build/PastelRTS-ExecutorLinkFileList-normal-x86_64.txt /Users/runner/Library/Developer/Xcode/DerivedData/PastelRTS-bnhetfgajalhxehbeatskrbzzzjp/Build/Intermediates.noindex/PastelRTS.build/Debug-iphonesimulator/PastelRTS.build/Objects-normal/x86_64/Binary/PastelRTS.debug.dylib -o /Users/runner/Library/Developer/Xcode/DerivedData/PastelRTS-bnhetfgajalhxehbeatskrbzzzjp/Build/Intermediates.noindex/PastelRTS.build/Debug-iphonesimulator/PastelRTS.build/Objects-normal/x86_64/Binary/PastelRTS
iOS simulator compile	Compile for iOS Simulator	2026-09-05T16:34:10.4083760Z 
iOS simulator compile	Compile for iOS Simulator	2026-09-05T16:34:10.4085190Z SwiftDriverJobDiscovery normal arm64 Compiling PastelRTSApp.swift, PastelSchemeHandler.swift (in target 'PastelRTS' from project 'PastelRTS')
iOS simulator compile	Compile for iOS Simulator	2026-09-05T16:34:10.4085930Z 
iOS simulator compile	Compile for iOS Simulator	2026-09-05T16:34:10.4086610Z SwiftDriverJobDiscovery normal arm64 Compiling GameWebView.swift, NativeBridge.swift (in target 'PastelRTS' from project 'PastelRTS')
iOS simulator compile	Compile for iOS Simulator	2026-09-05T16:34:10.4087290Z 
iOS simulator compile	Compile for iOS Simulator	2026-09-05T16:34:10.4088080Z SwiftDriver\ Compilation PastelRTS normal arm64 com.apple.xcode.tools.swift.compiler (in target 'PastelRTS' from project 'PastelRTS')
iOS simulator compile	Compile for iOS Simulator	2026-09-05T16:34:10.4088940Z     cd /Users/runner/work/pastel-rts/pastel-rts/apps/ios-shell
iOS simulator compile	Compile for iOS Simulator	2026-09-05T16:34:10.4108290Z     builtin-Swift-Compilation -- /Applications/Xcode_26.6.app/Contents/Developer/Toolchains/XcodeDefault.xctoolchain/usr/bin/swiftc -module-name PastelRTS -Onone @/Users/runner/Library/Developer/Xcode/DerivedData/PastelRTS-bnhetfgajalhxehbeatskrbzzzjp/Build/Intermediates.noindex/PastelRTS.build/Debug-iphonesimulator/PastelRTS.build/Objects-normal/arm64/PastelRTS.SwiftFileList -DDEBUG -enable-bare-slash-regex -enable-experimental-feature DebugDescriptionMacro -sdk /Applications/Xcode_26.6.app/Contents/Developer/Platforms/iPhoneSimulator.platform/Developer/SDKs/iPhoneSimulator26.5.sdk -target arm64-apple-ios17.0-simulator -g -module-cache-path /Users/runner/Library/Developer/Xcode/DerivedData/ModuleCache.noindex -Xfrontend -serialize-debugging-options -enable-testing -index-store-path /Users/runner/Library/Developer/Xcode/DerivedData/PastelRTS-bnhetfgajalhxehbeatskrbzzzjp/Index.noindex/DataStore -Xcc -D_LIBCPP_HARDENING_MODE\=_LIBCPP_HARDENING_MODE_DEBUG -swift-version 5 -I /Users/runner/Library/Developer/Xcode/DerivedData/PastelRTS-bnhetfgajalhxehbeatskrbzzzjp/Build/Products/Debug-iphonesimulator -F /Users/runner/Library/Developer/Xcode/DerivedData/PastelRTS-bnhetfgajalhxehbeatskrbzzzjp/Build/Products/Debug-iphonesimulator -c -j3 -enable-batch-mode -incremental -Xcc -ivfsstatcache -Xcc /Users/runner/Library/Developer/Xcode/DerivedData/SDKStatCaches.noindex/iphonesimulator26.5-23F81a-688ef53f1462e2c8f657fdc38a81448ff45c64a1807a658693f2a61704f17a36.sdkstatcache -output-file-map /Users/runner/Library/Developer/Xcode/DerivedData/PastelRTS-bnhetfgajalhxehbeatskrbzzzjp/Build/Intermediates.noindex/PastelRTS.build/Debug-iphonesimulator/PastelRTS.build/Objects-normal/arm64/PastelRTS-OutputFileMap.json -use-frontend-parseable-output -save-temps -no-color-diagnostics -explicit-module-build -module-cache-path /Users/runner/Library/Developer/Xcode/DerivedData/PastelRTS-bnhetfgajalhxehbeatskrbzzzjp/Build/Intermediates.noindex/SwiftExplicitPrecompiledModules -clang-scanner-module-cache-path /Users/runner/Library/Developer/Xcode/DerivedData/ModuleCache.noindex -sdk-module-cache-path /Users/runner/Library/Developer/Xcode/DerivedData/ModuleCache.noindex -serialize-diagnostics -emit-dependencies -emit-module -emit-module-path /Users/runner/Library/Developer/Xcode/DerivedData/PastelRTS-bnhetfgajalhxehbeatskrbzzzjp/Build/Intermediates.noindex/PastelRTS.build/Debug-iphonesimulator/PastelRTS.build/Objects-normal/arm64/PastelRTS.swiftmodule -validate-clang-modules-once -clang-build-session-file /Users/runner/Library/Developer/Xcode/DerivedData/ModuleCache.noindex/Session.modulevalidation -Xcc -I/Users/runner/Library/Developer/Xcode/DerivedData/PastelRTS-bnhetfgajalhxehbeatskrbzzzjp/Build/Intermediates.noindex/PastelRTS.build/Debug-iphonesimulator/PastelRTS.build/swift-overrides.hmap -emit-const-values -Xfrontend -const-gather-protocols-file -Xfrontend /Users/runner/Library/Developer/Xcode/DerivedData/PastelRTS-bnhetfgajalhxehbeatskrbzzzjp/Build/Intermediates.noindex/PastelRTS.build/Debug-iphonesimulator/PastelRTS.build/Objects-normal/arm64/PastelRTS_const_extract_protocols.json -Xcc -iquote -Xcc /Users/runner/Library/Developer/Xcode/DerivedData/PastelRTS-bnhetfgajalhxehbeatskrbzzzjp/Build/Intermediates.noindex/PastelRTS.build/Debug-iphonesimulator/PastelRTS.build/PastelRTS-generated-files.hmap -Xcc -I/Users/runner/Library/Developer/Xcode/DerivedData/PastelRTS-bnhetfgajalhxehbeatskrbzzzjp/Build/Intermediates.noindex/PastelRTS.build/Debug-iphonesimulator/PastelRTS.build/PastelRTS-own-target-headers.hmap -Xcc -I/Users/runner/Library/Developer/Xcode/DerivedData/PastelRTS-bnhetfgajalhxehbeatskrbzzzjp/Build/Intermediates.noindex/PastelRTS.build/Debug-iphonesimulator/PastelRTS.build/PastelRTS-all-target-headers.hmap -Xcc -iquote -Xcc /Users/runner/Library/Developer/Xcode/DerivedData/PastelRTS-bnhetfgajalhxehbeatskrbzzzjp/Build/Intermediates.noindex/PastelRTS.build/Debug-iphonesimulator/PastelRTS.build/PastelRTS-project-headers.hmap -Xcc -I/Users/runner/Library/Developer/Xcode/DerivedData/PastelRTS-bnhetfgajalhxehbeatskrbzzzjp/Build/Products/Debug-iphonesimulator/include -Xcc -I/Users/runner/Library/Developer/Xcode/DerivedData/PastelRTS-bnhetfgajalhxehbeatskrbzzzjp/Build/Intermediates.noindex/PastelRTS.build/Debug-iphonesimulator/PastelRTS.build/DerivedSources-normal/arm64 -Xcc -I/Users/runner/Library/Developer/Xcode/DerivedData/PastelRTS-bnhetfgajalhxehbeatskrbzzzjp/Build/Intermediates.noindex/PastelRTS.build/Debug-iphonesimulator/PastelRTS.build/DerivedSources/arm64 -Xcc -I/Users/runner/Library/Developer/Xcode/DerivedData/PastelRTS-bnhetfgajalhxehbeatskrbzzzjp/Build/Intermediates.noindex/PastelRTS.build/Debug-iphonesimulator/PastelRTS.build/DerivedSources -Xcc -DDEBUG\=1 -emit-objc-header -emit-objc-header-path /Users/runner/Library/Developer/Xcode/DerivedData/PastelRTS-bnhetfgajalhxehbeatskrbzzzjp/Build/Intermediates.noindex/PastelRTS.build/Debug-iphonesimulator/PastelRTS.build/Objects-normal/arm64/PastelRTS-Swift.h -working-directory /Users/runner/work/pastel-rts/pastel-rts/apps/ios-shell -experimental-emit-module-separately -disable-cmo
iOS simulator compile	Compile for iOS Simulator	2026-09-05T16:34:10.4124900Z 
iOS simulator compile	Compile for iOS Simulator	2026-09-05T16:34:10.4126210Z Ld /Users/runner/Library/Developer/Xcode/DerivedData/PastelRTS-bnhetfgajalhxehbeatskrbzzzjp/Build/Intermediates.noindex/PastelRTS.build/Debug-iphonesimulator/PastelRTS.build/Objects-normal/arm64/Binary/PastelRTS.debug.dylib normal arm64 (in target 'PastelRTS' from project 'PastelRTS')
iOS simulator compile	Compile for iOS Simulator	2026-09-05T16:34:10.4128040Z     cd /Users/runner/work/pastel-rts/pastel-rts/apps/ios-shell
iOS simulator compile	Compile for iOS Simulator	2026-09-05T16:34:10.4138690Z     /Applications/Xcode_26.6.app/Contents/Developer/Toolchains/XcodeDefault.xctoolchain/usr/bin/clang -Xlinker -reproducible -target arm64-apple-ios17.0-simulator -dynamiclib -isysroot /Applications/Xcode_26.6.app/Contents/Developer/Platforms/iPhoneSimulator.platform/Developer/SDKs/iPhoneSimulator26.5.sdk -O0 -L/Users/runner/Library/Developer/Xcode/DerivedData/PastelRTS-bnhetfgajalhxehbeatskrbzzzjp/Build/Intermediates.noindex/EagerLinkingTBDs/Debug-iphonesimulator -L/Users/runner/Library/Developer/Xcode/DerivedData/PastelRTS-bnhetfgajalhxehbeatskrbzzzjp/Build/Products/Debug-iphonesimulator -F/Users/runner/Library/Developer/Xcode/DerivedData/PastelRTS-bnhetfgajalhxehbeatskrbzzzjp/Build/Intermediates.noindex/EagerLinkingTBDs/Debug-iphonesimulator -F/Users/runner/Library/Developer/Xcode/DerivedData/PastelRTS-bnhetfgajalhxehbeatskrbzzzjp/Build/Products/Debug-iphonesimulator -filelist /Users/runner/Library/Developer/Xcode/DerivedData/PastelRTS-bnhetfgajalhxehbeatskrbzzzjp/Build/Intermediates.noindex/PastelRTS.build/Debug-iphonesimulator/PastelRTS.build/Objects-normal/arm64/PastelRTS.LinkFileList -install_name @rpath/PastelRTS.debug.dylib -Xlinker -rpath -Xlinker /usr/lib/swift -Xlinker -rpath -Xlinker @executable_path/Frameworks -Xlinker -dead_strip -Xlinker -object_path_lto -Xlinker /Users/runner/Library/Developer/Xcode/DerivedData/PastelRTS-bnhetfgajalhxehbeatskrbzzzjp/Build/Intermediates.noindex/PastelRTS.build/Debug-iphonesimulator/PastelRTS.build/Objects-normal/arm64/PastelRTS_lto.o -rdynamic -Xlinker -no_deduplicate -Xlinker -objc_abi_version -Xlinker 2 -Xlinker -dependency_info -Xlinker /Users/runner/Library/Developer/Xcode/DerivedData/PastelRTS-bnhetfgajalhxehbeatskrbzzzjp/Build/Intermediates.noindex/PastelRTS.build/Debug-iphonesimulator/PastelRTS.build/Objects-normal/arm64/PastelRTS_dependency_info.dat -fobjc-link-runtime -L/Applications/Xcode_26.6.app/Contents/Developer/Toolchains/XcodeDefault.xctoolchain/usr/lib/swift/iphonesimulator -L/usr/lib/swift -Xlinker -add_ast_path -Xlinker /Users/runner/Library/Developer/Xcode/DerivedData/PastelRTS-bnhetfgajalhxehbeatskrbzzzjp/Build/Intermediates.noindex/PastelRTS.build/Debug-iphonesimulator/PastelRTS.build/Objects-normal/arm64/PastelRTS.swiftmodule @/Users/runner/Library/Developer/Xcode/DerivedData/PastelRTS-bnhetfgajalhxehbeatskrbzzzjp/Build/Intermediates.noindex/PastelRTS.build/Debug-iphonesimulator/PastelRTS.build/Objects-normal/arm64/PastelRTS-linker-args.resp -Xlinker -alias -Xlinker _main -Xlinker ___debug_main_executable_dylib_entry_point -o /Users/runner/Library/Developer/Xcode/DerivedData/PastelRTS-bnhetfgajalhxehbeatskrbzzzjp/Build/Intermediates.noindex/PastelRTS.build/Debug-iphonesimulator/PastelRTS.build/Objects-normal/arm64/Binary/PastelRTS.debug.dylib
iOS simulator compile	Compile for iOS Simulator	2026-09-05T16:34:10.9516170Z 
iOS simulator compile	Compile for iOS Simulator	2026-09-05T16:34:10.9619610Z CreateUniversalBinary /Users/runner/Library/Developer/Xcode/DerivedData/PastelRTS-bnhetfgajalhxehbeatskrbzzzjp/Build/Products/Debug-iphonesimulator/PastelRTS.app/PastelRTS.debug.dylib normal arm64\ x86_64 (in target 'PastelRTS' from project 'PastelRTS')
iOS simulator compile	Compile for iOS Simulator	2026-09-05T16:34:10.9718710Z     cd /Users/runner/work/pastel-rts/pastel-rts/apps/ios-shell
iOS simulator compile	Compile for iOS Simulator	2026-09-05T16:34:10.9838310Z     /Applications/Xcode_26.6.app/Contents/Developer/Toolchains/XcodeDefault.xctoolchain/usr/bin/lipo -create /Users/runner/Library/Developer/Xcode/DerivedData/PastelRTS-bnhetfgajalhxehbeatskrbzzzjp/Build/Intermediates.noindex/PastelRTS.build/Debug-iphonesimulator/PastelRTS.build/Objects-normal/arm64/Binary/PastelRTS.debug.dylib /Users/runner/Library/Developer/Xcode/DerivedData/PastelRTS-bnhetfgajalhxehbeatskrbzzzjp/Build/Intermediates.noindex/PastelRTS.build/Debug-iphonesimulator/PastelRTS.build/Objects-normal/x86_64/Binary/PastelRTS.debug.dylib -output /Users/runner/Library/Developer/Xcode/DerivedData/PastelRTS-bnhetfgajalhxehbeatskrbzzzjp/Build/Products/Debug-iphonesimulator/PastelRTS.app/PastelRTS.debug.dylib
iOS simulator compile	Compile for iOS Simulator	2026-09-05T16:34:11.0466700Z 
iOS simulator compile	Compile for iOS Simulator	2026-09-05T16:34:11.0497470Z ConstructStubExecutorLinkFileList /Users/runner/Library/Developer/Xcode/DerivedData/PastelRTS-bnhetfgajalhxehbeatskrbzzzjp/Build/Intermediates.noindex/PastelRTS.build/Debug-iphonesimulator/PastelRTS.build/PastelRTS-ExecutorLinkFileList-normal-arm64.txt (in target 'PastelRTS' from project 'PastelRTS')
iOS simulator compile	Compile for iOS Simulator	2026-09-05T16:34:11.0501540Z     cd /Users/runner/work/pastel-rts/pastel-rts/apps/ios-shell
iOS simulator compile	Compile for iOS Simulator	2026-09-05T16:34:11.0510240Z     construct-stub-executor-link-file-list /Users/runner/Library/Developer/Xcode/DerivedData/PastelRTS-bnhetfgajalhxehbeatskrbzzzjp/Build/Intermediates.noindex/PastelRTS.build/Debug-iphonesimulator/PastelRTS.build/Objects-normal/arm64/Binary/PastelRTS.debug.dylib /Applications/Xcode_26.6.app/Contents/Developer/Platforms/iPhoneSimulator.platform/Developer/usr/lib/libPreviewsJITStubExecutor_no_swift_entry_point.a /Applications/Xcode_26.6.app/Contents/Developer/Platforms/iPhoneSimulator.platform/Developer/usr/lib/libPreviewsJITStubExecutor.a --output /Users/runner/Library/Developer/Xcode/DerivedData/PastelRTS-bnhetfgajalhxehbeatskrbzzzjp/Build/Intermediates.noindex/PastelRTS.build/Debug-iphonesimulator/PastelRTS.build/PastelRTS-ExecutorLinkFileList-normal-arm64.txt
iOS simulator compile	Compile for iOS Simulator	2026-09-05T16:34:11.0515560Z note: Using stub executor library with Swift entry point. (in target 'PastelRTS' from project 'PastelRTS')
iOS simulator compile	Compile for iOS Simulator	2026-09-05T16:34:11.0515970Z 
iOS simulator compile	Compile for iOS Simulator	2026-09-05T16:34:11.0517210Z Ld /Users/runner/Library/Developer/Xcode/DerivedData/PastelRTS-bnhetfgajalhxehbeatskrbzzzjp/Build/Intermediates.noindex/PastelRTS.build/Debug-iphonesimulator/PastelRTS.build/Objects-normal/arm64/Binary/PastelRTS normal arm64 (in target 'PastelRTS' from project 'PastelRTS')
iOS simulator compile	Compile for iOS Simulator	2026-09-05T16:34:11.0519010Z     cd /Users/runner/work/pastel-rts/pastel-rts/apps/ios-shell
iOS simulator compile	Compile for iOS Simulator	2026-09-05T16:34:11.0526730Z     /Applications/Xcode_26.6.app/Contents/Developer/Toolchains/XcodeDefault.xctoolchain/usr/bin/clang -Xlinker -reproducible -target arm64-apple-ios17.0-simulator -isysroot /Applications/Xcode_26.6.app/Contents/Developer/Platforms/iPhoneSimulator.platform/Developer/SDKs/iPhoneSimulator26.5.sdk -O0 -L/Users/runner/Library/Developer/Xcode/DerivedData/PastelRTS-bnhetfgajalhxehbeatskrbzzzjp/Build/Products/Debug-iphonesimulator -F/Users/runner/Library/Developer/Xcode/DerivedData/PastelRTS-bnhetfgajalhxehbeatskrbzzzjp/Build/Products/Debug-iphonesimulator -Xlinker -rpath -Xlinker @executable_path -Xlinker -rpath -Xlinker @executable_path/Frameworks -rdynamic -Xlinker -no_deduplicate -Xlinker -objc_abi_version -Xlinker 2 -e ___debug_blank_executor_main -Xlinker -sectcreate -Xlinker __TEXT -Xlinker __debug_dylib -Xlinker /Users/runner/Library/Developer/Xcode/DerivedData/PastelRTS-bnhetfgajalhxehbeatskrbzzzjp/Build/Intermediates.noindex/PastelRTS.build/Debug-iphonesimulator/PastelRTS.build/PastelRTS-DebugDylibPath-normal-arm64.txt -Xlinker -sectcreate -Xlinker __TEXT -Xlinker __debug_instlnm -Xlinker /Users/runner/Library/Developer/Xcode/DerivedData/PastelRTS-bnhetfgajalhxehbeatskrbzzzjp/Build/Intermediates.noindex/PastelRTS.build/Debug-iphonesimulator/PastelRTS.build/PastelRTS-DebugDylibInstallName-normal-arm64.txt -Xlinker -filelist -Xlinker /Users/runner/Library/Developer/Xcode/DerivedData/PastelRTS-bnhetfgajalhxehbeatskrbzzzjp/Build/Intermediates.noindex/PastelRTS.build/Debug-iphonesimulator/PastelRTS.build/PastelRTS-ExecutorLinkFileList-normal-arm64.txt /Users/runner/Library/Developer/Xcode/DerivedData/PastelRTS-bnhetfgajalhxehbeatskrbzzzjp/Build/Intermediates.noindex/PastelRTS.build/Debug-iphonesimulator/PastelRTS.build/Objects-normal/arm64/Binary/PastelRTS.debug.dylib -o /Users/runner/Library/Developer/Xcode/DerivedData/PastelRTS-bnhetfgajalhxehbeatskrbzzzjp/Build/Intermediates.noindex/PastelRTS.build/Debug-iphonesimulator/PastelRTS.build/Objects-normal/arm64/Binary/PastelRTS
iOS simulator compile	Compile for iOS Simulator	2026-09-05T16:34:11.0541090Z 
iOS simulator compile	Compile for iOS Simulator	2026-09-05T16:34:11.0544930Z CreateUniversalBinary /Users/runner/Library/Developer/Xcode/DerivedData/PastelRTS-bnhetfgajalhxehbeatskrbzzzjp/Build/Products/Debug-iphonesimulator/PastelRTS.app/PastelRTS normal arm64\ x86_64 (in target 'PastelRTS' from project 'PastelRTS')
iOS simulator compile	Compile for iOS Simulator	2026-09-05T16:34:11.0546340Z     cd /Users/runner/work/pastel-rts/pastel-rts/apps/ios-shell
iOS simulator compile	Compile for iOS Simulator	2026-09-05T16:34:11.0549800Z     /Applications/Xcode_26.6.app/Contents/Developer/Toolchains/XcodeDefault.xctoolchain/usr/bin/lipo -create /Users/runner/Library/Developer/Xcode/DerivedData/PastelRTS-bnhetfgajalhxehbeatskrbzzzjp/Build/Intermediates.noindex/PastelRTS.build/Debug-iphonesimulator/PastelRTS.build/Objects-normal/arm64/Binary/PastelRTS /Users/runner/Library/Developer/Xcode/DerivedData/PastelRTS-bnhetfgajalhxehbeatskrbzzzjp/Build/Intermediates.noindex/PastelRTS.build/Debug-iphonesimulator/PastelRTS.build/Objects-normal/x86_64/Binary/PastelRTS -output /Users/runner/Library/Developer/Xcode/DerivedData/PastelRTS-bnhetfgajalhxehbeatskrbzzzjp/Build/Products/Debug-iphonesimulator/PastelRTS.app/PastelRTS
iOS simulator compile	Compile for iOS Simulator	2026-09-05T16:34:11.0584280Z 
iOS simulator compile	Compile for iOS Simulator	2026-09-05T16:34:11.0636100Z ExtractAppIntentsMetadata (in target 'PastelRTS' from project 'PastelRTS')
iOS simulator compile	Compile for iOS Simulator	2026-09-05T16:34:11.0637170Z     cd /Users/runner/work/pastel-rts/pastel-rts/apps/ios-shell
iOS simulator compile	Compile for iOS Simulator	2026-09-05T16:34:11.0663960Z     /Applications/Xcode_26.6.app/Contents/Developer/Toolchains/XcodeDefault.xctoolchain/usr/bin/appintentsmetadataprocessor --toolchain-dir /var/run/com.apple.security.cryptexd/mnt/com.apple.MobileAsset.MetalToolchain-v17.6.109.0.4yApNb/Metal.xctoolchain --module-name PastelRTS --sdk-root /Applications/Xcode_26.6.app/Contents/Developer/Platforms/iPhoneSimulator.platform/Developer/SDKs/iPhoneSimulator26.5.sdk --xcode-version 17F113 --platform-family iOS --deployment-target 17.0 --bundle-identifier com.pastelrts.app --output /Users/runner/Library/Developer/Xcode/DerivedData/PastelRTS-bnhetfgajalhxehbeatskrbzzzjp/Build/Products/Debug-iphonesimulator/PastelRTS.app --target-triple arm64-apple-ios17.0-simulator --target-triple x86_64-apple-ios17.0-simulator --binary-file /Users/runner/Library/Developer/Xcode/DerivedData/PastelRTS-bnhetfgajalhxehbeatskrbzzzjp/Build/Products/Debug-iphonesimulator/PastelRTS.app/PastelRTS --dependency-file /Users/runner/Library/Developer/Xcode/DerivedData/PastelRTS-bnhetfgajalhxehbeatskrbzzzjp/Build/Intermediates.noindex/PastelRTS.build/Debug-iphonesimulator/PastelRTS.build/Objects-normal/arm64/PastelRTS_dependency_info.dat --dependency-file /Users/runner/Library/Developer/Xcode/DerivedData/PastelRTS-bnhetfgajalhxehbeatskrbzzzjp/Build/Intermediates.noindex/PastelRTS.build/Debug-iphonesimulator/PastelRTS.build/Objects-normal/x86_64/PastelRTS_dependency_info.dat --stringsdata-file /Users/runner/Library/Developer/Xcode/DerivedData/PastelRTS-bnhetfgajalhxehbeatskrbzzzjp/Build/Intermediates.noindex/PastelRTS.build/Debug-iphonesimulator/PastelRTS.build/Objects-normal/arm64/ExtractedAppShortcutsMetadata.stringsdata --stringsdata-file /Users/runner/Library/Developer/Xcode/DerivedData/PastelRTS-bnhetfgajalhxehbeatskrbzzzjp/Build/Intermediates.noindex/PastelRTS.build/Debug-iphonesimulator/PastelRTS.build/Objects-normal/x86_64/ExtractedAppShortcutsMetadata.stringsdata --source-file-list /Users/runner/Library/Developer/Xcode/DerivedData/PastelRTS-bnhetfgajalhxehbeatskrbzzzjp/Build/Intermediates.noindex/PastelRTS.build/Debug-iphonesimulator/PastelRTS.build/Objects-normal/arm64/PastelRTS.SwiftFileList --source-file-list /Users/runner/Library/Developer/Xcode/DerivedData/PastelRTS-bnhetfgajalhxehbeatskrbzzzjp/Build/Intermediates.noindex/PastelRTS.build/Debug-iphonesimulator/PastelRTS.build/Objects-normal/x86_64/PastelRTS.SwiftFileList --metadata-file-list /Users/runner/Library/Developer/Xcode/DerivedData/PastelRTS-bnhetfgajalhxehbeatskrbzzzjp/Build/Intermediates.noindex/PastelRTS.build/Debug-iphonesimulator/PastelRTS.build/PastelRTS.DependencyMetadataFileList --static-metadata-file-list /Users/runner/Library/Developer/Xcode/DerivedData/PastelRTS-bnhetfgajalhxehbeatskrbzzzjp/Build/Intermediates.noindex/PastelRTS.build/Debug-iphonesimulator/PastelRTS.build/PastelRTS.DependencyStaticMetadataFileList --swift-const-vals-list /Users/runner/Library/Developer/Xcode/DerivedData/PastelRTS-bnhetfgajalhxehbeatskrbzzzjp/Build/Intermediates.noindex/PastelRTS.build/Debug-iphonesimulator/PastelRTS.build/Objects-normal/arm64/PastelRTS.SwiftConstValuesFileList --swift-const-vals-list /Users/runner/Library/Developer/Xcode/DerivedData/PastelRTS-bnhetfgajalhxehbeatskrbzzzjp/Build/Intermediates.noindex/PastelRTS.build/Debug-iphonesimulator/PastelRTS.build/Objects-normal/x86_64/PastelRTS.SwiftConstValuesFileList --compile-time-extraction --deployment-aware-processing --validate-assistant-intents --no-app-shortcuts-localization
iOS simulator compile	Compile for iOS Simulator	2026-09-05T16:34:11.2952160Z 2026-09-05 16:34:11.282 appintentsmetadataprocessor[6308:21963] Starting appintentsmetadataprocessor export
iOS simulator compile	Compile for iOS Simulator	2026-09-05T16:34:11.2954390Z 2026-09-05 16:34:11.292 appintentsmetadataprocessor[6308:21963] warning: Metadata extraction skipped. No AppIntents.framework dependency found.
iOS simulator compile	Compile for iOS Simulator	2026-09-05T16:34:11.2955060Z 
iOS simulator compile	Compile for iOS Simulator	2026-09-05T16:34:11.2956150Z CopySwiftLibs /Users/runner/Library/Developer/Xcode/DerivedData/PastelRTS-bnhetfgajalhxehbeatskrbzzzjp/Build/Products/Debug-iphonesimulator/PastelRTS.app (in target 'PastelRTS' from project 'PastelRTS')
iOS simulator compile	Compile for iOS Simulator	2026-09-05T16:34:11.2957810Z     cd /Users/runner/work/pastel-rts/pastel-rts/apps/ios-shell
iOS simulator compile	Compile for iOS Simulator	2026-09-05T16:34:11.2965070Z     builtin-swiftStdLibTool --copy --verbose --scan-executable /Users/runner/Library/Developer/Xcode/DerivedData/PastelRTS-bnhetfgajalhxehbeatskrbzzzjp/Build/Products/Debug-iphonesimulator/PastelRTS.app/PastelRTS.debug.dylib --scan-folder /Users/runner/Library/Developer/Xcode/DerivedData/PastelRTS-bnhetfgajalhxehbeatskrbzzzjp/Build/Products/Debug-iphonesimulator/PastelRTS.app/Frameworks --scan-folder /Users/runner/Library/Developer/Xcode/DerivedData/PastelRTS-bnhetfgajalhxehbeatskrbzzzjp/Build/Products/Debug-iphonesimulator/PastelRTS.app/PlugIns --scan-folder /Users/runner/Library/Developer/Xcode/DerivedData/PastelRTS-bnhetfgajalhxehbeatskrbzzzjp/Build/Products/Debug-iphonesimulator/PastelRTS.app/SystemExtensions --scan-folder /Users/runner/Library/Developer/Xcode/DerivedData/PastelRTS-bnhetfgajalhxehbeatskrbzzzjp/Build/Products/Debug-iphonesimulator/PastelRTS.app/Extensions --platform iphonesimulator --toolchain /var/run/com.apple.security.cryptexd/mnt/com.apple.MobileAsset.MetalToolchain-v17.6.109.0.4yApNb/Metal.xctoolchain --toolchain /Applications/Xcode_26.6.app/Contents/Developer/Toolchains/XcodeDefault.xctoolchain --destination /Users/runner/Library/Developer/Xcode/DerivedData/PastelRTS-bnhetfgajalhxehbeatskrbzzzjp/Build/Products/Debug-iphonesimulator/PastelRTS.app/Frameworks --strip-bitcode --strip-bitcode-tool /Applications/Xcode_26.6.app/Contents/Developer/Toolchains/XcodeDefault.xctoolchain/usr/bin/bitcode_strip --emit-dependency-info /Users/runner/Library/Developer/Xcode/DerivedData/PastelRTS-bnhetfgajalhxehbeatskrbzzzjp/Build/Intermediates.noindex/PastelRTS.build/Debug-iphonesimulator/PastelRTS.build/SwiftStdLibToolInputDependencies.dep --filter-for-swift-os --back-deploy-swift-span
iOS simulator compile	Compile for iOS Simulator	2026-09-05T16:34:11.2972000Z Ignoring --strip-bitcode because --sign was not passed
iOS simulator compile	Compile for iOS Simulator	2026-09-05T16:34:11.2972220Z 
iOS simulator compile	Compile for iOS Simulator	2026-09-05T16:34:11.2972540Z AppIntentsSSUTraining (in target 'PastelRTS' from project 'PastelRTS')
iOS simulator compile	Compile for iOS Simulator	2026-09-05T16:34:11.2973100Z     cd /Users/runner/work/pastel-rts/pastel-rts/apps/ios-shell
iOS simulator compile	Compile for iOS Simulator	2026-09-05T16:34:11.2978600Z     /Applications/Xcode_26.6.app/Contents/Developer/Toolchains/XcodeDefault.xctoolchain/usr/bin/appintentsnltrainingprocessor --infoplist-path /Users/runner/Library/Developer/Xcode/DerivedData/PastelRTS-bnhetfgajalhxehbeatskrbzzzjp/Build/Products/Debug-iphonesimulator/PastelRTS.app/Info.plist --temp-dir-path /Users/runner/Library/Developer/Xcode/DerivedData/PastelRTS-bnhetfgajalhxehbeatskrbzzzjp/Build/Intermediates.noindex/PastelRTS.build/Debug-iphonesimulator/PastelRTS.build/ssu --bundle-id com.pastelrts.app --product-path /Users/runner/Library/Developer/Xcode/DerivedData/PastelRTS-bnhetfgajalhxehbeatskrbzzzjp/Build/Products/Debug-iphonesimulator/PastelRTS.app --extracted-metadata-path /Users/runner/Library/Developer/Xcode/DerivedData/PastelRTS-bnhetfgajalhxehbeatskrbzzzjp/Build/Products/Debug-iphonesimulator/PastelRTS.app/Metadata.appintents --metadata-file-list /Users/runner/Library/Developer/Xcode/DerivedData/PastelRTS-bnhetfgajalhxehbeatskrbzzzjp/Build/Intermediates.noindex/PastelRTS.build/Debug-iphonesimulator/PastelRTS.build/PastelRTS.DependencyMetadataFileList --source-file /Users/runner/Library/Developer/Xcode/DerivedData/PastelRTS-bnhetfgajalhxehbeatskrbzzzjp/Build/Products/Debug-iphonesimulator/PastelRTS.app/Info.plist --archive-ssu-assets
iOS simulator compile	Compile for iOS Simulator	2026-09-05T16:34:11.3452050Z 2026-09-05 16:34:11.336 appintentsnltrainingprocessor[6310:21973] Parsing options for appintentsnltrainingprocessor
iOS simulator compile	Compile for iOS Simulator	2026-09-05T16:34:11.3454650Z 2026-09-05 16:34:11.337 appintentsnltrainingprocessor[6310:21973] Starting AppIntents SSU YAML Generation
iOS simulator compile	Compile for iOS Simulator	2026-09-05T16:34:11.3456860Z 2026-09-05 16:34:11.343 appintentsnltrainingprocessor[6310:21973] No AppShortcuts found - Skipping.
iOS simulator compile	Compile for iOS Simulator	2026-09-05T16:34:11.3457710Z 
iOS simulator compile	Compile for iOS Simulator	2026-09-05T16:34:11.3467470Z RegisterExecutionPolicyException /Users/runner/Library/Developer/Xcode/DerivedData/PastelRTS-bnhetfgajalhxehbeatskrbzzzjp/Build/Products/Debug-iphonesimulator/PastelRTS.app (in target 'PastelRTS' from project 'PastelRTS')
iOS simulator compile	Compile for iOS Simulator	2026-09-05T16:34:11.3470460Z     cd /Users/runner/work/pastel-rts/pastel-rts/apps/ios-shell
iOS simulator compile	Compile for iOS Simulator	2026-09-05T16:34:11.3473280Z     builtin-RegisterExecutionPolicyException /Users/runner/Library/Developer/Xcode/DerivedData/PastelRTS-bnhetfgajalhxehbeatskrbzzzjp/Build/Products/Debug-iphonesimulator/PastelRTS.app
iOS simulator compile	Compile for iOS Simulator	2026-09-05T16:34:11.3570110Z 
iOS simulator compile	Compile for iOS Simulator	2026-09-05T16:34:11.3574070Z Validate /Users/runner/Library/Developer/Xcode/DerivedData/PastelRTS-bnhetfgajalhxehbeatskrbzzzjp/Build/Products/Debug-iphonesimulator/PastelRTS.app (in target 'PastelRTS' from project 'PastelRTS')
iOS simulator compile	Compile for iOS Simulator	2026-09-05T16:34:11.3575150Z     cd /Users/runner/work/pastel-rts/pastel-rts/apps/ios-shell
iOS simulator compile	Compile for iOS Simulator	2026-09-05T16:34:11.3576340Z     builtin-validationUtility /Users/runner/Library/Developer/Xcode/DerivedData/PastelRTS-bnhetfgajalhxehbeatskrbzzzjp/Build/Products/Debug-iphonesimulator/PastelRTS.app -shallow-bundle -infoplist-subpath Info.plist
iOS simulator compile	Compile for iOS Simulator	2026-09-05T16:34:11.3775380Z 
iOS simulator compile	Compile for iOS Simulator	2026-09-05T16:34:11.3778280Z Touch /Users/runner/Library/Developer/Xcode/DerivedData/PastelRTS-bnhetfgajalhxehbeatskrbzzzjp/Build/Products/Debug-iphonesimulator/PastelRTS.app (in target 'PastelRTS' from project 'PastelRTS')
iOS simulator compile	Compile for iOS Simulator	2026-09-05T16:34:11.3779410Z     cd /Users/runner/work/pastel-rts/pastel-rts/apps/ios-shell
iOS simulator compile	Compile for iOS Simulator	2026-09-05T16:34:11.3780280Z     /usr/bin/touch -c /Users/runner/Library/Developer/Xcode/DerivedData/PastelRTS-bnhetfgajalhxehbeatskrbzzzjp/Build/Products/Debug-iphonesimulator/PastelRTS.app
iOS simulator compile	Compile for iOS Simulator	2026-09-05T16:34:11.3836940Z 
iOS simulator compile	Compile for iOS Simulator	2026-09-05T16:34:11.4463050Z ** BUILD SUCCEEDED **
iOS simulator compile	Compile for iOS Simulator	2026-09-05T16:34:11.4464120Z 
iOS simulator compile	Post Run actions/setup-node@v4	﻿2026-09-05T16:34:11.5797260Z Node 20 is being deprecated. This workflow is running with Node 24 by default. If you need to temporarily use Node 20, you can set the ACTIONS_ALLOW_USE_UNSECURE_NODE_VERSION=true environment variable. For more information see: https://github.blog/changelog/2025-09-19-deprecation-of-node-20-on-github-actions-runners/
iOS simulator compile	Post Run actions/setup-node@v4	2026-09-05T16:34:11.5800150Z Post job cleanup.
iOS simulator compile	Post Run actions/setup-node@v4	2026-09-05T16:34:12.0593050Z (node:6312) [DEP0040] DeprecationWarning: The `punycode` module is deprecated. Please use a userland alternative instead.
iOS simulator compile	Post Run actions/setup-node@v4	2026-09-05T16:34:12.0595850Z Cache hit occurred on the primary key node-cache-macOS-arm64-npm-201a7f779f6b2a1f19c1624cd1146fec8c729e3f162f398545aba35a0da58946, not saving cache.
iOS simulator compile	Post Run actions/setup-node@v4	2026-09-05T16:34:12.0596830Z (Use `node --trace-deprecation ...` to show where the warning was created)
iOS simulator compile	Post Run actions/checkout@v4	﻿2026-09-05T16:34:12.0762250Z Node 20 is being deprecated. This workflow is running with Node 24 by default. If you need to temporarily use Node 20, you can set the ACTIONS_ALLOW_USE_UNSECURE_NODE_VERSION=true environment variable. For more information see: https://github.blog/changelog/2025-09-19-deprecation-of-node-20-on-github-actions-runners/
iOS simulator compile	Post Run actions/checkout@v4	2026-09-05T16:34:12.0763260Z Post job cleanup.
iOS simulator compile	Post Run actions/checkout@v4	2026-09-05T16:34:12.2369830Z [command]/opt/homebrew/bin/git version
iOS simulator compile	Post Run actions/checkout@v4	2026-09-05T16:34:12.2659170Z git version 2.55.0
iOS simulator compile	Post Run actions/checkout@v4	2026-09-05T16:34:12.2685710Z Copying '/Users/runner/.gitconfig' to '/Users/runner/work/_temp/27ea2b44-939c-4e63-be02-4d5e83b2f549/.gitconfig'
iOS simulator compile	Post Run actions/checkout@v4	2026-09-05T16:34:12.2691660Z Temporarily overriding HOME='/Users/runner/work/_temp/27ea2b44-939c-4e63-be02-4d5e83b2f549' before making global git config changes
iOS simulator compile	Post Run actions/checkout@v4	2026-09-05T16:34:12.2694870Z Adding repository directory to the temporary git global config as a safe directory
iOS simulator compile	Post Run actions/checkout@v4	2026-09-05T16:34:12.2696630Z [command]/opt/homebrew/bin/git config --global --add safe.directory /Users/runner/work/pastel-rts/pastel-rts
iOS simulator compile	Post Run actions/checkout@v4	2026-09-05T16:34:12.2858810Z [command]/opt/homebrew/bin/git config --local --name-only --get-regexp core\.sshCommand
iOS simulator compile	Post Run actions/checkout@v4	2026-09-05T16:34:12.2965120Z [command]/opt/homebrew/bin/git submodule foreach --recursive sh -c "git config --local --name-only --get-regexp 'core\.sshCommand' && git config --local --unset-all 'core.sshCommand' || :"
iOS simulator compile	Post Run actions/checkout@v4	2026-09-05T16:34:12.4972630Z [command]/opt/homebrew/bin/git config --local --name-only --get-regexp http\.https\:\/\/github\.com\/\.extraheader
iOS simulator compile	Post Run actions/checkout@v4	2026-09-05T16:34:12.5045870Z http.https://github.com/.extraheader
iOS simulator compile	Post Run actions/checkout@v4	2026-09-05T16:34:12.5153250Z [command]/opt/homebrew/bin/git config --local --unset-all http.https://github.com/.extraheader
iOS simulator compile	Post Run actions/checkout@v4	2026-09-05T16:34:12.5198280Z [command]/opt/homebrew/bin/git submodule foreach --recursive sh -c "git config --local --name-only --get-regexp 'http\.https\:\/\/github\.com\/\.extraheader' && git config --local --unset-all 'http.https://github.com/.extraheader' || :"
iOS simulator compile	Post Run actions/checkout@v4	2026-09-05T16:34:12.6768130Z [command]/opt/homebrew/bin/git config --local --name-only --get-regexp ^includeIf\.gitdir:
iOS simulator compile	Post Run actions/checkout@v4	2026-09-05T16:34:12.7074640Z [command]/opt/homebrew/bin/git submodule foreach --recursive git config --local --show-origin --name-only --get-regexp remote.origin.url
iOS simulator compile	Complete job	﻿2026-09-05T16:34:12.8509770Z Cleaning up orphan processes
iOS simulator compile	Complete job	2026-09-05T16:34:14.6168280Z ##[warning]Node.js 20 is deprecated. The following actions target Node.js 20 but are being forced to run on Node.js 24: actions/checkout@v4, actions/setup-node@v4. For more information see: https://github.blog/changelog/2025-09-19-deprecation-of-node-20-on-github-actions-runners/
Web typecheck, test, build, Playwright	Set up job	﻿2026-09-05T16:32:55.2375455Z Current runner version: '2.337.0'
Web typecheck, test, build, Playwright	Set up job	2026-09-05T16:32:55.2401669Z ##[group]Runner Image Provisioner
Web typecheck, test, build, Playwright	Set up job	2026-09-05T16:32:55.2402552Z Hosted Compute Agent
Web typecheck, test, build, Playwright	Set up job	2026-09-05T16:32:55.2403211Z Version: 20260828.587
Web typecheck, test, build, Playwright	Set up job	2026-09-05T16:32:55.2403896Z Commit: abac92662cab4cc7352de4f9f9d2e2419aad9c29
Web typecheck, test, build, Playwright	Set up job	2026-09-05T16:32:55.2404684Z Build Date: 2026-08-28T16:44:25Z
Web typecheck, test, build, Playwright	Set up job	2026-09-05T16:32:55.2405474Z Worker ID: {1c3c388f-6a3a-4d2c-8071-00e0158104f9}
Web typecheck, test, build, Playwright	Set up job	2026-09-05T16:32:55.2406192Z Azure Region: westus
Web typecheck, test, build, Playwright	Set up job	2026-09-05T16:32:55.2407081Z ##[endgroup]
Web typecheck, test, build, Playwright	Set up job	2026-09-05T16:32:55.2408592Z ##[group]Operating System
Web typecheck, test, build, Playwright	Set up job	2026-09-05T16:32:55.2409261Z Ubuntu
Web typecheck, test, build, Playwright	Set up job	2026-09-05T16:32:55.2409895Z 24.04.4
Web typecheck, test, build, Playwright	Set up job	2026-09-05T16:32:55.2410420Z LTS
Web typecheck, test, build, Playwright	Set up job	2026-09-05T16:32:55.2410969Z ##[endgroup]
Web typecheck, test, build, Playwright	Set up job	2026-09-05T16:32:55.2411544Z ##[group]Runner Image
Web typecheck, test, build, Playwright	Set up job	2026-09-05T16:32:55.2412173Z Image: ubuntu-24.04
Web typecheck, test, build, Playwright	Set up job	2026-09-05T16:32:55.2412864Z Version: 20260831.293.1
Web typecheck, test, build, Playwright	Set up job	2026-09-05T16:32:55.2413987Z Included Software: https://github.com/actions/runner-images/blob/ubuntu24/20260831.293/images/ubuntu/Ubuntu2404-Readme.md
Web typecheck, test, build, Playwright	Set up job	2026-09-05T16:32:55.2415928Z Image Release: https://github.com/actions/runner-images/releases/tag/ubuntu24%2F20260831.293
Web typecheck, test, build, Playwright	Set up job	2026-09-05T16:32:55.2417185Z ##[endgroup]
Web typecheck, test, build, Playwright	Set up job	2026-09-05T16:32:55.2418479Z ##[group]GITHUB_TOKEN Permissions
Web typecheck, test, build, Playwright	Set up job	2026-09-05T16:32:55.2420399Z Contents: read
Web typecheck, test, build, Playwright	Set up job	2026-09-05T16:32:55.2421123Z Metadata: read
Web typecheck, test, build, Playwright	Set up job	2026-09-05T16:32:55.2421726Z Packages: read
Web typecheck, test, build, Playwright	Set up job	2026-09-05T16:32:55.2422331Z ##[endgroup]
Web typecheck, test, build, Playwright	Set up job	2026-09-05T16:32:55.2424448Z Secret source: Actions
Web typecheck, test, build, Playwright	Set up job	2026-09-05T16:32:55.2425605Z Prepare workflow directory
Web typecheck, test, build, Playwright	Set up job	2026-09-05T16:32:55.2768826Z Prepare all required actions
Web typecheck, test, build, Playwright	Set up job	2026-09-05T16:32:55.2820753Z Getting action download info
Web typecheck, test, build, Playwright	Set up job	2026-09-05T16:32:55.6513572Z Download action repository 'actions/checkout@v4' (SHA:11d5960a326750d5838078e36cf38b85af677262)
Web typecheck, test, build, Playwright	Set up job	2026-09-05T16:32:55.7846156Z Download action repository 'actions/setup-node@v4' (SHA:49933ea5288caeca8642d1e84afbd3f7d6820020)
Web typecheck, test, build, Playwright	Set up job	2026-09-05T16:32:55.8830414Z Download action repository 'actions/cache@v4' (SHA:0057852bfaa89a56745cba8c7296529d2fc39830)
Web typecheck, test, build, Playwright	Set up job	2026-09-05T16:32:55.9776307Z Download action repository 'actions/upload-artifact@v4' (SHA:ea165f8d65b6e75b540449e92b4886f43607fa02)
Web typecheck, test, build, Playwright	Set up job	2026-09-05T16:32:56.1897269Z Complete job name: Web typecheck, test, build, Playwright
Web typecheck, test, build, Playwright	Run actions/checkout@v4	﻿2026-09-05T16:32:56.2705273Z Node 20 is being deprecated. This workflow is running with Node 24 by default. If you need to temporarily use Node 20, you can set the ACTIONS_ALLOW_USE_UNSECURE_NODE_VERSION=true environment variable. For more information see: https://github.blog/changelog/2025-09-19-deprecation-of-node-20-on-github-actions-runners/
Web typecheck, test, build, Playwright	Run actions/checkout@v4	2026-09-05T16:32:56.2714663Z ##[group]Run actions/checkout@v4
Web typecheck, test, build, Playwright	Run actions/checkout@v4	2026-09-05T16:32:56.2715430Z with:
Web typecheck, test, build, Playwright	Run actions/checkout@v4	2026-09-05T16:32:56.2715912Z   repository: prateekranka/pastel-rts
Web typecheck, test, build, Playwright	Run actions/checkout@v4	2026-09-05T16:32:56.2720188Z   token: ***
Web typecheck, test, build, Playwright	Run actions/checkout@v4	2026-09-05T16:32:56.2720632Z   ssh-strict: true
Web typecheck, test, build, Playwright	Run actions/checkout@v4	2026-09-05T16:32:56.2721074Z   ssh-user: git
Web typecheck, test, build, Playwright	Run actions/checkout@v4	2026-09-05T16:32:56.2721526Z   persist-credentials: true
Web typecheck, test, build, Playwright	Run actions/checkout@v4	2026-09-05T16:32:56.2722019Z   clean: true
Web typecheck, test, build, Playwright	Run actions/checkout@v4	2026-09-05T16:32:56.2722468Z   sparse-checkout-cone-mode: true
Web typecheck, test, build, Playwright	Run actions/checkout@v4	2026-09-05T16:32:56.2723033Z   fetch-depth: 1
Web typecheck, test, build, Playwright	Run actions/checkout@v4	2026-09-05T16:32:56.2723479Z   fetch-tags: false
Web typecheck, test, build, Playwright	Run actions/checkout@v4	2026-09-05T16:32:56.2723939Z   show-progress: true
Web typecheck, test, build, Playwright	Run actions/checkout@v4	2026-09-05T16:32:56.2724389Z   lfs: false
Web typecheck, test, build, Playwright	Run actions/checkout@v4	2026-09-05T16:32:56.2724822Z   submodules: false
Web typecheck, test, build, Playwright	Run actions/checkout@v4	2026-09-05T16:32:56.2725316Z   set-safe-directory: true
Web typecheck, test, build, Playwright	Run actions/checkout@v4	2026-09-05T16:32:56.2725836Z   allow-unsafe-pr-checkout: false
Web typecheck, test, build, Playwright	Run actions/checkout@v4	2026-09-05T16:32:56.2726825Z ##[endgroup]
Web typecheck, test, build, Playwright	Run actions/checkout@v4	2026-09-05T16:32:56.3769168Z Syncing repository: prateekranka/pastel-rts
Web typecheck, test, build, Playwright	Run actions/checkout@v4	2026-09-05T16:32:56.3771398Z ##[group]Getting Git version info
Web typecheck, test, build, Playwright	Run actions/checkout@v4	2026-09-05T16:32:56.3772416Z Working directory is '/home/runner/work/pastel-rts/pastel-rts'
Web typecheck, test, build, Playwright	Run actions/checkout@v4	2026-09-05T16:32:56.3773661Z [command]/usr/bin/git version
Web typecheck, test, build, Playwright	Run actions/checkout@v4	2026-09-05T16:32:56.3863815Z git version 2.55.0
Web typecheck, test, build, Playwright	Run actions/checkout@v4	2026-09-05T16:32:56.3902451Z ##[endgroup]
Web typecheck, test, build, Playwright	Run actions/checkout@v4	2026-09-05T16:32:56.3918449Z Temporarily overriding HOME='/home/runner/work/_temp/518e1a8c-c1aa-4e4c-b569-ed75c1d023f3' before making global git config changes
Web typecheck, test, build, Playwright	Run actions/checkout@v4	2026-09-05T16:32:56.3926164Z Adding repository directory to the temporary git global config as a safe directory
Web typecheck, test, build, Playwright	Run actions/checkout@v4	2026-09-05T16:32:56.3929393Z [command]/usr/bin/git config --global --add safe.directory /home/runner/work/pastel-rts/pastel-rts
Web typecheck, test, build, Playwright	Run actions/checkout@v4	2026-09-05T16:32:56.3981790Z Deleting the contents of '/home/runner/work/pastel-rts/pastel-rts'
Web typecheck, test, build, Playwright	Run actions/checkout@v4	2026-09-05T16:32:56.3987205Z ##[group]Initializing the repository
Web typecheck, test, build, Playwright	Run actions/checkout@v4	2026-09-05T16:32:56.3992606Z [command]/usr/bin/git init /home/runner/work/pastel-rts/pastel-rts
Web typecheck, test, build, Playwright	Run actions/checkout@v4	2026-09-05T16:32:56.4112192Z hint: Using 'master' as the name for the initial branch. This default branch name
Web typecheck, test, build, Playwright	Run actions/checkout@v4	2026-09-05T16:32:56.4114392Z hint: will change to "main" in Git 3.0. To configure the initial branch name
Web typecheck, test, build, Playwright	Run actions/checkout@v4	2026-09-05T16:32:56.4116044Z hint: to use in all of your new repositories, which will suppress this warning,
Web typecheck, test, build, Playwright	Run actions/checkout@v4	2026-09-05T16:32:56.4117702Z hint: call:
Web typecheck, test, build, Playwright	Run actions/checkout@v4	2026-09-05T16:32:56.4118668Z hint:
Web typecheck, test, build, Playwright	Run actions/checkout@v4	2026-09-05T16:32:56.4119679Z hint: 	git config --global init.defaultBranch <name>
Web typecheck, test, build, Playwright	Run actions/checkout@v4	2026-09-05T16:32:56.4121044Z hint:
Web typecheck, test, build, Playwright	Run actions/checkout@v4	2026-09-05T16:32:56.4122302Z hint: Names commonly chosen instead of 'master' are 'main', 'trunk' and
Web typecheck, test, build, Playwright	Run actions/checkout@v4	2026-09-05T16:32:56.4124103Z hint: 'development'. The just-created branch can be renamed via this command:
Web typecheck, test, build, Playwright	Run actions/checkout@v4	2026-09-05T16:32:56.4237214Z hint:
Web typecheck, test, build, Playwright	Run actions/checkout@v4	2026-09-05T16:32:56.4238309Z hint: 	git branch -m <name>
Web typecheck, test, build, Playwright	Run actions/checkout@v4	2026-09-05T16:32:56.4239215Z hint:
Web typecheck, test, build, Playwright	Run actions/checkout@v4	2026-09-05T16:32:56.4240293Z hint: Disable this message with "git config set advice.defaultBranchName false"
Web typecheck, test, build, Playwright	Run actions/checkout@v4	2026-09-05T16:32:56.4242077Z Initialized empty Git repository in /home/runner/work/pastel-rts/pastel-rts/.git/
Web typecheck, test, build, Playwright	Run actions/checkout@v4	2026-09-05T16:32:56.4245003Z [command]/usr/bin/git remote add origin https://github.com/prateekranka/pastel-rts
Web typecheck, test, build, Playwright	Run actions/checkout@v4	2026-09-05T16:32:56.4247988Z ##[endgroup]
Web typecheck, test, build, Playwright	Run actions/checkout@v4	2026-09-05T16:32:56.4249236Z ##[group]Disabling automatic garbage collection
Web typecheck, test, build, Playwright	Run actions/checkout@v4	2026-09-05T16:32:56.4250406Z [command]/usr/bin/git config --local gc.auto 0
Web typecheck, test, build, Playwright	Run actions/checkout@v4	2026-09-05T16:32:56.4252606Z ##[endgroup]
Web typecheck, test, build, Playwright	Run actions/checkout@v4	2026-09-05T16:32:56.4253767Z ##[group]Setting up auth
Web typecheck, test, build, Playwright	Run actions/checkout@v4	2026-09-05T16:32:56.4255017Z [command]/usr/bin/git config --local --name-only --get-regexp core\.sshCommand
Web typecheck, test, build, Playwright	Run actions/checkout@v4	2026-09-05T16:32:56.4277430Z [command]/usr/bin/git submodule foreach --recursive sh -c "git config --local --name-only --get-regexp 'core\.sshCommand' && git config --local --unset-all 'core.sshCommand' || :"
Web typecheck, test, build, Playwright	Run actions/checkout@v4	2026-09-05T16:32:56.4739421Z [command]/usr/bin/git config --local --name-only --get-regexp http\.https\:\/\/github\.com\/\.extraheader
Web typecheck, test, build, Playwright	Run actions/checkout@v4	2026-09-05T16:32:56.4782762Z [command]/usr/bin/git submodule foreach --recursive sh -c "git config --local --name-only --get-regexp 'http\.https\:\/\/github\.com\/\.extraheader' && git config --local --unset-all 'http.https://github.com/.extraheader' || :"
Web typecheck, test, build, Playwright	Run actions/checkout@v4	2026-09-05T16:32:56.5062410Z [command]/usr/bin/git config --local --name-only --get-regexp ^includeIf\.gitdir:
Web typecheck, test, build, Playwright	Run actions/checkout@v4	2026-09-05T16:32:56.5107890Z [command]/usr/bin/git submodule foreach --recursive git config --local --show-origin --name-only --get-regexp remote.origin.url
Web typecheck, test, build, Playwright	Run actions/checkout@v4	2026-09-05T16:32:56.5340490Z [command]/usr/bin/git config --local http.https://github.com/.extraheader AUTHORIZATION: basic ***
Web typecheck, test, build, Playwright	Run actions/checkout@v4	2026-09-05T16:32:56.5381459Z ##[endgroup]
Web typecheck, test, build, Playwright	Run actions/checkout@v4	2026-09-05T16:32:56.5382388Z ##[group]Fetching the repository
Web typecheck, test, build, Playwright	Run actions/checkout@v4	2026-09-05T16:32:56.5391667Z [command]/usr/bin/git -c protocol.version=2 fetch --no-tags --prune --no-recurse-submodules --depth=1 origin +5823f922ef313daf3f8bd4d874d2dcb6eab50c94:refs/remotes/pull/4/merge
Web typecheck, test, build, Playwright	Run actions/checkout@v4	2026-09-05T16:32:58.9684117Z From https://github.com/prateekranka/pastel-rts
Web typecheck, test, build, Playwright	Run actions/checkout@v4	2026-09-05T16:32:58.9685630Z  * [new ref]         5823f922ef313daf3f8bd4d874d2dcb6eab50c94 -> pull/4/merge
Web typecheck, test, build, Playwright	Run actions/checkout@v4	2026-09-05T16:32:58.9689341Z ##[endgroup]
Web typecheck, test, build, Playwright	Run actions/checkout@v4	2026-09-05T16:32:58.9690694Z ##[group]Determining the checkout info
Web typecheck, test, build, Playwright	Run actions/checkout@v4	2026-09-05T16:32:58.9693142Z ##[endgroup]
Web typecheck, test, build, Playwright	Run actions/checkout@v4	2026-09-05T16:32:58.9700182Z [command]/usr/bin/git sparse-checkout disable
Web typecheck, test, build, Playwright	Run actions/checkout@v4	2026-09-05T16:32:58.9757747Z [command]/usr/bin/git config --local --unset-all extensions.worktreeConfig
Web typecheck, test, build, Playwright	Run actions/checkout@v4	2026-09-05T16:32:58.9791291Z ##[group]Checking out the ref
Web typecheck, test, build, Playwright	Run actions/checkout@v4	2026-09-05T16:32:58.9795393Z [command]/usr/bin/git checkout --progress --force refs/remotes/pull/4/merge
Web typecheck, test, build, Playwright	Run actions/checkout@v4	2026-09-05T16:32:59.1044940Z Note: switching to 'refs/remotes/pull/4/merge'.
Web typecheck, test, build, Playwright	Run actions/checkout@v4	2026-09-05T16:32:59.1045659Z 
Web typecheck, test, build, Playwright	Run actions/checkout@v4	2026-09-05T16:32:59.1046036Z You are in 'detached HEAD' state. You can look around, make experimental
Web typecheck, test, build, Playwright	Run actions/checkout@v4	2026-09-05T16:32:59.1047449Z changes and commit them, and you can discard any commits you make in this
Web typecheck, test, build, Playwright	Run actions/checkout@v4	2026-09-05T16:32:59.1048086Z state without impacting any branches by switching back to a branch.
Web typecheck, test, build, Playwright	Run actions/checkout@v4	2026-09-05T16:32:59.1048471Z 
Web typecheck, test, build, Playwright	Run actions/checkout@v4	2026-09-05T16:32:59.1048749Z If you want to create a new branch to retain commits you create, you may
Web typecheck, test, build, Playwright	Run actions/checkout@v4	2026-09-05T16:32:59.1049342Z do so (now or later) by using -c with the switch command. Example:
Web typecheck, test, build, Playwright	Run actions/checkout@v4	2026-09-05T16:32:59.1049657Z 
Web typecheck, test, build, Playwright	Run actions/checkout@v4	2026-09-05T16:32:59.1049824Z   git switch -c <new-branch-name>
Web typecheck, test, build, Playwright	Run actions/checkout@v4	2026-09-05T16:32:59.1050101Z 
Web typecheck, test, build, Playwright	Run actions/checkout@v4	2026-09-05T16:32:59.1050345Z Or undo this operation with:
Web typecheck, test, build, Playwright	Run actions/checkout@v4	2026-09-05T16:32:59.1050640Z 
Web typecheck, test, build, Playwright	Run actions/checkout@v4	2026-09-05T16:32:59.1050842Z   git switch -
Web typecheck, test, build, Playwright	Run actions/checkout@v4	2026-09-05T16:32:59.1051173Z 
Web typecheck, test, build, Playwright	Run actions/checkout@v4	2026-09-05T16:32:59.1051512Z Turn off this advice by setting config variable advice.detachedHead to false
Web typecheck, test, build, Playwright	Run actions/checkout@v4	2026-09-05T16:32:59.1051949Z 
Web typecheck, test, build, Playwright	Run actions/checkout@v4	2026-09-05T16:32:59.1052414Z HEAD is now at 5823f92 Merge 8a84af033d85c3e72bdd2a2d54b46c98980d4d4f into 6be785fe33429cae42f6d4dabd15660a91309827
Web typecheck, test, build, Playwright	Run actions/checkout@v4	2026-09-05T16:32:59.1066349Z ##[endgroup]
Web typecheck, test, build, Playwright	Run actions/checkout@v4	2026-09-05T16:32:59.1113394Z [command]/usr/bin/git log -1 --format=%H
Web typecheck, test, build, Playwright	Run actions/checkout@v4	2026-09-05T16:32:59.1143262Z 5823f922ef313daf3f8bd4d874d2dcb6eab50c94
Web typecheck, test, build, Playwright	Run actions/setup-node@v4	﻿2026-09-05T16:32:59.1441589Z Node 20 is being deprecated. This workflow is running with Node 24 by default. If you need to temporarily use Node 20, you can set the ACTIONS_ALLOW_USE_UNSECURE_NODE_VERSION=true environment variable. For more information see: https://github.blog/changelog/2025-09-19-deprecation-of-node-20-on-github-actions-runners/
Web typecheck, test, build, Playwright	Run actions/setup-node@v4	2026-09-05T16:32:59.1443683Z ##[group]Run actions/setup-node@v4
Web typecheck, test, build, Playwright	Run actions/setup-node@v4	2026-09-05T16:32:59.1444114Z with:
Web typecheck, test, build, Playwright	Run actions/setup-node@v4	2026-09-05T16:32:59.1444470Z   node-version-file: .nvmrc
Web typecheck, test, build, Playwright	Run actions/setup-node@v4	2026-09-05T16:32:59.1444854Z   cache: npm
Web typecheck, test, build, Playwright	Run actions/setup-node@v4	2026-09-05T16:32:59.1445198Z   always-auth: false
Web typecheck, test, build, Playwright	Run actions/setup-node@v4	2026-09-05T16:32:59.1445703Z   check-latest: false
Web typecheck, test, build, Playwright	Run actions/setup-node@v4	2026-09-05T16:32:59.1448902Z   token: ***
Web typecheck, test, build, Playwright	Run actions/setup-node@v4	2026-09-05T16:32:59.1449293Z ##[endgroup]
Web typecheck, test, build, Playwright	Run actions/setup-node@v4	2026-09-05T16:32:59.2900212Z Resolved .nvmrc as 22
Web typecheck, test, build, Playwright	Run actions/setup-node@v4	2026-09-05T16:32:59.2960906Z (node:2228) [DEP0040] DeprecationWarning: The `punycode` module is deprecated. Please use a userland alternative instead.
Web typecheck, test, build, Playwright	Run actions/setup-node@v4	2026-09-05T16:32:59.2962528Z (Use `node --trace-deprecation ...` to show where the warning was created)
Web typecheck, test, build, Playwright	Run actions/setup-node@v4	2026-09-05T16:32:59.2972579Z Found in cache @ /opt/hostedtoolcache/node/22.23.2/x64
Web typecheck, test, build, Playwright	Run actions/setup-node@v4	2026-09-05T16:32:59.2973829Z ##[group]Environment details
Web typecheck, test, build, Playwright	Run actions/setup-node@v4	2026-09-05T16:32:59.7217059Z node: v22.23.2
Web typecheck, test, build, Playwright	Run actions/setup-node@v4	2026-09-05T16:32:59.7217848Z npm: 10.9.8
Web typecheck, test, build, Playwright	Run actions/setup-node@v4	2026-09-05T16:32:59.7218332Z yarn: 1.22.22
Web typecheck, test, build, Playwright	Run actions/setup-node@v4	2026-09-05T16:32:59.7219617Z ##[endgroup]
Web typecheck, test, build, Playwright	Run actions/setup-node@v4	2026-09-05T16:32:59.7241916Z [command]/opt/hostedtoolcache/node/22.23.2/x64/bin/npm config get cache
Web typecheck, test, build, Playwright	Run actions/setup-node@v4	2026-09-05T16:32:59.8420657Z /home/runner/.npm
Web typecheck, test, build, Playwright	Run actions/setup-node@v4	2026-09-05T16:33:00.1022169Z Cache hit for: node-cache-Linux-x64-npm-201a7f779f6b2a1f19c1624cd1146fec8c729e3f162f398545aba35a0da58946
Web typecheck, test, build, Playwright	Run actions/setup-node@v4	2026-09-05T16:33:00.1194532Z (node:2228) [DEP0169] DeprecationWarning: `url.parse()` behavior is not standardized and prone to errors that have security implications. Use the WHATWG URL API instead. CVEs are not issued for `url.parse()` vulnerabilities.
Web typecheck, test, build, Playwright	Run actions/setup-node@v4	2026-09-05T16:33:01.4137984Z Received 0 of 37443813 (0.0%), 0.0 MBs/sec
Web typecheck, test, build, Playwright	Run actions/setup-node@v4	2026-09-05T16:33:01.8289593Z Received 37443813 of 37443813 (100.0%), 25.2 MBs/sec
Web typecheck, test, build, Playwright	Run actions/setup-node@v4	2026-09-05T16:33:01.8290793Z Cache Size: ~36 MB (37443813 B)
Web typecheck, test, build, Playwright	Run actions/setup-node@v4	2026-09-05T16:33:01.8322263Z [command]/usr/bin/tar -xf /home/runner/work/_temp/b19e4ab1-5425-4228-a1f3-c4acd5543078/cache.tzst -P -C /home/runner/work/pastel-rts/pastel-rts --use-compress-program unzstd
Web typecheck, test, build, Playwright	Run actions/setup-node@v4	2026-09-05T16:33:01.9351532Z Cache restored successfully
Web typecheck, test, build, Playwright	Run actions/setup-node@v4	2026-09-05T16:33:01.9377368Z Cache restored from key: node-cache-Linux-x64-npm-201a7f779f6b2a1f19c1624cd1146fec8c729e3f162f398545aba35a0da58946
Web typecheck, test, build, Playwright	Install	﻿2026-09-05T16:33:01.9556949Z ##[group]Run npm ci
Web typecheck, test, build, Playwright	Install	2026-09-05T16:33:01.9557403Z ^[[36;1mnpm ci^[[0m
Web typecheck, test, build, Playwright	Install	2026-09-05T16:33:01.9606038Z shell: /usr/bin/bash -e {0}
Web typecheck, test, build, Playwright	Install	2026-09-05T16:33:01.9606350Z ##[endgroup]
Web typecheck, test, build, Playwright	Install	2026-09-05T16:33:04.1524383Z npm warn deprecated whatwg-encoding@3.1.1: Use @exodus/bytes instead for a more spec-conformant and faster implementation
Web typecheck, test, build, Playwright	Install	2026-09-05T16:33:05.2408432Z npm warn deprecated eslint@9.39.5: This version is no longer supported. Please see https://eslint.org/version-support for other options.
Web typecheck, test, build, Playwright	Install	2026-09-05T16:33:05.9124619Z 
Web typecheck, test, build, Playwright	Install	2026-09-05T16:33:05.9125544Z added 212 packages, and audited 219 packages in 4s
Web typecheck, test, build, Playwright	Install	2026-09-05T16:33:05.9126061Z 
Web typecheck, test, build, Playwright	Install	2026-09-05T16:33:05.9126389Z 58 packages are looking for funding
Web typecheck, test, build, Playwright	Install	2026-09-05T16:33:05.9127214Z   run `npm fund` for details
Web typecheck, test, build, Playwright	Install	2026-09-05T16:33:05.9137365Z 
Web typecheck, test, build, Playwright	Install	2026-09-05T16:33:05.9137799Z found 0 vulnerabilities
Web typecheck, test, build, Playwright	Typecheck	﻿2026-09-05T16:33:05.9709629Z ##[group]Run npm run typecheck
Web typecheck, test, build, Playwright	Typecheck	2026-09-05T16:33:05.9709982Z ^[[36;1mnpm run typecheck^[[0m
Web typecheck, test, build, Playwright	Typecheck	2026-09-05T16:33:05.9749427Z shell: /usr/bin/bash -e {0}
Web typecheck, test, build, Playwright	Typecheck	2026-09-05T16:33:05.9749727Z ##[endgroup]
Web typecheck, test, build, Playwright	Typecheck	2026-09-05T16:33:06.0875225Z 
Web typecheck, test, build, Playwright	Typecheck	2026-09-05T16:33:06.0876078Z > pastel-rts@0.0.0 typecheck
Web typecheck, test, build, Playwright	Typecheck	2026-09-05T16:33:06.0879661Z > npm run typecheck --workspace @pastel-rts/content-schema && npm run typecheck --workspace @pastel-rts/simulation && npm run typecheck --workspace @pastel-rts/navigation && npm run typecheck --workspace @pastel-rts/content-server && npm run typecheck --workspace @pastel-rts/game-web && npm run typecheck --workspace @pastel-rts/foundry
Web typecheck, test, build, Playwright	Typecheck	2026-09-05T16:33:06.0882106Z 
Web typecheck, test, build, Playwright	Typecheck	2026-09-05T16:33:06.2093647Z 
Web typecheck, test, build, Playwright	Typecheck	2026-09-05T16:33:06.2094306Z > @pastel-rts/content-schema@0.0.0 typecheck
Web typecheck, test, build, Playwright	Typecheck	2026-09-05T16:33:06.2095111Z > tsc -p tsconfig.json --noEmit
Web typecheck, test, build, Playwright	Typecheck	2026-09-05T16:33:06.2095471Z 
Web typecheck, test, build, Playwright	Typecheck	2026-09-05T16:33:07.7669317Z 
Web typecheck, test, build, Playwright	Typecheck	2026-09-05T16:33:07.7670060Z > @pastel-rts/simulation@0.0.0 typecheck
Web typecheck, test, build, Playwright	Typecheck	2026-09-05T16:33:07.7670632Z > tsc -p tsconfig.json --noEmit
Web typecheck, test, build, Playwright	Typecheck	2026-09-05T16:33:07.7670977Z 
Web typecheck, test, build, Playwright	Typecheck	2026-09-05T16:33:09.3592448Z 
Web typecheck, test, build, Playwright	Typecheck	2026-09-05T16:33:09.3593245Z > @pastel-rts/navigation@0.0.0 typecheck
Web typecheck, test, build, Playwright	Typecheck	2026-09-05T16:33:09.3593768Z > tsc -p tsconfig.json --noEmit
Web typecheck, test, build, Playwright	Typecheck	2026-09-05T16:33:09.3593991Z 
Web typecheck, test, build, Playwright	Typecheck	2026-09-05T16:33:10.6576070Z 
Web typecheck, test, build, Playwright	Typecheck	2026-09-05T16:33:10.6577090Z > @pastel-rts/content-server@0.0.0 typecheck
Web typecheck, test, build, Playwright	Typecheck	2026-09-05T16:33:10.6577903Z > tsc -p tsconfig.json --noEmit
Web typecheck, test, build, Playwright	Typecheck	2026-09-05T16:33:10.6578207Z 
Web typecheck, test, build, Playwright	Typecheck	2026-09-05T16:33:12.1952389Z 
Web typecheck, test, build, Playwright	Typecheck	2026-09-05T16:33:12.1953230Z > @pastel-rts/game-web@0.0.0 typecheck
Web typecheck, test, build, Playwright	Typecheck	2026-09-05T16:33:12.1954040Z > tsc -p tsconfig.json --noEmit
Web typecheck, test, build, Playwright	Typecheck	2026-09-05T16:33:12.1954417Z 
Web typecheck, test, build, Playwright	Typecheck	2026-09-05T16:33:15.8302383Z 
Web typecheck, test, build, Playwright	Typecheck	2026-09-05T16:33:15.8303182Z > @pastel-rts/foundry@0.0.0 typecheck
Web typecheck, test, build, Playwright	Typecheck	2026-09-05T16:33:15.8303981Z > tsc -p tsconfig.json --noEmit
Web typecheck, test, build, Playwright	Typecheck	2026-09-05T16:33:15.8304346Z 
Web typecheck, test, build, Playwright	Lint	﻿2026-09-05T16:33:18.2810001Z ##[group]Run npm run lint
Web typecheck, test, build, Playwright	Lint	2026-09-05T16:33:18.2810315Z ^[[36;1mnpm run lint^[[0m
Web typecheck, test, build, Playwright	Lint	2026-09-05T16:33:18.2847068Z shell: /usr/bin/bash -e {0}
Web typecheck, test, build, Playwright	Lint	2026-09-05T16:33:18.2847351Z ##[endgroup]
Web typecheck, test, build, Playwright	Lint	2026-09-05T16:33:18.3891319Z 
Web typecheck, test, build, Playwright	Lint	2026-09-05T16:33:18.3891670Z > pastel-rts@0.0.0 lint
Web typecheck, test, build, Playwright	Lint	2026-09-05T16:33:18.3892135Z > npm run lint --workspace @pastel-rts/game-web
Web typecheck, test, build, Playwright	Lint	2026-09-05T16:33:18.3892417Z 
Web typecheck, test, build, Playwright	Lint	2026-09-05T16:33:18.5079602Z 
Web typecheck, test, build, Playwright	Lint	2026-09-05T16:33:18.5080289Z > @pastel-rts/game-web@0.0.0 lint
Web typecheck, test, build, Playwright	Lint	2026-09-05T16:33:18.5080892Z > eslint .
Web typecheck, test, build, Playwright	Lint	2026-09-05T16:33:18.5081112Z 
Web typecheck, test, build, Playwright	Unit tests	﻿2026-09-05T16:33:21.4081077Z ##[group]Run npm test
Web typecheck, test, build, Playwright	Unit tests	2026-09-05T16:33:21.4081550Z ^[[36;1mnpm test^[[0m
Web typecheck, test, build, Playwright	Unit tests	2026-09-05T16:33:21.4122639Z shell: /usr/bin/bash -e {0}
Web typecheck, test, build, Playwright	Unit tests	2026-09-05T16:33:21.4122936Z ##[endgroup]
Web typecheck, test, build, Playwright	Unit tests	2026-09-05T16:33:21.5181015Z 
Web typecheck, test, build, Playwright	Unit tests	2026-09-05T16:33:21.5182003Z > pastel-rts@0.0.0 test
Web typecheck, test, build, Playwright	Unit tests	2026-09-05T16:33:21.5184969Z > npm run test --workspace @pastel-rts/content-schema && npm run test --workspace @pastel-rts/simulation && npm run test --workspace @pastel-rts/navigation && npm run test --workspace @pastel-rts/content-server && npm run test --workspace @pastel-rts/foundry && npm run test --workspace @pastel-rts/game-web
Web typecheck, test, build, Playwright	Unit tests	2026-09-05T16:33:21.5186706Z 
Web typecheck, test, build, Playwright	Unit tests	2026-09-05T16:33:21.6381062Z 
Web typecheck, test, build, Playwright	Unit tests	2026-09-05T16:33:21.6381724Z > @pastel-rts/content-schema@0.0.0 test
Web typecheck, test, build, Playwright	Unit tests	2026-09-05T16:33:21.6382329Z > vitest run
Web typecheck, test, build, Playwright	Unit tests	2026-09-05T16:33:21.6382572Z 
Web typecheck, test, build, Playwright	Unit tests	2026-09-05T16:33:21.9375656Z 
Web typecheck, test, build, Playwright	Unit tests	2026-09-05T16:33:21.9378229Z ^[[1m^[[46m RUN ^[[49m^[[22m ^[[36mv3.2.7 ^[[39m^[[90m/home/runner/work/pastel-rts/pastel-rts/packages/content-schema^[[39m
Web typecheck, test, build, Playwright	Unit tests	2026-09-05T16:33:21.9379247Z 
Web typecheck, test, build, Playwright	Unit tests	2026-09-05T16:33:22.4476300Z  ^[[32m✓^[[39m src/unitManifest.test.ts ^[[2m(^[[22m^[[2m5 tests^[[22m^[[2m)^[[22m^[[32m 7^[[2mms^[[22m^[[39m
Web typecheck, test, build, Playwright	Unit tests	2026-09-05T16:33:22.5087646Z  ^[[32m✓^[[39m src/commands.test.ts ^[[2m(^[[22m^[[2m9 tests^[[22m^[[2m)^[[22m^[[32m 12^[[2mms^[[22m^[[39m
Web typecheck, test, build, Playwright	Unit tests	2026-09-05T16:33:22.5550737Z  ^[[32m✓^[[39m src/pack.test.ts ^[[2m(^[[22m^[[2m14 tests^[[22m^[[2m)^[[22m^[[32m 46^[[2mms^[[22m^[[39m
Web typecheck, test, build, Playwright	Unit tests	2026-09-05T16:33:22.8978630Z  ^[[32m✓^[[39m src/map.test.ts ^[[2m(^[[22m^[[2m4 tests^[[22m^[[2m)^[[22m^[[32m 9^[[2mms^[[22m^[[39m
Web typecheck, test, build, Playwright	Unit tests	2026-09-05T16:33:22.9018967Z  ^[[32m✓^[[39m src/fixtures/packFixture.test.ts ^[[2m(^[[22m^[[2m1 test^[[22m^[[2m)^[[22m^[[32m 36^[[2mms^[[22m^[[39m
Web typecheck, test, build, Playwright	Unit tests	2026-09-05T16:33:22.9658771Z  ^[[32m✓^[[39m src/scenario.test.ts ^[[2m(^[[22m^[[2m3 tests^[[22m^[[2m)^[[22m^[[32m 8^[[2mms^[[22m^[[39m
Web typecheck, test, build, Playwright	Unit tests	2026-09-05T16:33:23.2153518Z  ^[[32m✓^[[39m src/pngBounds.test.ts ^[[2m(^[[22m^[[2m1 test^[[22m^[[2m)^[[22m^[[32m 4^[[2mms^[[22m^[[39m
Web typecheck, test, build, Playwright	Unit tests	2026-09-05T16:33:23.2538320Z  ^[[32m✓^[[39m src/contentHash.test.ts ^[[2m(^[[22m^[[2m3 tests^[[22m^[[2m)^[[22m^[[32m 5^[[2mms^[[22m^[[39m
Web typecheck, test, build, Playwright	Unit tests	2026-09-05T16:33:23.2777360Z 
Web typecheck, test, build, Playwright	Unit tests	2026-09-05T16:33:23.2778531Z ^[[2m Test Files ^[[22m ^[[1m^[[32m8 passed^[[39m^[[22m^[[90m (8)^[[39m
Web typecheck, test, build, Playwright	Unit tests	2026-09-05T16:33:23.2779145Z ^[[2m      Tests ^[[22m ^[[1m^[[32m40 passed^[[39m^[[22m^[[90m (40)^[[39m
Web typecheck, test, build, Playwright	Unit tests	2026-09-05T16:33:23.2779616Z ^[[2m   Start at ^[[22m 16:33:21
Web typecheck, test, build, Playwright	Unit tests	2026-09-05T16:33:23.2780363Z ^[[2m   Duration ^[[22m 1.34s^[[2m (transform 343ms, setup 0ms, collect 726ms, tests 128ms, environment 2ms, prepare 1.05s)^[[22m
Web typecheck, test, build, Playwright	Unit tests	2026-09-05T16:33:23.2780891Z 
Web typecheck, test, build, Playwright	Unit tests	2026-09-05T16:33:23.5255376Z 
Web typecheck, test, build, Playwright	Unit tests	2026-09-05T16:33:23.5256226Z > @pastel-rts/simulation@0.0.0 test
Web typecheck, test, build, Playwright	Unit tests	2026-09-05T16:33:23.5256976Z > vitest run
Web typecheck, test, build, Playwright	Unit tests	2026-09-05T16:33:23.5257142Z 
Web typecheck, test, build, Playwright	Unit tests	2026-09-05T16:33:23.8279689Z 
Web typecheck, test, build, Playwright	Unit tests	2026-09-05T16:33:23.8282969Z ^[[1m^[[46m RUN ^[[49m^[[22m ^[[36mv3.2.7 ^[[39m^[[90m/home/runner/work/pastel-rts/pastel-rts/packages/simulation^[[39m
Web typecheck, test, build, Playwright	Unit tests	2026-09-05T16:33:23.8283844Z 
Web typecheck, test, build, Playwright	Unit tests	2026-09-05T16:33:24.4593477Z  ^[[32m✓^[[39m src/simulation.test.ts ^[[2m(^[[22m^[[2m19 tests^[[22m^[[2m)^[[22m^[[32m 48^[[2mms^[[22m^[[39m
Web typecheck, test, build, Playwright	Unit tests	2026-09-05T16:33:24.4741668Z 
Web typecheck, test, build, Playwright	Unit tests	2026-09-05T16:33:24.4747017Z ^[[2m Test Files ^[[22m ^[[1m^[[32m1 passed^[[39m^[[22m^[[90m (1)^[[39m
Web typecheck, test, build, Playwright	Unit tests	2026-09-05T16:33:24.4748325Z ^[[2m      Tests ^[[22m ^[[1m^[[32m19 passed^[[39m^[[22m^[[90m (19)^[[39m
Web typecheck, test, build, Playwright	Unit tests	2026-09-05T16:33:24.4749087Z ^[[2m   Start at ^[[22m 16:33:23
Web typecheck, test, build, Playwright	Unit tests	2026-09-05T16:33:24.4750444Z ^[[2m   Duration ^[[22m 645ms^[[2m (transform 239ms, setup 0ms, collect 295ms, tests 48ms, environment 0ms, prepare 83ms)^[[22m
Web typecheck, test, build, Playwright	Unit tests	2026-09-05T16:33:24.4751222Z 
Web typecheck, test, build, Playwright	Unit tests	2026-09-05T16:33:24.7171912Z 
Web typecheck, test, build, Playwright	Unit tests	2026-09-05T16:33:24.7172859Z > @pastel-rts/navigation@0.0.0 test
Web typecheck, test, build, Playwright	Unit tests	2026-09-05T16:33:24.7173578Z > vitest run
Web typecheck, test, build, Playwright	Unit tests	2026-09-05T16:33:24.7173852Z 
Web typecheck, test, build, Playwright	Unit tests	2026-09-05T16:33:25.0180604Z 
Web typecheck, test, build, Playwright	Unit tests	2026-09-05T16:33:25.0183254Z ^[[1m^[[46m RUN ^[[49m^[[22m ^[[36mv3.2.7 ^[[39m^[[90m/home/runner/work/pastel-rts/pastel-rts/packages/navigation^[[39m
Web typecheck, test, build, Playwright	Unit tests	2026-09-05T16:33:25.0184256Z 
Web typecheck, test, build, Playwright	Unit tests	2026-09-05T16:33:25.7122145Z  ^[[32m✓^[[39m src/separation.test.ts ^[[2m(^[[22m^[[2m2 tests^[[22m^[[2m)^[[22m^[[32m 6^[[2mms^[[22m^[[39m
Web typecheck, test, build, Playwright	Unit tests	2026-09-05T16:33:25.7148002Z  ^[[32m✓^[[39m src/formation.test.ts ^[[2m(^[[22m^[[2m6 tests^[[22m^[[2m)^[[22m^[[32m 10^[[2mms^[[22m^[[39m
Web typecheck, test, build, Playwright	Unit tests	2026-09-05T16:33:25.7391782Z  ^[[32m✓^[[39m src/navigation.test.ts ^[[2m(^[[22m^[[2m13 tests^[[22m^[[2m)^[[22m^[[32m 26^[[2mms^[[22m^[[39m
Web typecheck, test, build, Playwright	Unit tests	2026-09-05T16:33:25.7553250Z 
Web typecheck, test, build, Playwright	Unit tests	2026-09-05T16:33:25.7588399Z ^[[2m Test Files ^[[22m ^[[1m^[[32m3 passed^[[39m^[[22m^[[90m (3)^[[39m
Web typecheck, test, build, Playwright	Unit tests	2026-09-05T16:33:25.7589790Z ^[[2m      Tests ^[[22m ^[[1m^[[32m21 passed^[[39m^[[22m^[[90m (21)^[[39m
Web typecheck, test, build, Playwright	Unit tests	2026-09-05T16:33:25.7590674Z ^[[2m   Start at ^[[22m 16:33:25
Web typecheck, test, build, Playwright	Unit tests	2026-09-05T16:33:25.7608304Z ^[[2m   Duration ^[[22m 734ms^[[2m (transform 457ms, setup 0ms, collect 1.06s, tests 42ms, environment 1ms, prepare 380ms)^[[22m
Web typecheck, test, build, Playwright	Unit tests	2026-09-05T16:33:25.7609315Z 
Web typecheck, test, build, Playwright	Unit tests	2026-09-05T16:33:26.0497321Z 
Web typecheck, test, build, Playwright	Unit tests	2026-09-05T16:33:26.0498045Z > @pastel-rts/content-server@0.0.0 test
Web typecheck, test, build, Playwright	Unit tests	2026-09-05T16:33:26.0498842Z > vitest run
Web typecheck, test, build, Playwright	Unit tests	2026-09-05T16:33:26.0499100Z 
Web typecheck, test, build, Playwright	Unit tests	2026-09-05T16:33:26.3672166Z 
Web typecheck, test, build, Playwright	Unit tests	2026-09-05T16:33:26.3698721Z ^[[1m^[[46m RUN ^[[49m^[[22m ^[[36mv3.2.7 ^[[39m^[[90m/home/runner/work/pastel-rts/pastel-rts/tools/content-server^[[39m
Web typecheck, test, build, Playwright	Unit tests	2026-09-05T16:33:26.3699718Z 
Web typecheck, test, build, Playwright	Unit tests	2026-09-05T16:33:27.1211506Z  ^[[32m✓^[[39m src/packStore.test.ts ^[[2m(^[[22m^[[2m18 tests^[[22m^[[2m)^[[22m^[[32m 170^[[2mms^[[22m^[[39m
Web typecheck, test, build, Playwright	Unit tests	2026-09-05T16:33:27.1369178Z 
Web typecheck, test, build, Playwright	Unit tests	2026-09-05T16:33:27.1373074Z ^[[2m Test Files ^[[22m ^[[1m^[[32m1 passed^[[39m^[[22m^[[90m (1)^[[39m
Web typecheck, test, build, Playwright	Unit tests	2026-09-05T16:33:27.1374584Z ^[[2m      Tests ^[[22m ^[[1m^[[32m18 passed^[[39m^[[22m^[[90m (18)^[[39m
Web typecheck, test, build, Playwright	Unit tests	2026-09-05T16:33:27.1375484Z ^[[2m   Start at ^[[22m 16:33:26
Web typecheck, test, build, Playwright	Unit tests	2026-09-05T16:33:27.1377199Z ^[[2m   Duration ^[[22m 769ms^[[2m (transform 233ms, setup 0ms, collect 296ms, tests 170ms, environment 0ms, prepare 82ms)^[[22m
Web typecheck, test, build, Playwright	Unit tests	2026-09-05T16:33:27.1378102Z 
Web typecheck, test, build, Playwright	Unit tests	2026-09-05T16:33:27.3795378Z 
Web typecheck, test, build, Playwright	Unit tests	2026-09-05T16:33:27.3796003Z > @pastel-rts/foundry@0.0.0 test
Web typecheck, test, build, Playwright	Unit tests	2026-09-05T16:33:27.3796872Z > vitest run
Web typecheck, test, build, Playwright	Unit tests	2026-09-05T16:33:27.3797043Z 
Web typecheck, test, build, Playwright	Unit tests	2026-09-05T16:33:27.6805252Z 
Web typecheck, test, build, Playwright	Unit tests	2026-09-05T16:33:27.6808258Z ^[[1m^[[46m RUN ^[[49m^[[22m ^[[36mv3.2.7 ^[[39m^[[90m/home/runner/work/pastel-rts/pastel-rts/apps/foundry^[[39m
Web typecheck, test, build, Playwright	Unit tests	2026-09-05T16:33:27.6809384Z 
Web typecheck, test, build, Playwright	Unit tests	2026-09-05T16:33:28.1915780Z  ^[[32m✓^[[39m src/editor/history.test.ts ^[[2m(^[[22m^[[2m2 tests^[[22m^[[2m)^[[22m^[[32m 10^[[2mms^[[22m^[[39m
Web typecheck, test, build, Playwright	Unit tests	2026-09-05T16:33:28.2439276Z  ^[[32m✓^[[39m src/library/contentLibrary.test.ts ^[[2m(^[[22m^[[2m2 tests^[[22m^[[2m)^[[22m^[[32m 7^[[2mms^[[22m^[[39m
Web typecheck, test, build, Playwright	Unit tests	2026-09-05T16:33:28.3489534Z  ^[[32m✓^[[39m src/previewProjection.test.ts ^[[2m(^[[22m^[[2m3 tests^[[22m^[[2m)^[[22m^[[32m 34^[[2mms^[[22m^[[39m
Web typecheck, test, build, Playwright	Unit tests	2026-09-05T16:33:28.6524659Z  ^[[32m✓^[[39m src/unit/spriteSheet.test.ts ^[[2m(^[[22m^[[2m2 tests^[[22m^[[2m)^[[22m^[[32m 3^[[2mms^[[22m^[[39m
Web typecheck, test, build, Playwright	Unit tests	2026-09-05T16:33:28.6708308Z 
Web typecheck, test, build, Playwright	Unit tests	2026-09-05T16:33:28.6709478Z ^[[2m Test Files ^[[22m ^[[1m^[[32m4 passed^[[39m^[[22m^[[90m (4)^[[39m
Web typecheck, test, build, Playwright	Unit tests	2026-09-05T16:33:28.6710482Z ^[[2m      Tests ^[[22m ^[[1m^[[32m9 passed^[[39m^[[22m^[[90m (9)^[[39m
Web typecheck, test, build, Playwright	Unit tests	2026-09-05T16:33:28.6711203Z ^[[2m   Start at ^[[22m 16:33:27
Web typecheck, test, build, Playwright	Unit tests	2026-09-05T16:33:28.6712497Z ^[[2m   Duration ^[[22m 987ms^[[2m (transform 527ms, setup 0ms, collect 833ms, tests 54ms, environment 1ms, prepare 462ms)^[[22m
Web typecheck, test, build, Playwright	Unit tests	2026-09-05T16:33:28.6713285Z 
Web typecheck, test, build, Playwright	Unit tests	2026-09-05T16:33:28.9191582Z 
Web typecheck, test, build, Playwright	Unit tests	2026-09-05T16:33:28.9192522Z > @pastel-rts/game-web@0.0.0 test
Web typecheck, test, build, Playwright	Unit tests	2026-09-05T16:33:28.9193209Z > vitest run
Web typecheck, test, build, Playwright	Unit tests	2026-09-05T16:33:28.9193401Z 
Web typecheck, test, build, Playwright	Unit tests	2026-09-05T16:33:29.2374062Z 
Web typecheck, test, build, Playwright	Unit tests	2026-09-05T16:33:29.2376332Z ^[[1m^[[46m RUN ^[[49m^[[22m ^[[36mv3.2.7 ^[[39m^[[90m/home/runner/work/pastel-rts/pastel-rts/apps/game-web^[[39m
Web typecheck, test, build, Playwright	Unit tests	2026-09-05T16:33:29.2377568Z 
Web typecheck, test, build, Playwright	Unit tests	2026-09-05T16:33:29.9073581Z  ^[[32m✓^[[39m src/input/CommandClient.test.ts ^[[2m(^[[22m^[[2m4 tests^[[22m^[[2m)^[[22m^[[32m 11^[[2mms^[[22m^[[39m
Web typecheck, test, build, Playwright	Unit tests	2026-09-05T16:33:30.1782983Z  ^[[32m✓^[[39m src/qa/bugBundle.test.ts ^[[2m(^[[22m^[[2m6 tests^[[22m^[[2m)^[[22m^[[32m 155^[[2mms^[[22m^[[39m
Web typecheck, test, build, Playwright	Unit tests	2026-09-05T16:33:30.2971027Z  ^[[32m✓^[[39m src/runtime/config.test.ts ^[[2m(^[[22m^[[2m7 tests^[[22m^[[2m)^[[22m^[[32m 7^[[2mms^[[22m^[[39m
Web typecheck, test, build, Playwright	Unit tests	2026-09-05T16:33:30.5406920Z  ^[[32m✓^[[39m src/content/PublishedContentClient.test.ts ^[[2m(^[[22m^[[2m8 tests^[[22m^[[2m)^[[22m^[[33m 468^[[2mms^[[22m^[[39m
Web typecheck, test, build, Playwright	Unit tests	2026-09-05T16:33:30.5492632Z  ^[[32m✓^[[39m src/sim/Simulation.test.ts ^[[2m(^[[22m^[[2m5 tests^[[22m^[[2m)^[[22m^[[32m 41^[[2mms^[[22m^[[39m
Web typecheck, test, build, Playwright	Unit tests	2026-09-05T16:33:30.7568708Z  ^[[32m✓^[[39m src/sandbox/replay/replay.test.ts ^[[2m(^[[22m^[[2m3 tests^[[22m^[[2m)^[[22m^[[32m 74^[[2mms^[[22m^[[39m
Web typecheck, test, build, Playwright	Unit tests	2026-09-05T16:33:30.9979208Z  ^[[32m✓^[[39m src/diagnostics/report.test.ts ^[[2m(^[[22m^[[2m2 tests^[[22m^[[2m)^[[22m^[[32m 16^[[2mms^[[22m^[[39m
Web typecheck, test, build, Playwright	Unit tests	2026-09-05T16:33:31.0950505Z  ^[[32m✓^[[39m src/camera/IsometricCamera.test.ts ^[[2m(^[[22m^[[2m4 tests^[[22m^[[2m)^[[22m^[[32m 35^[[2mms^[[22m^[[39m
Web typecheck, test, build, Playwright	Unit tests	2026-09-05T16:33:31.1411017Z  ^[[32m✓^[[39m src/bridge/messages.test.ts ^[[2m(^[[22m^[[2m3 tests^[[22m^[[2m)^[[22m^[[32m 9^[[2mms^[[22m^[[39m
Web typecheck, test, build, Playwright	Unit tests	2026-09-05T16:33:31.5080286Z  ^[[32m✓^[[39m src/buildings/placementValidation.test.ts ^[[2m(^[[22m^[[2m4 tests^[[22m^[[2m)^[[22m^[[32m 6^[[2mms^[[22m^[[39m
Web typecheck, test, build, Playwright	Unit tests	2026-09-05T16:33:31.5399468Z  ^[[32m✓^[[39m src/sandbox/animation/direction.test.ts ^[[2m(^[[22m^[[2m6 tests^[[22m^[[2m)^[[22m^[[32m 9^[[2mms^[[22m^[[39m
Web typecheck, test, build, Playwright	Unit tests	2026-09-05T16:33:31.9943127Z  ^[[32m✓^[[39m src/selection/SelectionController.test.ts ^[[2m(^[[22m^[[2m2 tests^[[22m^[[2m)^[[22m^[[32m 6^[[2mms^[[22m^[[39m
Web typecheck, test, build, Playwright	Unit tests	2026-09-05T16:33:32.0105358Z  ^[[32m✓^[[39m src/sandbox/snapshot.interpolate.test.ts ^[[2m(^[[22m^[[2m1 test^[[22m^[[2m)^[[22m^[[32m 4^[[2mms^[[22m^[[39m
Web typecheck, test, build, Playwright	Unit tests	2026-09-05T16:33:32.0758329Z  ^[[32m✓^[[39m src/qa/benchmarks.test.ts ^[[2m(^[[22m^[[2m2 tests^[[22m^[[2m)^[[22m^[[33m 482^[[2mms^[[22m^[[39m
Web typecheck, test, build, Playwright	Unit tests	2026-09-05T16:33:32.0760040Z    ^[[33m^[[2m✓^[[22m^[[39m M1 movement and pathfinding benchmarks^[[2m > ^[[22mpaths 40 units on 160x160 within a desktop budget ^[[33m 477^[[2mms^[[22m^[[39m
Web typecheck, test, build, Playwright	Unit tests	2026-09-05T16:33:32.3763221Z  ^[[32m✓^[[39m src/diagnostics/stats.test.ts ^[[2m(^[[22m^[[2m2 tests^[[22m^[[2m)^[[22m^[[32m 4^[[2mms^[[22m^[[39m
Web typecheck, test, build, Playwright	Unit tests	2026-09-05T16:33:32.4915266Z  ^[[32m✓^[[39m src/sim/interpolation.test.ts ^[[2m(^[[22m^[[2m3 tests^[[22m^[[2m)^[[22m^[[32m 10^[[2mms^[[22m^[[39m
Web typecheck, test, build, Playwright	Unit tests	2026-09-05T16:33:32.5475240Z  ^[[32m✓^[[39m src/world/TerrainSystem.test.ts ^[[2m(^[[22m^[[2m1 test^[[22m^[[2m)^[[22m^[[32m 65^[[2mms^[[22m^[[39m
Web typecheck, test, build, Playwright	Unit tests	2026-09-05T16:33:32.8510761Z  ^[[32m✓^[[39m src/sandbox/animation/spriteAtlas.test.ts ^[[2m(^[[22m^[[2m1 test^[[22m^[[2m)^[[22m^[[32m 9^[[2mms^[[22m^[[39m
Web typecheck, test, build, Playwright	Unit tests	2026-09-05T16:33:32.9087636Z  ^[[32m✓^[[39m src/input/zoomStops.test.ts ^[[2m(^[[22m^[[2m1 test^[[22m^[[2m)^[[22m^[[32m 8^[[2mms^[[22m^[[39m
Web typecheck, test, build, Playwright	Unit tests	2026-09-05T16:33:32.9213210Z  ^[[32m✓^[[39m src/content/spriteUv.test.ts ^[[2m(^[[22m^[[2m1 test^[[22m^[[2m)^[[22m^[[32m 4^[[2mms^[[22m^[[39m
Web typecheck, test, build, Playwright	Unit tests	2026-09-05T16:33:33.2827113Z  ^[[32m✓^[[39m src/entities/dispose.test.ts ^[[2m(^[[22m^[[2m1 test^[[22m^[[2m)^[[22m^[[32m 6^[[2mms^[[22m^[[39m
Web typecheck, test, build, Playwright	Unit tests	2026-09-05T16:33:34.0465111Z  ^[[32m✓^[[39m src/ui/Minimap.test.ts ^[[2m(^[[22m^[[2m4 tests^[[22m^[[2m)^[[22m^[[32m 31^[[2mms^[[22m^[[39m
Web typecheck, test, build, Playwright	Unit tests	2026-09-05T16:33:34.2131971Z  ^[[32m✓^[[39m src/input/InteractionController.test.ts ^[[2m(^[[22m^[[2m11 tests^[[22m^[[2m)^[[22m^[[32m 69^[[2mms^[[22m^[[39m
Web typecheck, test, build, Playwright	Unit tests	2026-09-05T16:33:34.3242686Z  ^[[32m✓^[[39m src/input/PointerCameraControls.test.ts ^[[2m(^[[22m^[[2m2 tests^[[22m^[[2m)^[[22m^[[32m 21^[[2mms^[[22m^[[39m
Web typecheck, test, build, Playwright	Unit tests	2026-09-05T16:33:35.0925298Z  ^[[32m✓^[[39m src/ui/MatchHud.test.ts ^[[2m(^[[22m^[[2m3 tests^[[22m^[[2m)^[[22m^[[32m 45^[[2mms^[[22m^[[39m
Web typecheck, test, build, Playwright	Unit tests	2026-09-05T16:33:35.2058484Z  ^[[32m✓^[[39m src/selection/HitTestService.test.ts ^[[2m(^[[22m^[[2m2 tests^[[22m^[[2m)^[[22m^[[32m 8^[[2mms^[[22m^[[39m
Web typecheck, test, build, Playwright	Unit tests	2026-09-05T16:33:35.3245438Z  ^[[32m✓^[[39m src/renderer/adapter.test.ts ^[[2m(^[[22m^[[2m2 tests^[[22m^[[2m)^[[22m^[[32m 12^[[2mms^[[22m^[[39m
Web typecheck, test, build, Playwright	Unit tests	2026-09-05T16:33:35.3577528Z 
Web typecheck, test, build, Playwright	Unit tests	2026-09-05T16:33:35.3605944Z ^[[2m Test Files ^[[22m ^[[1m^[[32m27 passed^[[39m^[[22m^[[90m (27)^[[39m
Web typecheck, test, build, Playwright	Unit tests	2026-09-05T16:33:35.3627886Z ^[[2m      Tests ^[[22m ^[[1m^[[32m91 passed^[[39m^[[22m^[[90m (91)^[[39m
Web typecheck, test, build, Playwright	Unit tests	2026-09-05T16:33:35.3631938Z ^[[2m   Start at ^[[22m 16:33:29
Web typecheck, test, build, Playwright	Unit tests	2026-09-05T16:33:35.3633590Z ^[[2m   Duration ^[[22m 6.12s^[[2m (transform 1.33s, setup 0ms, collect 3.50s, tests 1.61s, environment 3.53s, prepare 3.57s)^[[22m
Web typecheck, test, build, Playwright	Unit tests	2026-09-05T16:33:35.3634416Z 
Web typecheck, test, build, Playwright	Production build	﻿2026-09-05T16:33:35.4924351Z ##[group]Run npm run build
Web typecheck, test, build, Playwright	Production build	2026-09-05T16:33:35.4924674Z ^[[36;1mnpm run build^[[0m
Web typecheck, test, build, Playwright	Production build	2026-09-05T16:33:35.4962036Z shell: /usr/bin/bash -e {0}
Web typecheck, test, build, Playwright	Production build	2026-09-05T16:33:35.4962322Z ##[endgroup]
Web typecheck, test, build, Playwright	Production build	2026-09-05T16:33:35.5996105Z 
Web typecheck, test, build, Playwright	Production build	2026-09-05T16:33:35.5996858Z > pastel-rts@0.0.0 build
Web typecheck, test, build, Playwright	Production build	2026-09-05T16:33:35.6000126Z > npm run typecheck --workspace @pastel-rts/content-schema && npm run typecheck --workspace @pastel-rts/simulation && npm run typecheck --workspace @pastel-rts/navigation && npm run typecheck --workspace @pastel-rts/content-server && npm run build --workspace @pastel-rts/game-web && npm run build --workspace @pastel-rts/foundry
Web typecheck, test, build, Playwright	Production build	2026-09-05T16:33:35.6002435Z 
Web typecheck, test, build, Playwright	Production build	2026-09-05T16:33:35.7218258Z 
Web typecheck, test, build, Playwright	Production build	2026-09-05T16:33:35.7219084Z > @pastel-rts/content-schema@0.0.0 typecheck
Web typecheck, test, build, Playwright	Production build	2026-09-05T16:33:35.7219644Z > tsc -p tsconfig.json --noEmit
Web typecheck, test, build, Playwright	Production build	2026-09-05T16:33:35.7219920Z 
Web typecheck, test, build, Playwright	Production build	2026-09-05T16:33:37.1830183Z 
Web typecheck, test, build, Playwright	Production build	2026-09-05T16:33:37.1830871Z > @pastel-rts/simulation@0.0.0 typecheck
Web typecheck, test, build, Playwright	Production build	2026-09-05T16:33:37.1831524Z > tsc -p tsconfig.json --noEmit
Web typecheck, test, build, Playwright	Production build	2026-09-05T16:33:37.1831868Z 
Web typecheck, test, build, Playwright	Production build	2026-09-05T16:33:38.7776083Z 
Web typecheck, test, build, Playwright	Production build	2026-09-05T16:33:38.7777182Z > @pastel-rts/navigation@0.0.0 typecheck
Web typecheck, test, build, Playwright	Production build	2026-09-05T16:33:38.7777776Z > tsc -p tsconfig.json --noEmit
Web typecheck, test, build, Playwright	Production build	2026-09-05T16:33:38.7778025Z 
Web typecheck, test, build, Playwright	Production build	2026-09-05T16:33:40.0134342Z 
Web typecheck, test, build, Playwright	Production build	2026-09-05T16:33:40.0135293Z > @pastel-rts/content-server@0.0.0 typecheck
Web typecheck, test, build, Playwright	Production build	2026-09-05T16:33:40.0135894Z > tsc -p tsconfig.json --noEmit
Web typecheck, test, build, Playwright	Production build	2026-09-05T16:33:40.0136146Z 
Web typecheck, test, build, Playwright	Production build	2026-09-05T16:33:41.5679590Z 
Web typecheck, test, build, Playwright	Production build	2026-09-05T16:33:41.5680457Z > @pastel-rts/game-web@0.0.0 build
Web typecheck, test, build, Playwright	Production build	2026-09-05T16:33:41.5681084Z > tsc -p tsconfig.json --noEmit && vite build
Web typecheck, test, build, Playwright	Production build	2026-09-05T16:33:41.5681397Z 
Web typecheck, test, build, Playwright	Production build	2026-09-05T16:33:45.3754650Z ^[[36mvite v6.4.3 ^[[32mbuilding for production...^[[36m^[[39m
Web typecheck, test, build, Playwright	Production build	2026-09-05T16:33:45.4438436Z transforming...
Web typecheck, test, build, Playwright	Production build	2026-09-05T16:33:48.4132346Z ^[[32m✓^[[39m 94 modules transformed.
Web typecheck, test, build, Playwright	Production build	2026-09-05T16:33:49.0977780Z rendering chunks...
Web typecheck, test, build, Playwright	Production build	2026-09-05T16:33:50.1157700Z computing gzip size...
Web typecheck, test, build, Playwright	Production build	2026-09-05T16:33:50.1795315Z ^[[2mdist/^[[22m^[[32mindex.html                       ^[[39m^[[1m^[[2m  0.65 kB^[[22m^[[1m^[[22m^[[2m │ gzip:   0.37 kB^[[22m
Web typecheck, test, build, Playwright	Production build	2026-09-05T16:33:50.1796928Z ^[[2mdist/^[[22m^[[2massets/^[[22m^[[32msimWorker-CXkMjMPG.js     ^[[39m^[[1m^[[2m  3.33 kB^[[22m^[[1m^[[22m
Web typecheck, test, build, Playwright	Production build	2026-09-05T16:33:50.1798289Z ^[[2mdist/^[[22m^[[2massets/^[[22m^[[32mmatchWorker-BYXzMXIP.js   ^[[39m^[[1m^[[2m 24.48 kB^[[22m^[[1m^[[22m
Web typecheck, test, build, Playwright	Production build	2026-09-05T16:33:50.1799748Z ^[[2mdist/^[[22m^[[2massets/^[[22m^[[35mindex-VnpXLJE0.css        ^[[39m^[[1m^[[2m  0.59 kB^[[22m^[[1m^[[22m^[[2m │ gzip:   0.34 kB^[[22m
Web typecheck, test, build, Playwright	Production build	2026-09-05T16:33:50.1801568Z ^[[2mdist/^[[22m^[[2massets/^[[22m^[[36mthree.webgpu-Cpc_PSxC.js  ^[[39m^[[1m^[[2m673.73 kB^[[22m^[[1m^[[22m^[[2m │ gzip: 190.22 kB^[[22m^[[2m │ map: 3,245.64 kB^[[22m
Web typecheck, test, build, Playwright	Production build	2026-09-05T16:33:50.1803011Z ^[[2mdist/^[[22m^[[2massets/^[[22m^[[36mindex-DBCnTVpS.js         ^[[39m^[[1m^[[2m938.70 kB^[[22m^[[1m^[[22m^[[2m │ gzip: 250.21 kB^[[22m^[[2m │ map: 3,877.33 kB^[[22m
Web typecheck, test, build, Playwright	Production build	2026-09-05T16:33:50.1803822Z ^[[32m✓ built in 4.78s^[[39m
Web typecheck, test, build, Playwright	Production build	2026-09-05T16:33:50.3874679Z 
Web typecheck, test, build, Playwright	Production build	2026-09-05T16:33:50.3875434Z > @pastel-rts/foundry@0.0.0 build
Web typecheck, test, build, Playwright	Production build	2026-09-05T16:33:50.3876054Z > tsc -p tsconfig.json --noEmit && vite build
Web typecheck, test, build, Playwright	Production build	2026-09-05T16:33:50.3876418Z 
Web typecheck, test, build, Playwright	Production build	2026-09-05T16:33:52.9102173Z ^[[36mvite v6.4.3 ^[[32mbuilding for production...^[[36m^[[39m
Web typecheck, test, build, Playwright	Production build	2026-09-05T16:33:52.9664820Z transforming...
Web typecheck, test, build, Playwright	Production build	2026-09-05T16:33:53.8798237Z ^[[32m✓^[[39m 29 modules transformed.
Web typecheck, test, build, Playwright	Production build	2026-09-05T16:33:53.9949993Z rendering chunks...
Web typecheck, test, build, Playwright	Production build	2026-09-05T16:33:54.0008735Z computing gzip size...
Web typecheck, test, build, Playwright	Production build	2026-09-05T16:33:54.0059685Z ^[[2mdist/^[[22m^[[32mindex.html                 ^[[39m^[[1m^[[2m  0.41 kB^[[22m^[[1m^[[22m^[[2m │ gzip:  0.27 kB^[[22m
Web typecheck, test, build, Playwright	Production build	2026-09-05T16:33:54.0060677Z ^[[2mdist/^[[22m^[[2massets/^[[22m^[[35mindex-DM1GJ2b0.css  ^[[39m^[[1m^[[2m  7.57 kB^[[22m^[[1m^[[22m^[[2m │ gzip:  2.27 kB^[[22m
Web typecheck, test, build, Playwright	Production build	2026-09-05T16:33:54.0061613Z ^[[2mdist/^[[22m^[[2massets/^[[22m^[[36mindex-Lxgsmf-y.js   ^[[39m^[[1m^[[2m156.43 kB^[[22m^[[1m^[[22m^[[2m │ gzip: 42.67 kB^[[22m
Web typecheck, test, build, Playwright	Production build	2026-09-05T16:33:54.0062568Z ^[[32m✓ built in 1.08s^[[39m
Web typecheck, test, build, Playwright	Cache Playwright browsers	﻿2026-09-05T16:33:54.1115870Z Node 20 is being deprecated. This workflow is running with Node 24 by default. If you need to temporarily use Node 20, you can set the ACTIONS_ALLOW_USE_UNSECURE_NODE_VERSION=true environment variable. For more information see: https://github.blog/changelog/2025-09-19-deprecation-of-node-20-on-github-actions-runners/
Web typecheck, test, build, Playwright	Cache Playwright browsers	2026-09-05T16:33:54.1117735Z ##[group]Run actions/cache@v4
Web typecheck, test, build, Playwright	Cache Playwright browsers	2026-09-05T16:33:54.1117988Z with:
Web typecheck, test, build, Playwright	Cache Playwright browsers	2026-09-05T16:33:54.1118194Z   path: ~/.cache/ms-playwright
Web typecheck, test, build, Playwright	Cache Playwright browsers	2026-09-05T16:33:54.1118651Z   key: playwright-Linux-201a7f779f6b2a1f19c1624cd1146fec8c729e3f162f398545aba35a0da58946
Web typecheck, test, build, Playwright	Cache Playwright browsers	2026-09-05T16:33:54.1119140Z   enableCrossOsArchive: false
Web typecheck, test, build, Playwright	Cache Playwright browsers	2026-09-05T16:33:54.1119400Z   fail-on-cache-miss: false
Web typecheck, test, build, Playwright	Cache Playwright browsers	2026-09-05T16:33:54.1119646Z   lookup-only: false
Web typecheck, test, build, Playwright	Cache Playwright browsers	2026-09-05T16:33:54.1119862Z   save-always: false
Web typecheck, test, build, Playwright	Cache Playwright browsers	2026-09-05T16:33:54.1120065Z ##[endgroup]
Web typecheck, test, build, Playwright	Cache Playwright browsers	2026-09-05T16:33:54.2208397Z (node:4215) [DEP0040] DeprecationWarning: The `punycode` module is deprecated. Please use a userland alternative instead.
Web typecheck, test, build, Playwright	Cache Playwright browsers	2026-09-05T16:33:54.2209541Z (Use `node --trace-deprecation ...` to show where the warning was created)
Web typecheck, test, build, Playwright	Cache Playwright browsers	2026-09-05T16:33:54.4615670Z Cache hit for: playwright-Linux-201a7f779f6b2a1f19c1624cd1146fec8c729e3f162f398545aba35a0da58946
Web typecheck, test, build, Playwright	Cache Playwright browsers	2026-09-05T16:33:54.4744091Z (node:4215) [DEP0169] DeprecationWarning: `url.parse()` behavior is not standardized and prone to errors that have security implications. Use the WHATWG URL API instead. CVEs are not issued for `url.parse()` vulnerabilities.
Web typecheck, test, build, Playwright	Cache Playwright browsers	2026-09-05T16:33:55.7779227Z Received 0 of 282025582 (0.0%), 0.0 MBs/sec
Web typecheck, test, build, Playwright	Cache Playwright browsers	2026-09-05T16:33:56.7783592Z Received 109051904 of 282025582 (38.7%), 52.0 MBs/sec
Web typecheck, test, build, Playwright	Cache Playwright browsers	2026-09-05T16:33:57.7791386Z Received 247463936 of 282025582 (87.7%), 78.6 MBs/sec
Web typecheck, test, build, Playwright	Cache Playwright browsers	2026-09-05T16:33:58.3963848Z Received 282025582 of 282025582 (100.0%), 74.3 MBs/sec
Web typecheck, test, build, Playwright	Cache Playwright browsers	2026-09-05T16:33:58.3965464Z Cache Size: ~269 MB (282025582 B)
Web typecheck, test, build, Playwright	Cache Playwright browsers	2026-09-05T16:33:58.4011997Z [command]/usr/bin/tar -xf /home/runner/work/_temp/652db59c-cd03-417d-8203-7fa43ff9a86e/cache.tzst -P -C /home/runner/work/pastel-rts/pastel-rts --use-compress-program unzstd
Web typecheck, test, build, Playwright	Cache Playwright browsers	2026-09-05T16:33:59.4386229Z Cache restored successfully
Web typecheck, test, build, Playwright	Cache Playwright browsers	2026-09-05T16:33:59.4588236Z Cache restored from key: playwright-Linux-201a7f779f6b2a1f19c1624cd1146fec8c729e3f162f398545aba35a0da58946
Web typecheck, test, build, Playwright	Install Playwright Chromium	﻿2026-09-05T16:33:59.4731935Z ##[group]Run npx playwright install --with-deps chromium
Web typecheck, test, build, Playwright	Install Playwright Chromium	2026-09-05T16:33:59.4732412Z ^[[36;1mnpx playwright install --with-deps chromium^[[0m
Web typecheck, test, build, Playwright	Install Playwright Chromium	2026-09-05T16:33:59.4768774Z shell: /usr/bin/bash -e {0}
Web typecheck, test, build, Playwright	Install Playwright Chromium	2026-09-05T16:33:59.4769053Z ##[endgroup]
Web typecheck, test, build, Playwright	Install Playwright Chromium	2026-09-05T16:34:00.2714498Z Installing dependencies...
Web typecheck, test, build, Playwright	Install Playwright Chromium	2026-09-05T16:34:00.2777625Z Switching to root user to install dependencies...
Web typecheck, test, build, Playwright	Install Playwright Chromium	2026-09-05T16:34:00.3724138Z Get:1 file:/etc/apt/apt-mirrors.txt Mirrorlist [144 B]
Web typecheck, test, build, Playwright	Install Playwright Chromium	2026-09-05T16:34:00.4093353Z Get:6 https://packages.microsoft.com/ubuntu/24.04/prod noble InRelease [3600 B]
Web typecheck, test, build, Playwright	Install Playwright Chromium	2026-09-05T16:34:00.4198871Z Hit:2 http://azure.archive.ubuntu.com/ubuntu noble InRelease
Web typecheck, test, build, Playwright	Install Playwright Chromium	2026-09-05T16:34:00.4218427Z Get:3 http://azure.archive.ubuntu.com/ubuntu noble-updates InRelease [126 kB]
Web typecheck, test, build, Playwright	Install Playwright Chromium	2026-09-05T16:34:00.4248089Z Get:4 http://azure.archive.ubuntu.com/ubuntu noble-backports InRelease [126 kB]
Web typecheck, test, build, Playwright	Install Playwright Chromium	2026-09-05T16:34:00.4273527Z Get:5 http://azure.archive.ubuntu.com/ubuntu noble-security InRelease [126 kB]
Web typecheck, test, build, Playwright	Install Playwright Chromium	2026-09-05T16:34:00.4479591Z Get:7 https://dl.google.com/linux/chrome-stable/deb stable InRelease [2548 B]
Web typecheck, test, build, Playwright	Install Playwright Chromium	2026-09-05T16:34:00.5448822Z Get:8 https://packages.microsoft.com/ubuntu/24.04/prod noble/main amd64 Packages [441 kB]
Web typecheck, test, build, Playwright	Install Playwright Chromium	2026-09-05T16:34:00.5574773Z Get:9 https://packages.microsoft.com/ubuntu/24.04/prod noble/main arm64 Packages [394 kB]
Web typecheck, test, build, Playwright	Install Playwright Chromium	2026-09-05T16:34:00.5954873Z Get:10 http://azure.archive.ubuntu.com/ubuntu noble-updates/main amd64 Packages [1260 kB]
Web typecheck, test, build, Playwright	Install Playwright Chromium	2026-09-05T16:34:00.6094999Z Get:11 http://azure.archive.ubuntu.com/ubuntu noble-updates/main Translation-en [292 kB]
Web typecheck, test, build, Playwright	Install Playwright Chromium	2026-09-05T16:34:00.6119136Z Get:12 http://azure.archive.ubuntu.com/ubuntu noble-updates/main amd64 Components [180 kB]
Web typecheck, test, build, Playwright	Install Playwright Chromium	2026-09-05T16:34:00.6135066Z Get:13 http://azure.archive.ubuntu.com/ubuntu noble-updates/universe amd64 Packages [1690 kB]
Web typecheck, test, build, Playwright	Install Playwright Chromium	2026-09-05T16:34:00.6237804Z Get:14 http://azure.archive.ubuntu.com/ubuntu noble-updates/universe Translation-en [339 kB]
Web typecheck, test, build, Playwright	Install Playwright Chromium	2026-09-05T16:34:00.6253343Z Get:15 http://azure.archive.ubuntu.com/ubuntu noble-updates/universe amd64 Components [388 kB]
Web typecheck, test, build, Playwright	Install Playwright Chromium	2026-09-05T16:34:00.6283930Z Get:16 http://azure.archive.ubuntu.com/ubuntu noble-updates/restricted amd64 Packages [1536 kB]
Web typecheck, test, build, Playwright	Install Playwright Chromium	2026-09-05T16:34:00.6368514Z Get:17 http://azure.archive.ubuntu.com/ubuntu noble-updates/restricted Translation-en [352 kB]
Web typecheck, test, build, Playwright	Install Playwright Chromium	2026-09-05T16:34:00.6389753Z Get:18 http://azure.archive.ubuntu.com/ubuntu noble-updates/multiverse amd64 Components [940 B]
Web typecheck, test, build, Playwright	Install Playwright Chromium	2026-09-05T16:34:00.6579041Z Get:19 http://azure.archive.ubuntu.com/ubuntu noble-backports/main amd64 Components [5740 B]
Web typecheck, test, build, Playwright	Install Playwright Chromium	2026-09-05T16:34:00.7005766Z Get:20 http://azure.archive.ubuntu.com/ubuntu noble-backports/universe amd64 Components [12.6 kB]
Web typecheck, test, build, Playwright	Install Playwright Chromium	2026-09-05T16:34:00.7090737Z Get:21 http://azure.archive.ubuntu.com/ubuntu noble-security/main amd64 Packages [1002 kB]
Web typecheck, test, build, Playwright	Install Playwright Chromium	2026-09-05T16:34:00.7194358Z Get:22 http://azure.archive.ubuntu.com/ubuntu noble-security/main Translation-en [212 kB]
Web typecheck, test, build, Playwright	Install Playwright Chromium	2026-09-05T16:34:00.7204631Z Get:23 http://azure.archive.ubuntu.com/ubuntu noble-security/main amd64 Components [46.4 kB]
Web typecheck, test, build, Playwright	Install Playwright Chromium	2026-09-05T16:34:00.7210182Z Get:24 http://azure.archive.ubuntu.com/ubuntu noble-security/universe amd64 Packages [1206 kB]
Web typecheck, test, build, Playwright	Install Playwright Chromium	2026-09-05T16:34:00.7277645Z Get:25 http://azure.archive.ubuntu.com/ubuntu noble-security/universe Translation-en [241 kB]
Web typecheck, test, build, Playwright	Install Playwright Chromium	2026-09-05T16:34:00.7296162Z Get:26 http://azure.archive.ubuntu.com/ubuntu noble-security/universe amd64 Components [76.3 kB]
Web typecheck, test, build, Playwright	Install Playwright Chromium	2026-09-05T16:34:00.7300591Z Get:27 http://azure.archive.ubuntu.com/ubuntu noble-security/restricted amd64 Packages [1437 kB]
Web typecheck, test, build, Playwright	Install Playwright Chromium	2026-09-05T16:34:00.7373719Z Get:28 http://azure.archive.ubuntu.com/ubuntu noble-security/restricted Translation-en [334 kB]
Web typecheck, test, build, Playwright	Install Playwright Chromium	2026-09-05T16:34:00.7829098Z Get:29 https://dl.google.com/linux/chrome-stable/deb stable/main amd64 Packages [1401 B]
Web typecheck, test, build, Playwright	Install Playwright Chromium	2026-09-05T16:34:05.0510051Z Fetched 11.8 MB in 1s (8787 kB/s)
Web typecheck, test, build, Playwright	Install Playwright Chromium	2026-09-05T16:34:05.8759207Z Reading package lists...
Web typecheck, test, build, Playwright	Install Playwright Chromium	2026-09-05T16:34:05.8998852Z Reading package lists...
Web typecheck, test, build, Playwright	Install Playwright Chromium	2026-09-05T16:34:06.0913208Z Building dependency tree...
Web typecheck, test, build, Playwright	Install Playwright Chromium	2026-09-05T16:34:06.0921214Z Reading state information...
Web typecheck, test, build, Playwright	Install Playwright Chromium	2026-09-05T16:34:06.2503098Z libasound2t64 is already the newest version (1.2.11-1ubuntu0.3).
Web typecheck, test, build, Playwright	Install Playwright Chromium	2026-09-05T16:34:06.2504938Z libasound2t64 set to manually installed.
Web typecheck, test, build, Playwright	Install Playwright Chromium	2026-09-05T16:34:06.2505900Z libatk-bridge2.0-0t64 is already the newest version (2.52.0-1build1).
Web typecheck, test, build, Playwright	Install Playwright Chromium	2026-09-05T16:34:06.2507177Z libatk-bridge2.0-0t64 set to manually installed.
Web typecheck, test, build, Playwright	Install Playwright Chromium	2026-09-05T16:34:06.2508194Z libatk1.0-0t64 is already the newest version (2.52.0-1build1).
Web typecheck, test, build, Playwright	Install Playwright Chromium	2026-09-05T16:34:06.2509216Z libatk1.0-0t64 set to manually installed.
Web typecheck, test, build, Playwright	Install Playwright Chromium	2026-09-05T16:34:06.2509837Z libatspi2.0-0t64 is already the newest version (2.52.0-1build1).
Web typecheck, test, build, Playwright	Install Playwright Chromium	2026-09-05T16:34:06.2510484Z libatspi2.0-0t64 set to manually installed.
Web typecheck, test, build, Playwright	Install Playwright Chromium	2026-09-05T16:34:06.2511065Z libcairo2 is already the newest version (1.18.0-3build1).
Web typecheck, test, build, Playwright	Install Playwright Chromium	2026-09-05T16:34:06.2511775Z libcairo2 set to manually installed.
Web typecheck, test, build, Playwright	Install Playwright Chromium	2026-09-05T16:34:06.2512491Z libcups2t64 is already the newest version (2.4.7-1.2ubuntu7.14).
Web typecheck, test, build, Playwright	Install Playwright Chromium	2026-09-05T16:34:06.2513064Z libcups2t64 set to manually installed.
Web typecheck, test, build, Playwright	Install Playwright Chromium	2026-09-05T16:34:06.2513712Z libdbus-1-3 is already the newest version (1.14.10-4ubuntu4.1).
Web typecheck, test, build, Playwright	Install Playwright Chromium	2026-09-05T16:34:06.2514259Z libdbus-1-3 set to manually installed.
Web typecheck, test, build, Playwright	Install Playwright Chromium	2026-09-05T16:34:06.2515096Z libdrm2 is already the newest version (2.4.125-1ubuntu0.1~24.04.2).
Web typecheck, test, build, Playwright	Install Playwright Chromium	2026-09-05T16:34:06.2515655Z libdrm2 set to manually installed.
Web typecheck, test, build, Playwright	Install Playwright Chromium	2026-09-05T16:34:06.2530115Z libgbm1 is already the newest version (25.2.8-0ubuntu0.24.04.2).
Web typecheck, test, build, Playwright	Install Playwright Chromium	2026-09-05T16:34:06.2530880Z libgbm1 set to manually installed.
Web typecheck, test, build, Playwright	Install Playwright Chromium	2026-09-05T16:34:06.2531674Z libglib2.0-0t64 is already the newest version (2.80.0-6ubuntu3.8).
Web typecheck, test, build, Playwright	Install Playwright Chromium	2026-09-05T16:34:06.2532493Z libglib2.0-0t64 set to manually installed.
Web typecheck, test, build, Playwright	Install Playwright Chromium	2026-09-05T16:34:06.2533273Z libnspr4 is already the newest version (2:4.35-1.1build1).
Web typecheck, test, build, Playwright	Install Playwright Chromium	2026-09-05T16:34:06.2534010Z libnspr4 set to manually installed.
Web typecheck, test, build, Playwright	Install Playwright Chromium	2026-09-05T16:34:06.2534750Z libnss3 is already the newest version (2:3.98-1ubuntu0.2).
Web typecheck, test, build, Playwright	Install Playwright Chromium	2026-09-05T16:34:06.2535447Z libnss3 set to manually installed.
Web typecheck, test, build, Playwright	Install Playwright Chromium	2026-09-05T16:34:06.2536195Z libpango-1.0-0 is already the newest version (1.52.1+ds-1build1).
Web typecheck, test, build, Playwright	Install Playwright Chromium	2026-09-05T16:34:06.2537305Z libpango-1.0-0 set to manually installed.
Web typecheck, test, build, Playwright	Install Playwright Chromium	2026-09-05T16:34:06.2538050Z libx11-6 is already the newest version (2:1.8.7-1build1).
Web typecheck, test, build, Playwright	Install Playwright Chromium	2026-09-05T16:34:06.2538732Z libx11-6 set to manually installed.
Web typecheck, test, build, Playwright	Install Playwright Chromium	2026-09-05T16:34:06.2539402Z libxcb1 is already the newest version (1.15-1ubuntu2).
Web typecheck, test, build, Playwright	Install Playwright Chromium	2026-09-05T16:34:06.2540067Z libxcb1 set to manually installed.
Web typecheck, test, build, Playwright	Install Playwright Chromium	2026-09-05T16:34:06.2540826Z libxcomposite1 is already the newest version (1:0.4.5-1build3).
Web typecheck, test, build, Playwright	Install Playwright Chromium	2026-09-05T16:34:06.2541593Z libxcomposite1 set to manually installed.
Web typecheck, test, build, Playwright	Install Playwright Chromium	2026-09-05T16:34:06.2542373Z libxdamage1 is already the newest version (1:1.1.6-1build1).
Web typecheck, test, build, Playwright	Install Playwright Chromium	2026-09-05T16:34:06.2543089Z libxdamage1 set to manually installed.
Web typecheck, test, build, Playwright	Install Playwright Chromium	2026-09-05T16:34:06.2543809Z libxext6 is already the newest version (2:1.3.4-1build2).
Web typecheck, test, build, Playwright	Install Playwright Chromium	2026-09-05T16:34:06.2544490Z libxext6 set to manually installed.
Web typecheck, test, build, Playwright	Install Playwright Chromium	2026-09-05T16:34:06.2545201Z libxfixes3 is already the newest version (1:6.0.0-2build1).
Web typecheck, test, build, Playwright	Install Playwright Chromium	2026-09-05T16:34:06.2545897Z libxfixes3 set to manually installed.
Web typecheck, test, build, Playwright	Install Playwright Chromium	2026-09-05T16:34:06.2546818Z libxkbcommon0 is already the newest version (1.6.0-1build1).
Web typecheck, test, build, Playwright	Install Playwright Chromium	2026-09-05T16:34:06.2547556Z libxkbcommon0 set to manually installed.
Web typecheck, test, build, Playwright	Install Playwright Chromium	2026-09-05T16:34:06.2548327Z libxrandr2 is already the newest version (2:1.5.2-2build1).
Web typecheck, test, build, Playwright	Install Playwright Chromium	2026-09-05T16:34:06.2549028Z libxrandr2 set to manually installed.
Web typecheck, test, build, Playwright	Install Playwright Chromium	2026-09-05T16:34:06.2549761Z xvfb is already the newest version (2:21.1.12-1ubuntu1.6).
Web typecheck, test, build, Playwright	Install Playwright Chromium	2026-09-05T16:34:06.2550760Z fonts-noto-color-emoji is already the newest version (2.047-0ubuntu0.24.04.1).
Web typecheck, test, build, Playwright	Install Playwright Chromium	2026-09-05T16:34:06.2551780Z libfontconfig1 is already the newest version (2.15.0-1.1ubuntu2).
Web typecheck, test, build, Playwright	Install Playwright Chromium	2026-09-05T16:34:06.2552548Z libfontconfig1 set to manually installed.
Web typecheck, test, build, Playwright	Install Playwright Chromium	2026-09-05T16:34:06.2553355Z libfreetype6 is already the newest version (2.13.2+dfsg-1ubuntu0.1).
Web typecheck, test, build, Playwright	Install Playwright Chromium	2026-09-05T16:34:06.2554414Z libfreetype6 set to manually installed.
Web typecheck, test, build, Playwright	Install Playwright Chromium	2026-09-05T16:34:06.2555156Z fonts-liberation is already the newest version (1:2.1.5-3).
Web typecheck, test, build, Playwright	Install Playwright Chromium	2026-09-05T16:34:06.2555906Z fonts-liberation set to manually installed.
Web typecheck, test, build, Playwright	Install Playwright Chromium	2026-09-05T16:34:06.2556790Z The following additional packages will be installed:
Web typecheck, test, build, Playwright	Install Playwright Chromium	2026-09-05T16:34:06.2557665Z   xfonts-encodings xfonts-utils
Web typecheck, test, build, Playwright	Install Playwright Chromium	2026-09-05T16:34:06.2558175Z Recommended packages:
Web typecheck, test, build, Playwright	Install Playwright Chromium	2026-09-05T16:34:06.2558672Z   fonts-ipafont-mincho fonts-tlwg-loma
Web typecheck, test, build, Playwright	Install Playwright Chromium	2026-09-05T16:34:06.2725390Z The following NEW packages will be installed:
Web typecheck, test, build, Playwright	Install Playwright Chromium	2026-09-05T16:34:06.2726495Z   fonts-freefont-ttf fonts-ipafont-gothic fonts-tlwg-loma-otf fonts-unifont
Web typecheck, test, build, Playwright	Install Playwright Chromium	2026-09-05T16:34:06.2733291Z   fonts-wqy-zenhei xfonts-cyrillic xfonts-encodings xfonts-scalable
Web typecheck, test, build, Playwright	Install Playwright Chromium	2026-09-05T16:34:06.2734037Z   xfonts-utils
Web typecheck, test, build, Playwright	Install Playwright Chromium	2026-09-05T16:34:06.2918821Z 0 upgraded, 9 newly installed, 0 to remove and 38 not upgraded.
Web typecheck, test, build, Playwright	Install Playwright Chromium	2026-09-05T16:34:06.2919330Z Need to get 21.1 MB of archives.
Web typecheck, test, build, Playwright	Install Playwright Chromium	2026-09-05T16:34:06.2919958Z After this operation, 79.5 MB of additional disk space will be used.
Web typecheck, test, build, Playwright	Install Playwright Chromium	2026-09-05T16:34:06.2920897Z Get:1 file:/etc/apt/apt-mirrors.txt Mirrorlist [144 B]
Web typecheck, test, build, Playwright	Install Playwright Chromium	2026-09-05T16:34:06.5069861Z Get:2 http://azure.archive.ubuntu.com/ubuntu noble/universe amd64 fonts-ipafont-gothic all 00303-21ubuntu1 [3513 kB]
Web typecheck, test, build, Playwright	Install Playwright Chromium	2026-09-05T16:34:06.6319860Z Get:3 http://azure.archive.ubuntu.com/ubuntu noble/main amd64 fonts-freefont-ttf all 20211204+svn4273-2 [5641 kB]
Web typecheck, test, build, Playwright	Install Playwright Chromium	2026-09-05T16:34:06.7968693Z Get:4 http://azure.archive.ubuntu.com/ubuntu noble/universe amd64 fonts-tlwg-loma-otf all 1:0.7.3-1 [107 kB]
Web typecheck, test, build, Playwright	Install Playwright Chromium	2026-09-05T16:34:06.8570700Z Get:5 http://azure.archive.ubuntu.com/ubuntu noble/universe amd64 fonts-unifont all 1:15.1.01-1build1 [2993 kB]
Web typecheck, test, build, Playwright	Install Playwright Chromium	2026-09-05T16:34:06.9755751Z Get:6 http://azure.archive.ubuntu.com/ubuntu noble/universe amd64 fonts-wqy-zenhei all 0.9.45-8 [7472 kB]
Web typecheck, test, build, Playwright	Install Playwright Chromium	2026-09-05T16:34:07.1808744Z Get:7 http://azure.archive.ubuntu.com/ubuntu noble/main amd64 xfonts-encodings all 1:1.0.5-0ubuntu2 [578 kB]
Web typecheck, test, build, Playwright	Install Playwright Chromium	2026-09-05T16:34:07.2499452Z Get:8 http://azure.archive.ubuntu.com/ubuntu noble/main amd64 xfonts-utils amd64 1:7.7+6build3 [94.4 kB]
Web typecheck, test, build, Playwright	Install Playwright Chromium	2026-09-05T16:34:07.3109187Z Get:9 http://azure.archive.ubuntu.com/ubuntu noble/universe amd64 xfonts-cyrillic all 1:1.0.5+nmu1 [384 kB]
Web typecheck, test, build, Playwright	Install Playwright Chromium	2026-09-05T16:34:07.3768234Z Get:10 http://azure.archive.ubuntu.com/ubuntu noble/main amd64 xfonts-scalable all 1:1.0.3-1.3 [304 kB]
Web typecheck, test, build, Playwright	Install Playwright Chromium	2026-09-05T16:34:07.6537641Z Fetched 21.1 MB in 1s (19.2 MB/s)
Web typecheck, test, build, Playwright	Install Playwright Chromium	2026-09-05T16:34:07.6784117Z Selecting previously unselected package fonts-ipafont-gothic.
Web typecheck, test, build, Playwright	Install Playwright Chromium	2026-09-05T16:34:07.7070047Z (Reading database ... 
Web typecheck, test, build, Playwright	Install Playwright Chromium	2026-09-05T16:34:07.7070853Z (Reading database ... 5%
Web typecheck, test, build, Playwright	Install Playwright Chromium	2026-09-05T16:34:07.7071344Z (Reading database ... 10%
Web typecheck, test, build, Playwright	Install Playwright Chromium	2026-09-05T16:34:07.7071672Z (Reading database ... 15%
Web typecheck, test, build, Playwright	Install Playwright Chromium	2026-09-05T16:34:07.7072068Z (Reading database ... 20%
Web typecheck, test, build, Playwright	Install Playwright Chromium	2026-09-05T16:34:07.7072537Z (Reading database ... 25%
Web typecheck, test, build, Playwright	Install Playwright Chromium	2026-09-05T16:34:07.7073104Z (Reading database ... 30%
Web typecheck, test, build, Playwright	Install Playwright Chromium	2026-09-05T16:34:07.7073554Z (Reading database ... 35%
Web typecheck, test, build, Playwright	Install Playwright Chromium	2026-09-05T16:34:07.7073985Z (Reading database ... 40%
Web typecheck, test, build, Playwright	Install Playwright Chromium	2026-09-05T16:34:07.7074442Z (Reading database ... 45%
Web typecheck, test, build, Playwright	Install Playwright Chromium	2026-09-05T16:34:07.7074922Z (Reading database ... 50%
Web typecheck, test, build, Playwright	Install Playwright Chromium	2026-09-05T16:34:07.7105237Z (Reading database ... 55%
Web typecheck, test, build, Playwright	Install Playwright Chromium	2026-09-05T16:34:07.8947734Z (Reading database ... 60%
Web typecheck, test, build, Playwright	Install Playwright Chromium	2026-09-05T16:34:08.0377870Z (Reading database ... 65%
Web typecheck, test, build, Playwright	Install Playwright Chromium	2026-09-05T16:34:08.2444476Z (Reading database ... 70%
Web typecheck, test, build, Playwright	Install Playwright Chromium	2026-09-05T16:34:08.3426887Z (Reading database ... 75%
Web typecheck, test, build, Playwright	Install Playwright Chromium	2026-09-05T16:34:08.5896844Z (Reading database ... 80%
Web typecheck, test, build, Playwright	Install Playwright Chromium	2026-09-05T16:34:08.7942949Z (Reading database ... 85%
Web typecheck, test, build, Playwright	Install Playwright Chromium	2026-09-05T16:34:08.9890075Z (Reading database ... 90%
Web typecheck, test, build, Playwright	Install Playwright Chromium	2026-09-05T16:34:09.1858620Z (Reading database ... 95%
Web typecheck, test, build, Playwright	Install Playwright Chromium	2026-09-05T16:34:09.1859198Z (Reading database ... 100%
Web typecheck, test, build, Playwright	Install Playwright Chromium	2026-09-05T16:34:09.1859757Z (Reading database ... 201676 files and directories currently installed.)
Web typecheck, test, build, Playwright	Install Playwright Chromium	2026-09-05T16:34:09.1904662Z Preparing to unpack .../0-fonts-ipafont-gothic_00303-21ubuntu1_all.deb ...
Web typecheck, test, build, Playwright	Install Playwright Chromium	2026-09-05T16:34:09.1997294Z Unpacking fonts-ipafont-gothic (00303-21ubuntu1) ...
Web typecheck, test, build, Playwright	Install Playwright Chromium	2026-09-05T16:34:09.4356990Z Selecting previously unselected package fonts-freefont-ttf.
Web typecheck, test, build, Playwright	Install Playwright Chromium	2026-09-05T16:34:09.4487316Z Preparing to unpack .../1-fonts-freefont-ttf_20211204+svn4273-2_all.deb ...
Web typecheck, test, build, Playwright	Install Playwright Chromium	2026-09-05T16:34:09.4495601Z Unpacking fonts-freefont-ttf (20211204+svn4273-2) ...
Web typecheck, test, build, Playwright	Install Playwright Chromium	2026-09-05T16:34:09.5302476Z Selecting previously unselected package fonts-tlwg-loma-otf.
Web typecheck, test, build, Playwright	Install Playwright Chromium	2026-09-05T16:34:09.5427254Z Preparing to unpack .../2-fonts-tlwg-loma-otf_1%3a0.7.3-1_all.deb ...
Web typecheck, test, build, Playwright	Install Playwright Chromium	2026-09-05T16:34:09.5435696Z Unpacking fonts-tlwg-loma-otf (1:0.7.3-1) ...
Web typecheck, test, build, Playwright	Install Playwright Chromium	2026-09-05T16:34:09.5644798Z Selecting previously unselected package fonts-unifont.
Web typecheck, test, build, Playwright	Install Playwright Chromium	2026-09-05T16:34:09.5770880Z Preparing to unpack .../3-fonts-unifont_1%3a15.1.01-1build1_all.deb ...
Web typecheck, test, build, Playwright	Install Playwright Chromium	2026-09-05T16:34:09.5779477Z Unpacking fonts-unifont (1:15.1.01-1build1) ...
Web typecheck, test, build, Playwright	Install Playwright Chromium	2026-09-05T16:34:09.6888342Z Selecting previously unselected package fonts-wqy-zenhei.
Web typecheck, test, build, Playwright	Install Playwright Chromium	2026-09-05T16:34:09.7013363Z Preparing to unpack .../4-fonts-wqy-zenhei_0.9.45-8_all.deb ...
Web typecheck, test, build, Playwright	Install Playwright Chromium	2026-09-05T16:34:09.7115365Z Unpacking fonts-wqy-zenhei (0.9.45-8) ...
Web typecheck, test, build, Playwright	Install Playwright Chromium	2026-09-05T16:34:10.1849976Z Selecting previously unselected package xfonts-encodings.
Web typecheck, test, build, Playwright	Install Playwright Chromium	2026-09-05T16:34:10.1978085Z Preparing to unpack .../5-xfonts-encodings_1%3a1.0.5-0ubuntu2_all.deb ...
Web typecheck, test, build, Playwright	Install Playwright Chromium	2026-09-05T16:34:10.1985622Z Unpacking xfonts-encodings (1:1.0.5-0ubuntu2) ...
Web typecheck, test, build, Playwright	Install Playwright Chromium	2026-09-05T16:34:10.2282954Z Selecting previously unselected package xfonts-utils.
Web typecheck, test, build, Playwright	Install Playwright Chromium	2026-09-05T16:34:10.2410098Z Preparing to unpack .../6-xfonts-utils_1%3a7.7+6build3_amd64.deb ...
Web typecheck, test, build, Playwright	Install Playwright Chromium	2026-09-05T16:34:10.2430570Z Unpacking xfonts-utils (1:7.7+6build3) ...
Web typecheck, test, build, Playwright	Install Playwright Chromium	2026-09-05T16:34:10.2982590Z Selecting previously unselected package xfonts-cyrillic.
Web typecheck, test, build, Playwright	Install Playwright Chromium	2026-09-05T16:34:10.3112947Z Preparing to unpack .../7-xfonts-cyrillic_1%3a1.0.5+nmu1_all.deb ...
Web typecheck, test, build, Playwright	Install Playwright Chromium	2026-09-05T16:34:10.3121225Z Unpacking xfonts-cyrillic (1:1.0.5+nmu1) ...
Web typecheck, test, build, Playwright	Install Playwright Chromium	2026-09-05T16:34:10.3483443Z Selecting previously unselected package xfonts-scalable.
Web typecheck, test, build, Playwright	Install Playwright Chromium	2026-09-05T16:34:10.3609806Z Preparing to unpack .../8-xfonts-scalable_1%3a1.0.3-1.3_all.deb ...
Web typecheck, test, build, Playwright	Install Playwright Chromium	2026-09-05T16:34:10.3618940Z Unpacking xfonts-scalable (1:1.0.3-1.3) ...
Web typecheck, test, build, Playwright	Install Playwright Chromium	2026-09-05T16:34:10.4037456Z Setting up fonts-wqy-zenhei (0.9.45-8) ...
Web typecheck, test, build, Playwright	Install Playwright Chromium	2026-09-05T16:34:10.4159850Z Setting up fonts-freefont-ttf (20211204+svn4273-2) ...
Web typecheck, test, build, Playwright	Install Playwright Chromium	2026-09-05T16:34:10.4179956Z Setting up fonts-tlwg-loma-otf (1:0.7.3-1) ...
Web typecheck, test, build, Playwright	Install Playwright Chromium	2026-09-05T16:34:10.4201637Z Setting up xfonts-encodings (1:1.0.5-0ubuntu2) ...
Web typecheck, test, build, Playwright	Install Playwright Chromium	2026-09-05T16:34:10.4221787Z Setting up fonts-ipafont-gothic (00303-21ubuntu1) ...
Web typecheck, test, build, Playwright	Install Playwright Chromium	2026-09-05T16:34:10.4290077Z update-alternatives: using /usr/share/fonts/opentype/ipafont-gothic/ipag.ttf to provide /usr/share/fonts/truetype/fonts-japanese-gothic.ttf (fonts-japanese-gothic.ttf) in auto mode
Web typecheck, test, build, Playwright	Install Playwright Chromium	2026-09-05T16:34:10.4310246Z Setting up fonts-unifont (1:15.1.01-1build1) ...
Web typecheck, test, build, Playwright	Install Playwright Chromium	2026-09-05T16:34:10.4333998Z Setting up xfonts-utils (1:7.7+6build3) ...
Web typecheck, test, build, Playwright	Install Playwright Chromium	2026-09-05T16:34:10.4382432Z Setting up xfonts-cyrillic (1:1.0.5+nmu1) ...
Web typecheck, test, build, Playwright	Install Playwright Chromium	2026-09-05T16:34:10.4880709Z Setting up xfonts-scalable (1:1.0.3-1.3) ...
Web typecheck, test, build, Playwright	Install Playwright Chromium	2026-09-05T16:34:10.5158655Z Processing triggers for man-db (2.12.0-4build2) ...
Web typecheck, test, build, Playwright	Install Playwright Chromium	2026-09-05T16:34:10.5179639Z Not building database; man-db/auto-update is not 'true'.
Web typecheck, test, build, Playwright	Install Playwright Chromium	2026-09-05T16:34:10.5195169Z Processing triggers for fontconfig (2.15.0-1.1ubuntu2) ...
Web typecheck, test, build, Playwright	Install Playwright Chromium	2026-09-05T16:34:11.3326892Z 
Web typecheck, test, build, Playwright	Install Playwright Chromium	2026-09-05T16:34:11.3327840Z Running kernel seems to be up-to-date.
Web typecheck, test, build, Playwright	Install Playwright Chromium	2026-09-05T16:34:11.3328330Z 
Web typecheck, test, build, Playwright	Install Playwright Chromium	2026-09-05T16:34:11.3328692Z No services need to be restarted.
Web typecheck, test, build, Playwright	Install Playwright Chromium	2026-09-05T16:34:11.3329091Z 
Web typecheck, test, build, Playwright	Install Playwright Chromium	2026-09-05T16:34:11.3329449Z No containers need to be restarted.
Web typecheck, test, build, Playwright	Install Playwright Chromium	2026-09-05T16:34:11.3329938Z 
Web typecheck, test, build, Playwright	Install Playwright Chromium	2026-09-05T16:34:11.3330339Z No user sessions are running outdated binaries.
Web typecheck, test, build, Playwright	Install Playwright Chromium	2026-09-05T16:34:11.3330788Z 
Web typecheck, test, build, Playwright	Install Playwright Chromium	2026-09-05T16:34:11.3331498Z No VM guests are running outdated hypervisor (qemu) binaries on this host.
Web typecheck, test, build, Playwright	Visual and interaction tests (developer studio)	﻿2026-09-05T16:34:12.2875119Z ##[group]Run npx playwright test
Web typecheck, test, build, Playwright	Visual and interaction tests (developer studio)	2026-09-05T16:34:12.2875484Z ^[[36;1mnpx playwright test^[[0m
Web typecheck, test, build, Playwright	Visual and interaction tests (developer studio)	2026-09-05T16:34:12.2911790Z shell: /usr/bin/bash -e {0}
Web typecheck, test, build, Playwright	Visual and interaction tests (developer studio)	2026-09-05T16:34:12.2912066Z env:
Web typecheck, test, build, Playwright	Visual and interaction tests (developer studio)	2026-09-05T16:34:12.2912262Z   CI: true
Web typecheck, test, build, Playwright	Visual and interaction tests (developer studio)	2026-09-05T16:34:12.2912475Z   PLAYWRIGHT_SERVER_MODE: dev
Web typecheck, test, build, Playwright	Visual and interaction tests (developer studio)	2026-09-05T16:34:12.2912737Z ##[endgroup]
Web typecheck, test, build, Playwright	Visual and interaction tests (developer studio)	2026-09-05T16:34:13.2203959Z [playwright] created disposable content pack: /tmp/pastel-foundry-e2e-9j4qFi
Web typecheck, test, build, Playwright	Visual and interaction tests (developer studio)	2026-09-05T16:34:16.5268980Z 
Web typecheck, test, build, Playwright	Visual and interaction tests (developer studio)	2026-09-05T16:34:16.5269881Z Running 33 tests using 1 worker
Web typecheck, test, build, Playwright	Visual and interaction tests (developer studio)	2026-09-05T16:35:49.5650238Z ················°················
Web typecheck, test, build, Playwright	Visual and interaction tests (developer studio)	2026-09-05T16:35:49.5655954Z   1 skipped
Web typecheck, test, build, Playwright	Visual and interaction tests (developer studio)	2026-09-05T16:35:49.5657961Z   32 passed (1.6m)
Web typecheck, test, build, Playwright	Visual and interaction tests (developer studio)	2026-09-05T16:35:49.5682381Z ##[notice]  1 skipped
Web typecheck, test, build, Playwright	Visual and interaction tests (developer studio)	  32 passed (1.6m)
Web typecheck, test, build, Playwright	Production preview offline verification	﻿2026-09-05T16:35:49.7081663Z ##[group]Run npx playwright test apps/game-web/e2e/m11c-baseline.spec.ts --project=chromium --grep "M1.1-C production preview boots with content server stopped"
Web typecheck, test, build, Playwright	Production preview offline verification	2026-09-05T16:35:49.7082862Z ^[[36;1mnpx playwright test apps/game-web/e2e/m11c-baseline.spec.ts --project=chromium --grep "M1.1-C production preview boots with content server stopped"^[[0m
Web typecheck, test, build, Playwright	Production preview offline verification	2026-09-05T16:35:49.7119996Z shell: /usr/bin/bash -e {0}
Web typecheck, test, build, Playwright	Production preview offline verification	2026-09-05T16:35:49.7120270Z env:
Web typecheck, test, build, Playwright	Production preview offline verification	2026-09-05T16:35:49.7120469Z   CI: true
Web typecheck, test, build, Playwright	Production preview offline verification	2026-09-05T16:35:49.7120688Z   PLAYWRIGHT_SERVER_MODE: preview
Web typecheck, test, build, Playwright	Production preview offline verification	2026-09-05T16:35:49.7120986Z   PLAYWRIGHT_SKIP_CONTENT_SERVER: 1
Web typecheck, test, build, Playwright	Production preview offline verification	2026-09-05T16:35:49.7121250Z ##[endgroup]
Web typecheck, test, build, Playwright	Production preview offline verification	2026-09-05T16:35:51.9846888Z 
Web typecheck, test, build, Playwright	Production preview offline verification	2026-09-05T16:35:51.9847709Z Running 1 test using 1 worker
Web typecheck, test, build, Playwright	Production preview offline verification	2026-09-05T16:35:53.9306006Z ·
Web typecheck, test, build, Playwright	Production preview offline verification	2026-09-05T16:35:53.9310850Z   1 passed (3.4s)
Web typecheck, test, build, Playwright	Production preview offline verification	2026-09-05T16:35:53.9316363Z ##[notice]  1 passed (3.4s)
Web typecheck, test, build, Playwright	Post Cache Playwright browsers	﻿2026-09-05T16:35:54.0464755Z Node 20 is being deprecated. This workflow is running with Node 24 by default. If you need to temporarily use Node 20, you can set the ACTIONS_ALLOW_USE_UNSECURE_NODE_VERSION=true environment variable. For more information see: https://github.blog/changelog/2025-09-19-deprecation-of-node-20-on-github-actions-runners/
Web typecheck, test, build, Playwright	Post Cache Playwright browsers	2026-09-05T16:35:54.0466874Z Post job cleanup.
Web typecheck, test, build, Playwright	Post Cache Playwright browsers	2026-09-05T16:35:54.1582894Z Cache hit occurred on the primary key playwright-Linux-201a7f779f6b2a1f19c1624cd1146fec8c729e3f162f398545aba35a0da58946, not saving cache.
Web typecheck, test, build, Playwright	Post Cache Playwright browsers	2026-09-05T16:35:54.1585648Z (node:5865) [DEP0040] DeprecationWarning: The `punycode` module is deprecated. Please use a userland alternative instead.
Web typecheck, test, build, Playwright	Post Cache Playwright browsers	2026-09-05T16:35:54.1587722Z (Use `node --trace-deprecation ...` to show where the warning was created)
Web typecheck, test, build, Playwright	Post Run actions/setup-node@v4	﻿2026-09-05T16:35:54.1701202Z Node 20 is being deprecated. This workflow is running with Node 24 by default. If you need to temporarily use Node 20, you can set the ACTIONS_ALLOW_USE_UNSECURE_NODE_VERSION=true environment variable. For more information see: https://github.blog/changelog/2025-09-19-deprecation-of-node-20-on-github-actions-runners/
Web typecheck, test, build, Playwright	Post Run actions/setup-node@v4	2026-09-05T16:35:54.1702479Z Post job cleanup.
Web typecheck, test, build, Playwright	Post Run actions/setup-node@v4	2026-09-05T16:35:54.3142429Z (node:5873) [DEP0040] DeprecationWarning: The `punycode` module is deprecated. Please use a userland alternative instead.
Web typecheck, test, build, Playwright	Post Run actions/setup-node@v4	2026-09-05T16:35:54.3143851Z (Use `node --trace-deprecation ...` to show where the warning was created)
Web typecheck, test, build, Playwright	Post Run actions/setup-node@v4	2026-09-05T16:35:54.3145045Z Cache hit occurred on the primary key node-cache-Linux-x64-npm-201a7f779f6b2a1f19c1624cd1146fec8c729e3f162f398545aba35a0da58946, not saving cache.
Web typecheck, test, build, Playwright	Post Run actions/checkout@v4	﻿2026-09-05T16:35:54.3267331Z Node 20 is being deprecated. This workflow is running with Node 24 by default. If you need to temporarily use Node 20, you can set the ACTIONS_ALLOW_USE_UNSECURE_NODE_VERSION=true environment variable. For more information see: https://github.blog/changelog/2025-09-19-deprecation-of-node-20-on-github-actions-runners/
Web typecheck, test, build, Playwright	Post Run actions/checkout@v4	2026-09-05T16:35:54.3268623Z Post job cleanup.
Web typecheck, test, build, Playwright	Post Run actions/checkout@v4	2026-09-05T16:35:54.4174672Z [command]/usr/bin/git version
Web typecheck, test, build, Playwright	Post Run actions/checkout@v4	2026-09-05T16:35:54.4220017Z git version 2.55.0
Web typecheck, test, build, Playwright	Post Run actions/checkout@v4	2026-09-05T16:35:54.4259804Z Temporarily overriding HOME='/home/runner/work/_temp/a5e90c34-a596-4d3e-b73e-afb1555ebb50' before making global git config changes
Web typecheck, test, build, Playwright	Post Run actions/checkout@v4	2026-09-05T16:35:54.4261568Z Adding repository directory to the temporary git global config as a safe directory
Web typecheck, test, build, Playwright	Post Run actions/checkout@v4	2026-09-05T16:35:54.4265968Z [command]/usr/bin/git config --global --add safe.directory /home/runner/work/pastel-rts/pastel-rts
Web typecheck, test, build, Playwright	Post Run actions/checkout@v4	2026-09-05T16:35:54.4305615Z [command]/usr/bin/git config --local --name-only --get-regexp core\.sshCommand
Web typecheck, test, build, Playwright	Post Run actions/checkout@v4	2026-09-05T16:35:54.4341941Z [command]/usr/bin/git submodule foreach --recursive sh -c "git config --local --name-only --get-regexp 'core\.sshCommand' && git config --local --unset-all 'core.sshCommand' || :"
Web typecheck, test, build, Playwright	Post Run actions/checkout@v4	2026-09-05T16:35:54.4597104Z [command]/usr/bin/git config --local --name-only --get-regexp http\.https\:\/\/github\.com\/\.extraheader
Web typecheck, test, build, Playwright	Post Run actions/checkout@v4	2026-09-05T16:35:54.4627549Z http.https://github.com/.extraheader
Web typecheck, test, build, Playwright	Post Run actions/checkout@v4	2026-09-05T16:35:54.4634793Z [command]/usr/bin/git config --local --unset-all http.https://github.com/.extraheader
Web typecheck, test, build, Playwright	Post Run actions/checkout@v4	2026-09-05T16:35:54.4668339Z [command]/usr/bin/git submodule foreach --recursive sh -c "git config --local --name-only --get-regexp 'http\.https\:\/\/github\.com\/\.extraheader' && git config --local --unset-all 'http.https://github.com/.extraheader' || :"
Web typecheck, test, build, Playwright	Post Run actions/checkout@v4	2026-09-05T16:35:54.4939590Z [command]/usr/bin/git config --local --name-only --get-regexp ^includeIf\.gitdir:
Web typecheck, test, build, Playwright	Post Run actions/checkout@v4	2026-09-05T16:35:54.4993536Z [command]/usr/bin/git submodule foreach --recursive git config --local --show-origin --name-only --get-regexp remote.origin.url
Web typecheck, test, build, Playwright	Complete job	﻿2026-09-05T16:35:54.5462193Z Cleaning up orphan processes
Web typecheck, test, build, Playwright	Complete job	2026-09-05T16:35:54.5948886Z ##[warning]Node.js 20 is deprecated. The following actions target Node.js 20 but are being forced to run on Node.js 24: actions/cache@v4, actions/checkout@v4, actions/setup-node@v4. For more information see: https://github.blog/changelog/2025-09-19-deprecation-of-node-20-on-github-actions-runners/
