iOS simulator compile	Set up job	﻿2026-09-05T18:33:37.5846260Z Current runner version: '2.337.0'
iOS simulator compile	Set up job	2026-09-05T18:33:37.5865260Z ##[group]Runner Image Provisioner
iOS simulator compile	Set up job	2026-09-05T18:33:37.5865870Z Hosted Compute Agent
iOS simulator compile	Set up job	2026-09-05T18:33:37.5866270Z Version: 20260828.587
iOS simulator compile	Set up job	2026-09-05T18:33:37.5866690Z Commit: abac92662cab4cc7352de4f9f9d2e2419aad9c29
iOS simulator compile	Set up job	2026-09-05T18:33:37.5867280Z Build Date: 2026-08-28T16:44:25Z
iOS simulator compile	Set up job	2026-09-05T18:33:37.5867820Z Worker ID: {850fd62e-fd85-49f1-9406-a90f9f305e62}
iOS simulator compile	Set up job	2026-09-05T18:33:37.5868360Z Azure Region: westus
iOS simulator compile	Set up job	2026-09-05T18:33:37.5868770Z ##[endgroup]
iOS simulator compile	Set up job	2026-09-05T18:33:37.5869900Z ##[group]Operating System
iOS simulator compile	Set up job	2026-09-05T18:33:37.5870900Z macOS
iOS simulator compile	Set up job	2026-09-05T18:33:37.5871350Z 26.6.2
iOS simulator compile	Set up job	2026-09-05T18:33:37.5871710Z 25G83
iOS simulator compile	Set up job	2026-09-05T18:33:37.5872080Z ##[endgroup]
iOS simulator compile	Set up job	2026-09-05T18:33:37.5872520Z ##[group]Runner Image
iOS simulator compile	Set up job	2026-09-05T18:33:37.5872960Z Image: macos-26-arm64
iOS simulator compile	Set up job	2026-09-05T18:33:37.5873590Z Version: 20260831.0337.3
iOS simulator compile	Set up job	2026-09-05T18:33:37.5874460Z Included Software: https://github.com/actions/runner-images/blob/macos-26-arm64/20260831.0337/images/macos/macos-26-arm64-Readme.md
iOS simulator compile	Set up job	2026-09-05T18:33:37.5875890Z Image Release: https://github.com/actions/runner-images/releases/tag/macos-26-arm64%2F20260831.0337
iOS simulator compile	Set up job	2026-09-05T18:33:37.5876660Z ##[endgroup]
iOS simulator compile	Set up job	2026-09-05T18:33:37.5877590Z ##[group]GITHUB_TOKEN Permissions
iOS simulator compile	Set up job	2026-09-05T18:33:37.5879460Z Contents: read
iOS simulator compile	Set up job	2026-09-05T18:33:37.5879850Z Metadata: read
iOS simulator compile	Set up job	2026-09-05T18:33:37.5880240Z Packages: read
iOS simulator compile	Set up job	2026-09-05T18:33:37.5881160Z ##[endgroup]
iOS simulator compile	Set up job	2026-09-05T18:33:37.5886530Z Secret source: Actions
iOS simulator compile	Set up job	2026-09-05T18:33:37.5887590Z Prepare workflow directory
iOS simulator compile	Set up job	2026-09-05T18:33:37.6329050Z Prepare all required actions
iOS simulator compile	Set up job	2026-09-05T18:33:37.6403430Z Getting action download info
iOS simulator compile	Set up job	2026-09-05T18:33:38.0447990Z Download action repository 'actions/checkout@v4' (SHA:11d5960a326750d5838078e36cf38b85af677262)
iOS simulator compile	Set up job	2026-09-05T18:33:38.2627660Z Download action repository 'actions/setup-node@v4' (SHA:49933ea5288caeca8642d1e84afbd3f7d6820020)
iOS simulator compile	Set up job	2026-09-05T18:33:38.4229530Z Complete job name: iOS simulator compile
iOS simulator compile	Run actions/checkout@v4	﻿2026-09-05T18:33:38.4659240Z Node 20 is being deprecated. This workflow is running with Node 24 by default. If you need to temporarily use Node 20, you can set the ACTIONS_ALLOW_USE_UNSECURE_NODE_VERSION=true environment variable. For more information see: https://github.blog/changelog/2025-09-19-deprecation-of-node-20-on-github-actions-runners/
iOS simulator compile	Run actions/checkout@v4	2026-09-05T18:33:38.4665780Z ##[group]Run actions/checkout@v4
iOS simulator compile	Run actions/checkout@v4	2026-09-05T18:33:38.4666280Z with:
iOS simulator compile	Run actions/checkout@v4	2026-09-05T18:33:38.4666640Z   repository: prateekranka/pastel-rts
iOS simulator compile	Run actions/checkout@v4	2026-09-05T18:33:38.4669310Z   token: ***
iOS simulator compile	Run actions/checkout@v4	2026-09-05T18:33:38.4669650Z   ssh-strict: true
iOS simulator compile	Run actions/checkout@v4	2026-09-05T18:33:38.4669990Z   ssh-user: git
iOS simulator compile	Run actions/checkout@v4	2026-09-05T18:33:38.4685180Z   persist-credentials: true
iOS simulator compile	Run actions/checkout@v4	2026-09-05T18:33:38.4685630Z   clean: true
iOS simulator compile	Run actions/checkout@v4	2026-09-05T18:33:38.4685960Z   sparse-checkout-cone-mode: true
iOS simulator compile	Run actions/checkout@v4	2026-09-05T18:33:38.4686340Z   fetch-depth: 1
iOS simulator compile	Run actions/checkout@v4	2026-09-05T18:33:38.4686660Z   fetch-tags: false
iOS simulator compile	Run actions/checkout@v4	2026-09-05T18:33:38.4686990Z   show-progress: true
iOS simulator compile	Run actions/checkout@v4	2026-09-05T18:33:38.4687310Z   lfs: false
iOS simulator compile	Run actions/checkout@v4	2026-09-05T18:33:38.4687620Z   submodules: false
iOS simulator compile	Run actions/checkout@v4	2026-09-05T18:33:38.4687990Z   set-safe-directory: true
iOS simulator compile	Run actions/checkout@v4	2026-09-05T18:33:38.4688360Z   allow-unsafe-pr-checkout: false
iOS simulator compile	Run actions/checkout@v4	2026-09-05T18:33:38.4689150Z ##[endgroup]
iOS simulator compile	Run actions/checkout@v4	2026-09-05T18:33:39.0404480Z Syncing repository: prateekranka/pastel-rts
iOS simulator compile	Run actions/checkout@v4	2026-09-05T18:33:39.0406120Z ##[group]Getting Git version info
iOS simulator compile	Run actions/checkout@v4	2026-09-05T18:33:39.0406670Z Working directory is '/Users/runner/work/pastel-rts/pastel-rts'
iOS simulator compile	Run actions/checkout@v4	2026-09-05T18:33:39.0415970Z [command]/opt/homebrew/bin/git version
iOS simulator compile	Run actions/checkout@v4	2026-09-05T18:33:39.0703580Z git version 2.55.0
iOS simulator compile	Run actions/checkout@v4	2026-09-05T18:33:39.0715370Z ##[endgroup]
iOS simulator compile	Run actions/checkout@v4	2026-09-05T18:33:39.0722600Z Copying '/Users/runner/.gitconfig' to '/Users/runner/work/_temp/d2d2edc5-fbc5-4c03-83cf-9f31681a0846/.gitconfig'
iOS simulator compile	Run actions/checkout@v4	2026-09-05T18:33:39.0730620Z Temporarily overriding HOME='/Users/runner/work/_temp/d2d2edc5-fbc5-4c03-83cf-9f31681a0846' before making global git config changes
iOS simulator compile	Run actions/checkout@v4	2026-09-05T18:33:39.0731720Z Adding repository directory to the temporary git global config as a safe directory
iOS simulator compile	Run actions/checkout@v4	2026-09-05T18:33:39.0733780Z [command]/opt/homebrew/bin/git config --global --add safe.directory /Users/runner/work/pastel-rts/pastel-rts
iOS simulator compile	Run actions/checkout@v4	2026-09-05T18:33:39.0850260Z Deleting the contents of '/Users/runner/work/pastel-rts/pastel-rts'
iOS simulator compile	Run actions/checkout@v4	2026-09-05T18:33:39.0852420Z ##[group]Initializing the repository
iOS simulator compile	Run actions/checkout@v4	2026-09-05T18:33:39.0856490Z [command]/opt/homebrew/bin/git init /Users/runner/work/pastel-rts/pastel-rts
iOS simulator compile	Run actions/checkout@v4	2026-09-05T18:33:39.1112090Z hint: Using 'master' as the name for the initial branch. This default branch name
iOS simulator compile	Run actions/checkout@v4	2026-09-05T18:33:39.1114950Z hint: will change to "main" in Git 3.0. To configure the initial branch name
iOS simulator compile	Run actions/checkout@v4	2026-09-05T18:33:39.1120200Z hint: to use in all of your new repositories, which will suppress this warning,
iOS simulator compile	Run actions/checkout@v4	2026-09-05T18:33:39.1129950Z hint: call:
iOS simulator compile	Run actions/checkout@v4	2026-09-05T18:33:39.1131400Z hint:
iOS simulator compile	Run actions/checkout@v4	2026-09-05T18:33:39.1132710Z hint: 	git config --global init.defaultBranch <name>
iOS simulator compile	Run actions/checkout@v4	2026-09-05T18:33:39.1136390Z hint:
iOS simulator compile	Run actions/checkout@v4	2026-09-05T18:33:39.1156050Z hint: Names commonly chosen instead of 'master' are 'main', 'trunk' and
iOS simulator compile	Run actions/checkout@v4	2026-09-05T18:33:39.1157110Z hint: 'development'. The just-created branch can be renamed via this command:
iOS simulator compile	Run actions/checkout@v4	2026-09-05T18:33:39.1157810Z hint:
iOS simulator compile	Run actions/checkout@v4	2026-09-05T18:33:39.1158240Z hint: 	git branch -m <name>
iOS simulator compile	Run actions/checkout@v4	2026-09-05T18:33:39.1158670Z hint:
iOS simulator compile	Run actions/checkout@v4	2026-09-05T18:33:39.1159210Z hint: Disable this message with "git config set advice.defaultBranchName false"
iOS simulator compile	Run actions/checkout@v4	2026-09-05T18:33:39.1160180Z Initialized empty Git repository in /Users/runner/work/pastel-rts/pastel-rts/.git/
iOS simulator compile	Run actions/checkout@v4	2026-09-05T18:33:39.1161800Z [command]/opt/homebrew/bin/git remote add origin https://github.com/prateekranka/pastel-rts
iOS simulator compile	Run actions/checkout@v4	2026-09-05T18:33:39.1218410Z ##[endgroup]
iOS simulator compile	Run actions/checkout@v4	2026-09-05T18:33:39.1219160Z ##[group]Disabling automatic garbage collection
iOS simulator compile	Run actions/checkout@v4	2026-09-05T18:33:39.1224820Z [command]/opt/homebrew/bin/git config --local gc.auto 0
iOS simulator compile	Run actions/checkout@v4	2026-09-05T18:33:39.1297420Z ##[endgroup]
iOS simulator compile	Run actions/checkout@v4	2026-09-05T18:33:39.1298350Z ##[group]Setting up auth
iOS simulator compile	Run actions/checkout@v4	2026-09-05T18:33:39.1302320Z [command]/opt/homebrew/bin/git config --local --name-only --get-regexp core\.sshCommand
iOS simulator compile	Run actions/checkout@v4	2026-09-05T18:33:39.1370690Z [command]/opt/homebrew/bin/git submodule foreach --recursive sh -c "git config --local --name-only --get-regexp 'core\.sshCommand' && git config --local --unset-all 'core.sshCommand' || :"
iOS simulator compile	Run actions/checkout@v4	2026-09-05T18:33:39.2441890Z [command]/opt/homebrew/bin/git config --local --name-only --get-regexp http\.https\:\/\/github\.com\/\.extraheader
iOS simulator compile	Run actions/checkout@v4	2026-09-05T18:33:39.2503640Z [command]/opt/homebrew/bin/git submodule foreach --recursive sh -c "git config --local --name-only --get-regexp 'http\.https\:\/\/github\.com\/\.extraheader' && git config --local --unset-all 'http.https://github.com/.extraheader' || :"
iOS simulator compile	Run actions/checkout@v4	2026-09-05T18:33:39.3264630Z [command]/opt/homebrew/bin/git config --local --name-only --get-regexp ^includeIf\.gitdir:
iOS simulator compile	Run actions/checkout@v4	2026-09-05T18:33:39.3329690Z [command]/opt/homebrew/bin/git submodule foreach --recursive git config --local --show-origin --name-only --get-regexp remote.origin.url
iOS simulator compile	Run actions/checkout@v4	2026-09-05T18:33:39.4559160Z [command]/opt/homebrew/bin/git config --local http.https://github.com/.extraheader AUTHORIZATION: basic ***
iOS simulator compile	Run actions/checkout@v4	2026-09-05T18:33:39.4757710Z ##[endgroup]
iOS simulator compile	Run actions/checkout@v4	2026-09-05T18:33:39.4758600Z ##[group]Fetching the repository
iOS simulator compile	Run actions/checkout@v4	2026-09-05T18:33:39.4759730Z [command]/opt/homebrew/bin/git -c protocol.version=2 fetch --no-tags --prune --no-recurse-submodules --depth=1 origin +377ae8eb566c17c7730ed5c7be73e6e161ee8c28:refs/remotes/pull/4/merge
iOS simulator compile	Run actions/checkout@v4	2026-09-05T18:33:43.4672840Z From https://github.com/prateekranka/pastel-rts
iOS simulator compile	Run actions/checkout@v4	2026-09-05T18:33:43.4675740Z  * [new ref]         377ae8eb566c17c7730ed5c7be73e6e161ee8c28 -> pull/4/merge
iOS simulator compile	Run actions/checkout@v4	2026-09-05T18:33:43.4679680Z ##[endgroup]
iOS simulator compile	Run actions/checkout@v4	2026-09-05T18:33:43.4680760Z ##[group]Determining the checkout info
iOS simulator compile	Run actions/checkout@v4	2026-09-05T18:33:43.4681780Z ##[endgroup]
iOS simulator compile	Run actions/checkout@v4	2026-09-05T18:33:43.4682510Z [command]/opt/homebrew/bin/git sparse-checkout disable
iOS simulator compile	Run actions/checkout@v4	2026-09-05T18:33:43.4776660Z [command]/opt/homebrew/bin/git config --local --unset-all extensions.worktreeConfig
iOS simulator compile	Run actions/checkout@v4	2026-09-05T18:33:43.4848830Z ##[group]Checking out the ref
iOS simulator compile	Run actions/checkout@v4	2026-09-05T18:33:43.4852850Z [command]/opt/homebrew/bin/git checkout --progress --force refs/remotes/pull/4/merge
iOS simulator compile	Run actions/checkout@v4	2026-09-05T18:33:43.8930730Z HEAD is now at 377ae8e Merge 111b9ca648454c1f1e4b162f38095473d95b228d into 6be785fe33429cae42f6d4dabd15660a91309827
iOS simulator compile	Run actions/checkout@v4	2026-09-05T18:33:43.8945810Z ##[endgroup]
iOS simulator compile	Run actions/checkout@v4	2026-09-05T18:33:43.9089880Z [command]/opt/homebrew/bin/git log -1 --format=%H
iOS simulator compile	Run actions/checkout@v4	2026-09-05T18:33:43.9268820Z 377ae8eb566c17c7730ed5c7be73e6e161ee8c28
iOS simulator compile	Run actions/setup-node@v4	﻿2026-09-05T18:33:43.9866630Z Node 20 is being deprecated. This workflow is running with Node 24 by default. If you need to temporarily use Node 20, you can set the ACTIONS_ALLOW_USE_UNSECURE_NODE_VERSION=true environment variable. For more information see: https://github.blog/changelog/2025-09-19-deprecation-of-node-20-on-github-actions-runners/
iOS simulator compile	Run actions/setup-node@v4	2026-09-05T18:33:43.9871220Z ##[group]Run actions/setup-node@v4
iOS simulator compile	Run actions/setup-node@v4	2026-09-05T18:33:43.9872060Z with:
iOS simulator compile	Run actions/setup-node@v4	2026-09-05T18:33:43.9872770Z   node-version-file: .nvmrc
iOS simulator compile	Run actions/setup-node@v4	2026-09-05T18:33:43.9873480Z   cache: npm
iOS simulator compile	Run actions/setup-node@v4	2026-09-05T18:33:43.9874220Z   always-auth: false
iOS simulator compile	Run actions/setup-node@v4	2026-09-05T18:33:43.9874950Z   check-latest: false
iOS simulator compile	Run actions/setup-node@v4	2026-09-05T18:33:43.9881590Z   token: ***
iOS simulator compile	Run actions/setup-node@v4	2026-09-05T18:33:43.9882690Z ##[endgroup]
iOS simulator compile	Run actions/setup-node@v4	2026-09-05T18:33:44.2287960Z Resolved .nvmrc as 22
iOS simulator compile	Run actions/setup-node@v4	2026-09-05T18:33:44.2358990Z Found in cache @ /Users/runner/hostedtoolcache/node/22.23.2/arm64
iOS simulator compile	Run actions/setup-node@v4	2026-09-05T18:33:44.2360200Z (node:33027) [DEP0040] DeprecationWarning: The `punycode` module is deprecated. Please use a userland alternative instead.
iOS simulator compile	Run actions/setup-node@v4	2026-09-05T18:33:44.2361120Z (Use `node --trace-deprecation ...` to show where the warning was created)
iOS simulator compile	Run actions/setup-node@v4	2026-09-05T18:33:44.2361850Z ##[group]Environment details
iOS simulator compile	Run actions/setup-node@v4	2026-09-05T18:33:44.8573730Z node: v22.23.2
iOS simulator compile	Run actions/setup-node@v4	2026-09-05T18:33:44.8574210Z npm: 10.9.8
iOS simulator compile	Run actions/setup-node@v4	2026-09-05T18:33:44.8574510Z yarn: 1.22.22
iOS simulator compile	Run actions/setup-node@v4	2026-09-05T18:33:44.8575430Z ##[endgroup]
iOS simulator compile	Run actions/setup-node@v4	2026-09-05T18:33:44.8612400Z [command]/Users/runner/hostedtoolcache/node/22.23.2/arm64/bin/npm config get cache
iOS simulator compile	Run actions/setup-node@v4	2026-09-05T18:33:45.0647190Z /Users/runner/.npm
iOS simulator compile	Run actions/setup-node@v4	2026-09-05T18:33:45.3880230Z Cache hit for: node-cache-macOS-arm64-npm-201a7f779f6b2a1f19c1624cd1146fec8c729e3f162f398545aba35a0da58946
iOS simulator compile	Run actions/setup-node@v4	2026-09-05T18:33:45.3968130Z (node:33027) [DEP0169] DeprecationWarning: `url.parse()` behavior is not standardized and prone to errors that have security implications. Use the WHATWG URL API instead. CVEs are not issued for `url.parse()` vulnerabilities.
iOS simulator compile	Run actions/setup-node@v4	2026-09-05T18:33:46.6888850Z Received 0 of 35289833 (0.0%), 0.0 MBs/sec
iOS simulator compile	Run actions/setup-node@v4	2026-09-05T18:33:47.3992850Z Received 35289833 of 35289833 (100.0%), 19.7 MBs/sec
iOS simulator compile	Run actions/setup-node@v4	2026-09-05T18:33:47.3997740Z Cache Size: ~34 MB (35289833 B)
iOS simulator compile	Run actions/setup-node@v4	2026-09-05T18:33:47.4182490Z [command]/opt/homebrew/bin/gtar -xf /Users/runner/work/_temp/6d119de2-4cea-4be3-beba-b5c9bebc744e/cache.tzst -P -C /Users/runner/work/pastel-rts/pastel-rts --delay-directory-restore --use-compress-program unzstd
iOS simulator compile	Run actions/setup-node@v4	2026-09-05T18:33:47.6552600Z Cache restored successfully
iOS simulator compile	Run actions/setup-node@v4	2026-09-05T18:33:47.6568680Z Cache restored from key: node-cache-macOS-arm64-npm-201a7f779f6b2a1f19c1624cd1146fec8c729e3f162f398545aba35a0da58946
iOS simulator compile	Install JS workspaces	﻿2026-09-05T18:33:47.6716690Z ##[group]Run npm ci
iOS simulator compile	Install JS workspaces	2026-09-05T18:33:47.6716970Z ^[[36;1mnpm ci^[[0m
iOS simulator compile	Install JS workspaces	2026-09-05T18:33:47.6766530Z shell: /bin/bash -e {0}
iOS simulator compile	Install JS workspaces	2026-09-05T18:33:47.6766880Z ##[endgroup]
iOS simulator compile	Install JS workspaces	2026-09-05T18:33:49.1050270Z npm warn deprecated whatwg-encoding@3.1.1: Use @exodus/bytes instead for a more spec-conformant and faster implementation
iOS simulator compile	Install JS workspaces	2026-09-05T18:33:50.0676570Z npm warn deprecated eslint@9.39.5: This version is no longer supported. Please see https://eslint.org/version-support for other options.
iOS simulator compile	Install JS workspaces	2026-09-05T18:33:50.6145240Z 
iOS simulator compile	Install JS workspaces	2026-09-05T18:33:50.6148920Z added 212 packages, and audited 219 packages in 3s
iOS simulator compile	Install JS workspaces	2026-09-05T18:33:50.6149360Z 
iOS simulator compile	Install JS workspaces	2026-09-05T18:33:50.6149590Z 58 packages are looking for funding
iOS simulator compile	Install JS workspaces	2026-09-05T18:33:50.6152540Z   run `npm fund` for details
iOS simulator compile	Install JS workspaces	2026-09-05T18:33:50.6154840Z 
iOS simulator compile	Install JS workspaces	2026-09-05T18:33:50.6155050Z found 0 vulnerabilities
iOS simulator compile	Production web build for bundle	﻿2026-09-05T18:33:50.6984470Z ##[group]Run npm run build --workspace @pastel-rts/game-web
iOS simulator compile	Production web build for bundle	2026-09-05T18:33:50.6984980Z ^[[36;1mnpm run build --workspace @pastel-rts/game-web^[[0m
iOS simulator compile	Production web build for bundle	2026-09-05T18:33:50.7023930Z shell: /bin/bash -e {0}
iOS simulator compile	Production web build for bundle	2026-09-05T18:33:50.7024290Z ##[endgroup]
iOS simulator compile	Production web build for bundle	2026-09-05T18:33:50.9349010Z 
iOS simulator compile	Production web build for bundle	2026-09-05T18:33:50.9351030Z > @pastel-rts/game-web@0.0.0 build
iOS simulator compile	Production web build for bundle	2026-09-05T18:33:50.9352600Z > tsc -p tsconfig.json --noEmit && vite build
iOS simulator compile	Production web build for bundle	2026-09-05T18:33:50.9362430Z 
iOS simulator compile	Production web build for bundle	2026-09-05T18:33:54.7081540Z ^[[36mvite v6.4.3 ^[[32mbuilding for production...^[[36m^[[39m
iOS simulator compile	Production web build for bundle	2026-09-05T18:33:54.7808380Z transforming...
iOS simulator compile	Production web build for bundle	2026-09-05T18:33:57.3052480Z ^[[32m✓^[[39m 94 modules transformed.
iOS simulator compile	Production web build for bundle	2026-09-05T18:33:58.0338480Z rendering chunks...
iOS simulator compile	Production web build for bundle	2026-09-05T18:33:59.1808100Z computing gzip size...
iOS simulator compile	Production web build for bundle	2026-09-05T18:33:59.2535000Z ^[[2mdist/^[[22m^[[32mindex.html                       ^[[39m^[[1m^[[2m  0.71 kB^[[22m^[[1m^[[22m^[[2m │ gzip:   0.40 kB^[[22m
iOS simulator compile	Production web build for bundle	2026-09-05T18:33:59.2535940Z ^[[2mdist/^[[22m^[[2massets/^[[22m^[[32msimWorker-CXkMjMPG.js     ^[[39m^[[1m^[[2m  3.33 kB^[[22m^[[1m^[[22m
iOS simulator compile	Production web build for bundle	2026-09-05T18:33:59.2537010Z ^[[2mdist/^[[22m^[[2massets/^[[22m^[[32mmatchWorker-BYXzMXIP.js   ^[[39m^[[1m^[[2m 24.48 kB^[[22m^[[1m^[[22m
iOS simulator compile	Production web build for bundle	2026-09-05T18:33:59.2537910Z ^[[2mdist/^[[22m^[[2massets/^[[22m^[[35mindex-VnpXLJE0.css        ^[[39m^[[1m^[[2m  0.59 kB^[[22m^[[1m^[[22m^[[2m │ gzip:   0.34 kB^[[22m
iOS simulator compile	Production web build for bundle	2026-09-05T18:33:59.2539360Z ^[[2mdist/^[[22m^[[2massets/^[[22m^[[36mthree.webgpu-Dp1TGvP_.js  ^[[39m^[[1m^[[2m673.73 kB^[[22m^[[1m^[[22m^[[2m │ gzip: 190.22 kB^[[22m^[[2m │ map: 3,245.64 kB^[[22m
iOS simulator compile	Production web build for bundle	2026-09-05T18:33:59.2540550Z ^[[2mdist/^[[22m^[[2massets/^[[22m^[[36mindex-CbgxSZ9d.js         ^[[39m^[[1m^[[2m939.38 kB^[[22m^[[1m^[[22m^[[2m │ gzip: 250.39 kB^[[22m^[[2m │ map: 3,880.03 kB^[[22m
iOS simulator compile	Production web build for bundle	2026-09-05T18:33:59.2541370Z ^[[32m✓ built in 4.52s^[[39m
iOS simulator compile	Sync web build into iOS resources	﻿2026-09-05T18:33:59.3319280Z ##[group]Run npm run ios:sync-web
iOS simulator compile	Sync web build into iOS resources	2026-09-05T18:33:59.3319570Z ^[[36;1mnpm run ios:sync-web^[[0m
iOS simulator compile	Sync web build into iOS resources	2026-09-05T18:33:59.3359250Z shell: /bin/bash -e {0}
iOS simulator compile	Sync web build into iOS resources	2026-09-05T18:33:59.3359560Z ##[endgroup]
iOS simulator compile	Sync web build into iOS resources	2026-09-05T18:33:59.5304000Z 
iOS simulator compile	Sync web build into iOS resources	2026-09-05T18:33:59.5319630Z > pastel-rts@0.0.0 ios:sync-web
iOS simulator compile	Sync web build into iOS resources	2026-09-05T18:33:59.5320280Z > node scripts/sync-web-build.mjs
iOS simulator compile	Sync web build into iOS resources	2026-09-05T18:33:59.5320660Z 
iOS simulator compile	Sync web build into iOS resources	2026-09-05T18:33:59.6021160Z Synced production web build to /Users/runner/work/pastel-rts/pastel-rts/apps/ios-shell/PastelRTS/WebGame
iOS simulator compile	Install XcodeGen	﻿2026-09-05T18:33:59.6138540Z ##[group]Run brew install xcodegen
iOS simulator compile	Install XcodeGen	2026-09-05T18:33:59.6138880Z ^[[36;1mbrew install xcodegen^[[0m
iOS simulator compile	Install XcodeGen	2026-09-05T18:33:59.6216910Z shell: /bin/bash -e {0}
iOS simulator compile	Install XcodeGen	2026-09-05T18:33:59.6217610Z ##[endgroup]
iOS simulator compile	Install XcodeGen	2026-09-05T18:34:03.0070810Z ^[[32m==>^[[0m ^[[1mDownloading bottle manifests^[[0m
iOS simulator compile	Install XcodeGen	2026-09-05T18:34:03.0371440Z ✔︎ Bottle Manifest xcodegen (2.46.0)
iOS simulator compile	Install XcodeGen	2026-09-05T18:34:03.0372140Z ^[[34m==>^[[0m ^[[1mWould install 1 formula:^[[0m
iOS simulator compile	Install XcodeGen	2026-09-05T18:34:03.0473780Z ^[[32m==>^[[0m ^[[1mFetching downloads for: ^[[32mxcodegen^[[39m^[[0m
iOS simulator compile	Install XcodeGen	2026-09-05T18:34:03.0474270Z xcodegen
iOS simulator compile	Install XcodeGen	2026-09-05T18:34:03.2952850Z ✔︎ Bottle xcodegen (2.46.0)
iOS simulator compile	Install XcodeGen	2026-09-05T18:34:03.3327860Z ^[[34m==>^[[0m ^[[1mPouring xcodegen--2.46.0.arm64_tahoe.bottle.1.tar.gz^[[0m
iOS simulator compile	Install XcodeGen	2026-09-05T18:34:03.4927310Z 🍺  /opt/homebrew/Cellar/xcodegen/2.46.0: 38 files, 7.4MB
iOS simulator compile	Generate Xcode project	﻿2026-09-05T18:34:03.5080010Z ##[group]Run (cd apps/ios-shell && xcodegen generate)
iOS simulator compile	Generate Xcode project	2026-09-05T18:34:03.5080360Z ^[[36;1m(cd apps/ios-shell && xcodegen generate)^[[0m
iOS simulator compile	Generate Xcode project	2026-09-05T18:34:03.5114420Z shell: /bin/bash -e {0}
iOS simulator compile	Generate Xcode project	2026-09-05T18:34:03.5114640Z ##[endgroup]
iOS simulator compile	Generate Xcode project	2026-09-05T18:34:03.5586710Z ⚙️  Generating plists...
iOS simulator compile	Generate Xcode project	2026-09-05T18:34:03.5594160Z ⚙️  Generating project...
iOS simulator compile	Generate Xcode project	2026-09-05T18:34:03.5782470Z ⚙️  Writing project...
iOS simulator compile	Generate Xcode project	2026-09-05T18:34:03.5879980Z Created project at /Users/runner/work/pastel-rts/pastel-rts/apps/ios-shell/PastelRTS.xcodeproj
iOS simulator compile	Compile for iOS Simulator	﻿2026-09-05T18:34:03.5932900Z ##[group]Run xcodebuild \
iOS simulator compile	Compile for iOS Simulator	2026-09-05T18:34:03.5933300Z ^[[36;1mxcodebuild \^[[0m
iOS simulator compile	Compile for iOS Simulator	2026-09-05T18:34:03.5933620Z ^[[36;1m  -project apps/ios-shell/PastelRTS.xcodeproj \^[[0m
iOS simulator compile	Compile for iOS Simulator	2026-09-05T18:34:03.5933980Z ^[[36;1m  -scheme PastelRTS \^[[0m
iOS simulator compile	Compile for iOS Simulator	2026-09-05T18:34:03.5934250Z ^[[36;1m  -destination 'generic/platform=iOS Simulator' \^[[0m
iOS simulator compile	Compile for iOS Simulator	2026-09-05T18:34:03.5934600Z ^[[36;1m  -configuration Debug \^[[0m
iOS simulator compile	Compile for iOS Simulator	2026-09-05T18:34:03.5934870Z ^[[36;1m  CODE_SIGNING_ALLOWED=NO \^[[0m
iOS simulator compile	Compile for iOS Simulator	2026-09-05T18:34:03.5935140Z ^[[36;1m  build^[[0m
iOS simulator compile	Compile for iOS Simulator	2026-09-05T18:34:03.5969080Z shell: /bin/bash -e {0}
iOS simulator compile	Compile for iOS Simulator	2026-09-05T18:34:03.5969320Z ##[endgroup]
iOS simulator compile	Compile for iOS Simulator	2026-09-05T18:34:05.3286960Z Command line invocation:
iOS simulator compile	Compile for iOS Simulator	2026-09-05T18:34:05.3391310Z     /Applications/Xcode_26.6.app/Contents/Developer/usr/bin/xcodebuild -project apps/ios-shell/PastelRTS.xcodeproj -scheme PastelRTS -destination "generic/platform=iOS Simulator" -configuration Debug CODE_SIGNING_ALLOWED=NO build
iOS simulator compile	Compile for iOS Simulator	2026-09-05T18:34:05.4349470Z 
iOS simulator compile	Compile for iOS Simulator	2026-09-05T18:34:05.4349820Z Build settings from command line:
iOS simulator compile	Compile for iOS Simulator	2026-09-05T18:34:05.4350370Z     CODE_SIGNING_ALLOWED = NO
iOS simulator compile	Compile for iOS Simulator	2026-09-05T18:34:05.4350560Z 
iOS simulator compile	Compile for iOS Simulator	2026-09-05T18:34:11.3623410Z 2026-09-05 18:34:11.361 xcodebuild[33658:82503] [MT] IDERunDestination: Supported platforms for the buildables in the current scheme is empty.
iOS simulator compile	Compile for iOS Simulator	2026-09-05T18:34:12.3986450Z ComputePackagePrebuildTargetDependencyGraph
iOS simulator compile	Compile for iOS Simulator	2026-09-05T18:34:12.4732000Z 
iOS simulator compile	Compile for iOS Simulator	2026-09-05T18:34:12.4801080Z Prepare packages
iOS simulator compile	Compile for iOS Simulator	2026-09-05T18:34:12.4801690Z 
iOS simulator compile	Compile for iOS Simulator	2026-09-05T18:34:12.4801970Z CreateBuildRequest
iOS simulator compile	Compile for iOS Simulator	2026-09-05T18:34:12.4802220Z 
iOS simulator compile	Compile for iOS Simulator	2026-09-05T18:34:12.4802650Z SendProjectDescription
iOS simulator compile	Compile for iOS Simulator	2026-09-05T18:34:12.4836010Z 
iOS simulator compile	Compile for iOS Simulator	2026-09-05T18:34:12.4836770Z CreateBuildOperation
iOS simulator compile	Compile for iOS Simulator	2026-09-05T18:34:12.4886360Z 
iOS simulator compile	Compile for iOS Simulator	2026-09-05T18:34:12.4918860Z ComputeTargetDependencyGraph
iOS simulator compile	Compile for iOS Simulator	2026-09-05T18:34:12.5051800Z note: Building targets in dependency order
iOS simulator compile	Compile for iOS Simulator	2026-09-05T18:34:12.5056220Z note: Target dependency graph (1 target)
iOS simulator compile	Compile for iOS Simulator	2026-09-05T18:34:12.5056900Z     Target 'PastelRTS' in project 'PastelRTS' (no dependencies)
iOS simulator compile	Compile for iOS Simulator	2026-09-05T18:34:12.5057150Z 
iOS simulator compile	Compile for iOS Simulator	2026-09-05T18:34:12.5057260Z GatherProvisioningInputs
iOS simulator compile	Compile for iOS Simulator	2026-09-05T18:34:12.5057480Z 
iOS simulator compile	Compile for iOS Simulator	2026-09-05T18:34:12.5106900Z CreateBuildDescription
iOS simulator compile	Compile for iOS Simulator	2026-09-05T18:34:12.5312880Z 
iOS simulator compile	Compile for iOS Simulator	2026-09-05T18:34:12.5360650Z ExecuteExternalTool /Applications/Xcode_26.6.app/Contents/Developer/Toolchains/XcodeDefault.xctoolchain/usr/bin/swiftc --version
iOS simulator compile	Compile for iOS Simulator	2026-09-05T18:34:13.8144940Z 
iOS simulator compile	Compile for iOS Simulator	2026-09-05T18:34:13.8149460Z ExecuteExternalTool /Applications/Xcode_26.6.app/Contents/Developer/Toolchains/XcodeDefault.xctoolchain/usr/bin/clang -v -E -dM -isysroot /Applications/Xcode_26.6.app/Contents/Developer/Platforms/iPhoneSimulator.platform/Developer/SDKs/iPhoneSimulator26.5.sdk -x c -c /dev/null
iOS simulator compile	Compile for iOS Simulator	2026-09-05T18:34:13.8150700Z 
iOS simulator compile	Compile for iOS Simulator	2026-09-05T18:34:13.8221900Z ExecuteExternalTool /Applications/Xcode_26.6.app/Contents/Developer/Toolchains/XcodeDefault.xctoolchain/usr/bin/ld -version_details
iOS simulator compile	Compile for iOS Simulator	2026-09-05T18:34:14.0687700Z 
iOS simulator compile	Compile for iOS Simulator	2026-09-05T18:34:14.1041770Z Build description signature: 50c3b5bce9a8d589b3fffeeee8d09069
iOS simulator compile	Compile for iOS Simulator	2026-09-05T18:34:14.1095410Z Build description path: /Users/runner/Library/Developer/Xcode/DerivedData/PastelRTS-bnhetfgajalhxehbeatskrbzzzjp/Build/Intermediates.noindex/XCBuildData/50c3b5bce9a8d589b3fffeeee8d09069.xcbuilddata
iOS simulator compile	Compile for iOS Simulator	2026-09-05T18:34:14.1541380Z CreateBuildDirectory /Users/runner/Library/Developer/Xcode/DerivedData/PastelRTS-bnhetfgajalhxehbeatskrbzzzjp/Build/Products
iOS simulator compile	Compile for iOS Simulator	2026-09-05T18:34:14.1646280Z     cd /Users/runner/work/pastel-rts/pastel-rts/apps/ios-shell/PastelRTS.xcodeproj
iOS simulator compile	Compile for iOS Simulator	2026-09-05T18:34:14.1750110Z     builtin-create-build-directory /Users/runner/Library/Developer/Xcode/DerivedData/PastelRTS-bnhetfgajalhxehbeatskrbzzzjp/Build/Products
iOS simulator compile	Compile for iOS Simulator	2026-09-05T18:34:14.1835850Z 
iOS simulator compile	Compile for iOS Simulator	2026-09-05T18:34:14.1953460Z ClangStatCache /Applications/Xcode_26.6.app/Contents/Developer/Toolchains/XcodeDefault.xctoolchain/usr/bin/clang-stat-cache /Applications/Xcode_26.6.app/Contents/Developer/Platforms/iPhoneSimulator.platform/Developer/SDKs/iPhoneSimulator26.5.sdk /Users/runner/Library/Developer/Xcode/DerivedData/SDKStatCaches.noindex/iphonesimulator26.5-23F81a-688ef53f1462e2c8f657fdc38a81448ff45c64a1807a658693f2a61704f17a36.sdkstatcache
iOS simulator compile	Compile for iOS Simulator	2026-09-05T18:34:14.2071000Z     cd /Users/runner/work/pastel-rts/pastel-rts/apps/ios-shell/PastelRTS.xcodeproj
iOS simulator compile	Compile for iOS Simulator	2026-09-05T18:34:14.2099780Z     /Applications/Xcode_26.6.app/Contents/Developer/Toolchains/XcodeDefault.xctoolchain/usr/bin/clang-stat-cache /Applications/Xcode_26.6.app/Contents/Developer/Platforms/iPhoneSimulator.platform/Developer/SDKs/iPhoneSimulator26.5.sdk -o /Users/runner/Library/Developer/Xcode/DerivedData/SDKStatCaches.noindex/iphonesimulator26.5-23F81a-688ef53f1462e2c8f657fdc38a81448ff45c64a1807a658693f2a61704f17a36.sdkstatcache
iOS simulator compile	Compile for iOS Simulator	2026-09-05T18:34:16.2873330Z 
iOS simulator compile	Compile for iOS Simulator	2026-09-05T18:34:16.2875630Z CreateBuildDirectory /Users/runner/Library/Developer/Xcode/DerivedData/PastelRTS-bnhetfgajalhxehbeatskrbzzzjp/Build/Intermediates.noindex
iOS simulator compile	Compile for iOS Simulator	2026-09-05T18:34:16.2896300Z     cd /Users/runner/work/pastel-rts/pastel-rts/apps/ios-shell/PastelRTS.xcodeproj
iOS simulator compile	Compile for iOS Simulator	2026-09-05T18:34:16.2912160Z     builtin-create-build-directory /Users/runner/Library/Developer/Xcode/DerivedData/PastelRTS-bnhetfgajalhxehbeatskrbzzzjp/Build/Intermediates.noindex
iOS simulator compile	Compile for iOS Simulator	2026-09-05T18:34:16.2912830Z 
iOS simulator compile	Compile for iOS Simulator	2026-09-05T18:34:16.2913600Z CreateBuildDirectory /Users/runner/Library/Developer/Xcode/DerivedData/PastelRTS-bnhetfgajalhxehbeatskrbzzzjp/Build/Products/Debug-iphonesimulator
iOS simulator compile	Compile for iOS Simulator	2026-09-05T18:34:16.2915090Z     cd /Users/runner/work/pastel-rts/pastel-rts/apps/ios-shell/PastelRTS.xcodeproj
iOS simulator compile	Compile for iOS Simulator	2026-09-05T18:34:16.2916000Z     builtin-create-build-directory /Users/runner/Library/Developer/Xcode/DerivedData/PastelRTS-bnhetfgajalhxehbeatskrbzzzjp/Build/Products/Debug-iphonesimulator
iOS simulator compile	Compile for iOS Simulator	2026-09-05T18:34:16.2916620Z 
iOS simulator compile	Compile for iOS Simulator	2026-09-05T18:34:16.2917860Z WriteAuxiliaryFile /Users/runner/Library/Developer/Xcode/DerivedData/PastelRTS-bnhetfgajalhxehbeatskrbzzzjp/Build/Intermediates.noindex/PastelRTS.build/Debug-iphonesimulator/PastelRTS-94b1173d3b9f5769dac878c7201ce362-VFS-iphonesimulator/all-product-headers.yaml
iOS simulator compile	Compile for iOS Simulator	2026-09-05T18:34:16.2919340Z     cd /Users/runner/work/pastel-rts/pastel-rts/apps/ios-shell/PastelRTS.xcodeproj
iOS simulator compile	Compile for iOS Simulator	2026-09-05T18:34:16.2921030Z     write-file /Users/runner/Library/Developer/Xcode/DerivedData/PastelRTS-bnhetfgajalhxehbeatskrbzzzjp/Build/Intermediates.noindex/PastelRTS.build/Debug-iphonesimulator/PastelRTS-94b1173d3b9f5769dac878c7201ce362-VFS-iphonesimulator/all-product-headers.yaml
iOS simulator compile	Compile for iOS Simulator	2026-09-05T18:34:16.2922030Z 
iOS simulator compile	Compile for iOS Simulator	2026-09-05T18:34:16.2922890Z CreateBuildDirectory /Users/runner/Library/Developer/Xcode/DerivedData/PastelRTS-bnhetfgajalhxehbeatskrbzzzjp/Build/Intermediates.noindex/SwiftExplicitPrecompiledModules
iOS simulator compile	Compile for iOS Simulator	2026-09-05T18:34:16.2923860Z     cd /Users/runner/work/pastel-rts/pastel-rts/apps/ios-shell/PastelRTS.xcodeproj
iOS simulator compile	Compile for iOS Simulator	2026-09-05T18:34:16.2924860Z     builtin-create-build-directory /Users/runner/Library/Developer/Xcode/DerivedData/PastelRTS-bnhetfgajalhxehbeatskrbzzzjp/Build/Intermediates.noindex/SwiftExplicitPrecompiledModules
iOS simulator compile	Compile for iOS Simulator	2026-09-05T18:34:16.2925590Z 
iOS simulator compile	Compile for iOS Simulator	2026-09-05T18:34:16.2927280Z CreateBuildDirectory /Users/runner/Library/Developer/Xcode/DerivedData/PastelRTS-bnhetfgajalhxehbeatskrbzzzjp/Build/Intermediates.noindex/ExplicitPrecompiledModules
iOS simulator compile	Compile for iOS Simulator	2026-09-05T18:34:16.2928130Z     cd /Users/runner/work/pastel-rts/pastel-rts/apps/ios-shell/PastelRTS.xcodeproj
iOS simulator compile	Compile for iOS Simulator	2026-09-05T18:34:16.2929270Z     builtin-create-build-directory /Users/runner/Library/Developer/Xcode/DerivedData/PastelRTS-bnhetfgajalhxehbeatskrbzzzjp/Build/Intermediates.noindex/ExplicitPrecompiledModules
iOS simulator compile	Compile for iOS Simulator	2026-09-05T18:34:16.2929870Z 
iOS simulator compile	Compile for iOS Simulator	2026-09-05T18:34:16.2930590Z CreateBuildDirectory /Users/runner/Library/Developer/Xcode/DerivedData/PastelRTS-bnhetfgajalhxehbeatskrbzzzjp/Build/Intermediates.noindex/EagerLinkingTBDs/Debug-iphonesimulator
iOS simulator compile	Compile for iOS Simulator	2026-09-05T18:34:16.2931500Z     cd /Users/runner/work/pastel-rts/pastel-rts/apps/ios-shell/PastelRTS.xcodeproj
iOS simulator compile	Compile for iOS Simulator	2026-09-05T18:34:16.2932600Z     builtin-create-build-directory /Users/runner/Library/Developer/Xcode/DerivedData/PastelRTS-bnhetfgajalhxehbeatskrbzzzjp/Build/Intermediates.noindex/EagerLinkingTBDs/Debug-iphonesimulator
iOS simulator compile	Compile for iOS Simulator	2026-09-05T18:34:16.2933260Z 
iOS simulator compile	Compile for iOS Simulator	2026-09-05T18:34:16.2934510Z WriteAuxiliaryFile /Users/runner/Library/Developer/Xcode/DerivedData/PastelRTS-bnhetfgajalhxehbeatskrbzzzjp/Build/Intermediates.noindex/PastelRTS.build/Debug-iphonesimulator/PastelRTS.build/PastelRTS.DependencyStaticMetadataFileList (in target 'PastelRTS' from project 'PastelRTS')
iOS simulator compile	Compile for iOS Simulator	2026-09-05T18:34:16.2936190Z     cd /Users/runner/work/pastel-rts/pastel-rts/apps/ios-shell
iOS simulator compile	Compile for iOS Simulator	2026-09-05T18:34:16.2937320Z     write-file /Users/runner/Library/Developer/Xcode/DerivedData/PastelRTS-bnhetfgajalhxehbeatskrbzzzjp/Build/Intermediates.noindex/PastelRTS.build/Debug-iphonesimulator/PastelRTS.build/PastelRTS.DependencyStaticMetadataFileList
iOS simulator compile	Compile for iOS Simulator	2026-09-05T18:34:16.2938150Z 
iOS simulator compile	Compile for iOS Simulator	2026-09-05T18:34:16.2939220Z WriteAuxiliaryFile /Users/runner/Library/Developer/Xcode/DerivedData/PastelRTS-bnhetfgajalhxehbeatskrbzzzjp/Build/Intermediates.noindex/PastelRTS.build/Debug-iphonesimulator/PastelRTS.build/PastelRTS.hmap (in target 'PastelRTS' from project 'PastelRTS')
iOS simulator compile	Compile for iOS Simulator	2026-09-05T18:34:16.2942790Z     cd /Users/runner/work/pastel-rts/pastel-rts/apps/ios-shell
iOS simulator compile	Compile for iOS Simulator	2026-09-05T18:34:16.2945520Z     write-file /Users/runner/Library/Developer/Xcode/DerivedData/PastelRTS-bnhetfgajalhxehbeatskrbzzzjp/Build/Intermediates.noindex/PastelRTS.build/Debug-iphonesimulator/PastelRTS.build/PastelRTS.hmap
iOS simulator compile	Compile for iOS Simulator	2026-09-05T18:34:16.2946380Z 
iOS simulator compile	Compile for iOS Simulator	2026-09-05T18:34:16.2947640Z WriteAuxiliaryFile /Users/runner/Library/Developer/Xcode/DerivedData/PastelRTS-bnhetfgajalhxehbeatskrbzzzjp/Build/Intermediates.noindex/PastelRTS.build/Debug-iphonesimulator/PastelRTS.build/PastelRTS.DependencyMetadataFileList (in target 'PastelRTS' from project 'PastelRTS')
iOS simulator compile	Compile for iOS Simulator	2026-09-05T18:34:16.2948860Z     cd /Users/runner/work/pastel-rts/pastel-rts/apps/ios-shell
iOS simulator compile	Compile for iOS Simulator	2026-09-05T18:34:16.2950470Z     write-file /Users/runner/Library/Developer/Xcode/DerivedData/PastelRTS-bnhetfgajalhxehbeatskrbzzzjp/Build/Intermediates.noindex/PastelRTS.build/Debug-iphonesimulator/PastelRTS.build/PastelRTS.DependencyMetadataFileList
iOS simulator compile	Compile for iOS Simulator	2026-09-05T18:34:16.2951340Z 
iOS simulator compile	Compile for iOS Simulator	2026-09-05T18:34:16.2952440Z WriteAuxiliaryFile /Users/runner/Library/Developer/Xcode/DerivedData/PastelRTS-bnhetfgajalhxehbeatskrbzzzjp/Build/Intermediates.noindex/PastelRTS.build/Debug-iphonesimulator/PastelRTS.build/PastelRTS-project-headers.hmap (in target 'PastelRTS' from project 'PastelRTS')
iOS simulator compile	Compile for iOS Simulator	2026-09-05T18:34:16.2954990Z     cd /Users/runner/work/pastel-rts/pastel-rts/apps/ios-shell
iOS simulator compile	Compile for iOS Simulator	2026-09-05T18:34:16.2956700Z     write-file /Users/runner/Library/Developer/Xcode/DerivedData/PastelRTS-bnhetfgajalhxehbeatskrbzzzjp/Build/Intermediates.noindex/PastelRTS.build/Debug-iphonesimulator/PastelRTS.build/PastelRTS-project-headers.hmap
iOS simulator compile	Compile for iOS Simulator	2026-09-05T18:34:16.2957850Z 
iOS simulator compile	Compile for iOS Simulator	2026-09-05T18:34:16.2959040Z WriteAuxiliaryFile /Users/runner/Library/Developer/Xcode/DerivedData/PastelRTS-bnhetfgajalhxehbeatskrbzzzjp/Build/Intermediates.noindex/PastelRTS.build/Debug-iphonesimulator/PastelRTS.build/PastelRTS-own-target-headers.hmap (in target 'PastelRTS' from project 'PastelRTS')
iOS simulator compile	Compile for iOS Simulator	2026-09-05T18:34:16.2960410Z     cd /Users/runner/work/pastel-rts/pastel-rts/apps/ios-shell
iOS simulator compile	Compile for iOS Simulator	2026-09-05T18:34:16.2961750Z     write-file /Users/runner/Library/Developer/Xcode/DerivedData/PastelRTS-bnhetfgajalhxehbeatskrbzzzjp/Build/Intermediates.noindex/PastelRTS.build/Debug-iphonesimulator/PastelRTS.build/PastelRTS-own-target-headers.hmap
iOS simulator compile	Compile for iOS Simulator	2026-09-05T18:34:16.2963710Z 
iOS simulator compile	Compile for iOS Simulator	2026-09-05T18:34:16.2964920Z WriteAuxiliaryFile /Users/runner/Library/Developer/Xcode/DerivedData/PastelRTS-bnhetfgajalhxehbeatskrbzzzjp/Build/Intermediates.noindex/PastelRTS.build/Debug-iphonesimulator/PastelRTS.build/PastelRTS-generated-files.hmap (in target 'PastelRTS' from project 'PastelRTS')
iOS simulator compile	Compile for iOS Simulator	2026-09-05T18:34:16.2966240Z     cd /Users/runner/work/pastel-rts/pastel-rts/apps/ios-shell
iOS simulator compile	Compile for iOS Simulator	2026-09-05T18:34:16.2967600Z     write-file /Users/runner/Library/Developer/Xcode/DerivedData/PastelRTS-bnhetfgajalhxehbeatskrbzzzjp/Build/Intermediates.noindex/PastelRTS.build/Debug-iphonesimulator/PastelRTS.build/PastelRTS-generated-files.hmap
iOS simulator compile	Compile for iOS Simulator	2026-09-05T18:34:16.2968400Z 
iOS simulator compile	Compile for iOS Simulator	2026-09-05T18:34:16.2969910Z WriteAuxiliaryFile /Users/runner/Library/Developer/Xcode/DerivedData/PastelRTS-bnhetfgajalhxehbeatskrbzzzjp/Build/Intermediates.noindex/PastelRTS.build/Debug-iphonesimulator/PastelRTS.build/PastelRTS-all-target-headers.hmap (in target 'PastelRTS' from project 'PastelRTS')
iOS simulator compile	Compile for iOS Simulator	2026-09-05T18:34:16.2971700Z     cd /Users/runner/work/pastel-rts/pastel-rts/apps/ios-shell
iOS simulator compile	Compile for iOS Simulator	2026-09-05T18:34:16.2973870Z     write-file /Users/runner/Library/Developer/Xcode/DerivedData/PastelRTS-bnhetfgajalhxehbeatskrbzzzjp/Build/Intermediates.noindex/PastelRTS.build/Debug-iphonesimulator/PastelRTS.build/PastelRTS-all-target-headers.hmap
iOS simulator compile	Compile for iOS Simulator	2026-09-05T18:34:16.2974590Z 
iOS simulator compile	Compile for iOS Simulator	2026-09-05T18:34:16.2976130Z WriteAuxiliaryFile /Users/runner/Library/Developer/Xcode/DerivedData/PastelRTS-bnhetfgajalhxehbeatskrbzzzjp/Build/Intermediates.noindex/PastelRTS.build/Debug-iphonesimulator/PastelRTS.build/PastelRTS-all-non-framework-target-headers.hmap (in target 'PastelRTS' from project 'PastelRTS')
iOS simulator compile	Compile for iOS Simulator	2026-09-05T18:34:16.2978140Z     cd /Users/runner/work/pastel-rts/pastel-rts/apps/ios-shell
iOS simulator compile	Compile for iOS Simulator	2026-09-05T18:34:16.2979670Z     write-file /Users/runner/Library/Developer/Xcode/DerivedData/PastelRTS-bnhetfgajalhxehbeatskrbzzzjp/Build/Intermediates.noindex/PastelRTS.build/Debug-iphonesimulator/PastelRTS.build/PastelRTS-all-non-framework-target-headers.hmap
iOS simulator compile	Compile for iOS Simulator	2026-09-05T18:34:16.2980420Z 
iOS simulator compile	Compile for iOS Simulator	2026-09-05T18:34:16.2981660Z WriteAuxiliaryFile /Users/runner/Library/Developer/Xcode/DerivedData/PastelRTS-bnhetfgajalhxehbeatskrbzzzjp/Build/Intermediates.noindex/PastelRTS.build/Debug-iphonesimulator/PastelRTS.build/PastelRTS-DebugDylibPath-normal-x86_64.txt (in target 'PastelRTS' from project 'PastelRTS')
iOS simulator compile	Compile for iOS Simulator	2026-09-05T18:34:16.2983250Z     cd /Users/runner/work/pastel-rts/pastel-rts/apps/ios-shell
iOS simulator compile	Compile for iOS Simulator	2026-09-05T18:34:16.2984480Z     write-file /Users/runner/Library/Developer/Xcode/DerivedData/PastelRTS-bnhetfgajalhxehbeatskrbzzzjp/Build/Intermediates.noindex/PastelRTS.build/Debug-iphonesimulator/PastelRTS.build/PastelRTS-DebugDylibPath-normal-x86_64.txt
iOS simulator compile	Compile for iOS Simulator	2026-09-05T18:34:16.2985230Z 
iOS simulator compile	Compile for iOS Simulator	2026-09-05T18:34:16.2986460Z WriteAuxiliaryFile /Users/runner/Library/Developer/Xcode/DerivedData/PastelRTS-bnhetfgajalhxehbeatskrbzzzjp/Build/Intermediates.noindex/PastelRTS.build/Debug-iphonesimulator/PastelRTS.build/PastelRTS-DebugDylibPath-normal-arm64.txt (in target 'PastelRTS' from project 'PastelRTS')
iOS simulator compile	Compile for iOS Simulator	2026-09-05T18:34:16.2987710Z     cd /Users/runner/work/pastel-rts/pastel-rts/apps/ios-shell
iOS simulator compile	Compile for iOS Simulator	2026-09-05T18:34:16.2989190Z     write-file /Users/runner/Library/Developer/Xcode/DerivedData/PastelRTS-bnhetfgajalhxehbeatskrbzzzjp/Build/Intermediates.noindex/PastelRTS.build/Debug-iphonesimulator/PastelRTS.build/PastelRTS-DebugDylibPath-normal-arm64.txt
iOS simulator compile	Compile for iOS Simulator	2026-09-05T18:34:16.2990040Z 
iOS simulator compile	Compile for iOS Simulator	2026-09-05T18:34:16.2991730Z WriteAuxiliaryFile /Users/runner/Library/Developer/Xcode/DerivedData/PastelRTS-bnhetfgajalhxehbeatskrbzzzjp/Build/Intermediates.noindex/PastelRTS.build/Debug-iphonesimulator/PastelRTS.build/PastelRTS-DebugDylibInstallName-normal-x86_64.txt (in target 'PastelRTS' from project 'PastelRTS')
iOS simulator compile	Compile for iOS Simulator	2026-09-05T18:34:16.2992940Z     cd /Users/runner/work/pastel-rts/pastel-rts/apps/ios-shell
iOS simulator compile	Compile for iOS Simulator	2026-09-05T18:34:16.2994100Z     write-file /Users/runner/Library/Developer/Xcode/DerivedData/PastelRTS-bnhetfgajalhxehbeatskrbzzzjp/Build/Intermediates.noindex/PastelRTS.build/Debug-iphonesimulator/PastelRTS.build/PastelRTS-DebugDylibInstallName-normal-x86_64.txt
iOS simulator compile	Compile for iOS Simulator	2026-09-05T18:34:16.2994930Z 
iOS simulator compile	Compile for iOS Simulator	2026-09-05T18:34:16.2996130Z WriteAuxiliaryFile /Users/runner/Library/Developer/Xcode/DerivedData/PastelRTS-bnhetfgajalhxehbeatskrbzzzjp/Build/Intermediates.noindex/PastelRTS.build/Debug-iphonesimulator/PastelRTS.build/PastelRTS-DebugDylibInstallName-normal-arm64.txt (in target 'PastelRTS' from project 'PastelRTS')
iOS simulator compile	Compile for iOS Simulator	2026-09-05T18:34:16.2997370Z     cd /Users/runner/work/pastel-rts/pastel-rts/apps/ios-shell
iOS simulator compile	Compile for iOS Simulator	2026-09-05T18:34:16.2998530Z     write-file /Users/runner/Library/Developer/Xcode/DerivedData/PastelRTS-bnhetfgajalhxehbeatskrbzzzjp/Build/Intermediates.noindex/PastelRTS.build/Debug-iphonesimulator/PastelRTS.build/PastelRTS-DebugDylibInstallName-normal-arm64.txt
iOS simulator compile	Compile for iOS Simulator	2026-09-05T18:34:16.2999440Z 
iOS simulator compile	Compile for iOS Simulator	2026-09-05T18:34:16.3001150Z WriteAuxiliaryFile /Users/runner/Library/Developer/Xcode/DerivedData/PastelRTS-bnhetfgajalhxehbeatskrbzzzjp/Build/Intermediates.noindex/PastelRTS.build/Debug-iphonesimulator/PastelRTS.build/Objects-normal/x86_64/PastelRTS_const_extract_protocols.json (in target 'PastelRTS' from project 'PastelRTS')
iOS simulator compile	Compile for iOS Simulator	2026-09-05T18:34:16.3002780Z     cd /Users/runner/work/pastel-rts/pastel-rts/apps/ios-shell
iOS simulator compile	Compile for iOS Simulator	2026-09-05T18:34:16.3019630Z     write-file /Users/runner/Library/Developer/Xcode/DerivedData/PastelRTS-bnhetfgajalhxehbeatskrbzzzjp/Build/Intermediates.noindex/PastelRTS.build/Debug-iphonesimulator/PastelRTS.build/Objects-normal/x86_64/PastelRTS_const_extract_protocols.json
iOS simulator compile	Compile for iOS Simulator	2026-09-05T18:34:16.3020610Z 
iOS simulator compile	Compile for iOS Simulator	2026-09-05T18:34:16.3021800Z WriteAuxiliaryFile /Users/runner/Library/Developer/Xcode/DerivedData/PastelRTS-bnhetfgajalhxehbeatskrbzzzjp/Build/Intermediates.noindex/PastelRTS.build/Debug-iphonesimulator/PastelRTS.build/Objects-normal/x86_64/PastelRTS.SwiftFileList (in target 'PastelRTS' from project 'PastelRTS')
iOS simulator compile	Compile for iOS Simulator	2026-09-05T18:34:16.3023230Z     cd /Users/runner/work/pastel-rts/pastel-rts/apps/ios-shell
iOS simulator compile	Compile for iOS Simulator	2026-09-05T18:34:16.3024490Z     write-file /Users/runner/Library/Developer/Xcode/DerivedData/PastelRTS-bnhetfgajalhxehbeatskrbzzzjp/Build/Intermediates.noindex/PastelRTS.build/Debug-iphonesimulator/PastelRTS.build/Objects-normal/x86_64/PastelRTS.SwiftFileList
iOS simulator compile	Compile for iOS Simulator	2026-09-05T18:34:16.3025340Z 
iOS simulator compile	Compile for iOS Simulator	2026-09-05T18:34:16.3026680Z WriteAuxiliaryFile /Users/runner/Library/Developer/Xcode/DerivedData/PastelRTS-bnhetfgajalhxehbeatskrbzzzjp/Build/Intermediates.noindex/PastelRTS.build/Debug-iphonesimulator/PastelRTS.build/Objects-normal/x86_64/PastelRTS.SwiftConstValuesFileList (in target 'PastelRTS' from project 'PastelRTS')
iOS simulator compile	Compile for iOS Simulator	2026-09-05T18:34:16.3028150Z     cd /Users/runner/work/pastel-rts/pastel-rts/apps/ios-shell
iOS simulator compile	Compile for iOS Simulator	2026-09-05T18:34:16.3031060Z     write-file /Users/runner/Library/Developer/Xcode/DerivedData/PastelRTS-bnhetfgajalhxehbeatskrbzzzjp/Build/Intermediates.noindex/PastelRTS.build/Debug-iphonesimulator/PastelRTS.build/Objects-normal/x86_64/PastelRTS.SwiftConstValuesFileList
iOS simulator compile	Compile for iOS Simulator	2026-09-05T18:34:16.3031870Z 
iOS simulator compile	Compile for iOS Simulator	2026-09-05T18:34:16.3033200Z WriteAuxiliaryFile /Users/runner/Library/Developer/Xcode/DerivedData/PastelRTS-bnhetfgajalhxehbeatskrbzzzjp/Build/Intermediates.noindex/PastelRTS.build/Debug-iphonesimulator/PastelRTS.build/Objects-normal/x86_64/PastelRTS.LinkFileList (in target 'PastelRTS' from project 'PastelRTS')
iOS simulator compile	Compile for iOS Simulator	2026-09-05T18:34:16.3034440Z     cd /Users/runner/work/pastel-rts/pastel-rts/apps/ios-shell
iOS simulator compile	Compile for iOS Simulator	2026-09-05T18:34:16.3035950Z     write-file /Users/runner/Library/Developer/Xcode/DerivedData/PastelRTS-bnhetfgajalhxehbeatskrbzzzjp/Build/Intermediates.noindex/PastelRTS.build/Debug-iphonesimulator/PastelRTS.build/Objects-normal/x86_64/PastelRTS.LinkFileList
iOS simulator compile	Compile for iOS Simulator	2026-09-05T18:34:16.3037120Z 
iOS simulator compile	Compile for iOS Simulator	2026-09-05T18:34:16.3038300Z WriteAuxiliaryFile /Users/runner/Library/Developer/Xcode/DerivedData/PastelRTS-bnhetfgajalhxehbeatskrbzzzjp/Build/Intermediates.noindex/PastelRTS.build/Debug-iphonesimulator/PastelRTS.build/Objects-normal/x86_64/PastelRTS-OutputFileMap.json (in target 'PastelRTS' from project 'PastelRTS')
iOS simulator compile	Compile for iOS Simulator	2026-09-05T18:34:16.3039460Z     cd /Users/runner/work/pastel-rts/pastel-rts/apps/ios-shell
iOS simulator compile	Compile for iOS Simulator	2026-09-05T18:34:16.3040650Z     write-file /Users/runner/Library/Developer/Xcode/DerivedData/PastelRTS-bnhetfgajalhxehbeatskrbzzzjp/Build/Intermediates.noindex/PastelRTS.build/Debug-iphonesimulator/PastelRTS.build/Objects-normal/x86_64/PastelRTS-OutputFileMap.json
iOS simulator compile	Compile for iOS Simulator	2026-09-05T18:34:16.3041410Z 
iOS simulator compile	Compile for iOS Simulator	2026-09-05T18:34:16.3042680Z WriteAuxiliaryFile /Users/runner/Library/Developer/Xcode/DerivedData/PastelRTS-bnhetfgajalhxehbeatskrbzzzjp/Build/Intermediates.noindex/PastelRTS.build/Debug-iphonesimulator/PastelRTS.build/Objects-normal/arm64/PastelRTS_const_extract_protocols.json (in target 'PastelRTS' from project 'PastelRTS')
iOS simulator compile	Compile for iOS Simulator	2026-09-05T18:34:16.3044500Z     cd /Users/runner/work/pastel-rts/pastel-rts/apps/ios-shell
iOS simulator compile	Compile for iOS Simulator	2026-09-05T18:34:16.3045740Z     write-file /Users/runner/Library/Developer/Xcode/DerivedData/PastelRTS-bnhetfgajalhxehbeatskrbzzzjp/Build/Intermediates.noindex/PastelRTS.build/Debug-iphonesimulator/PastelRTS.build/Objects-normal/arm64/PastelRTS_const_extract_protocols.json
iOS simulator compile	Compile for iOS Simulator	2026-09-05T18:34:16.3047340Z 
iOS simulator compile	Compile for iOS Simulator	2026-09-05T18:34:16.3049390Z WriteAuxiliaryFile /Users/runner/Library/Developer/Xcode/DerivedData/PastelRTS-bnhetfgajalhxehbeatskrbzzzjp/Build/Intermediates.noindex/PastelRTS.build/Debug-iphonesimulator/PastelRTS.build/Objects-normal/arm64/PastelRTS.SwiftFileList (in target 'PastelRTS' from project 'PastelRTS')
iOS simulator compile	Compile for iOS Simulator	2026-09-05T18:34:16.3050600Z     cd /Users/runner/work/pastel-rts/pastel-rts/apps/ios-shell
iOS simulator compile	Compile for iOS Simulator	2026-09-05T18:34:16.3051780Z     write-file /Users/runner/Library/Developer/Xcode/DerivedData/PastelRTS-bnhetfgajalhxehbeatskrbzzzjp/Build/Intermediates.noindex/PastelRTS.build/Debug-iphonesimulator/PastelRTS.build/Objects-normal/arm64/PastelRTS.SwiftFileList
iOS simulator compile	Compile for iOS Simulator	2026-09-05T18:34:16.3053630Z 
iOS simulator compile	Compile for iOS Simulator	2026-09-05T18:34:16.3055190Z WriteAuxiliaryFile /Users/runner/Library/Developer/Xcode/DerivedData/PastelRTS-bnhetfgajalhxehbeatskrbzzzjp/Build/Intermediates.noindex/PastelRTS.build/Debug-iphonesimulator/PastelRTS.build/Objects-normal/arm64/PastelRTS.SwiftConstValuesFileList (in target 'PastelRTS' from project 'PastelRTS')
iOS simulator compile	Compile for iOS Simulator	2026-09-05T18:34:16.3056830Z     cd /Users/runner/work/pastel-rts/pastel-rts/apps/ios-shell
iOS simulator compile	Compile for iOS Simulator	2026-09-05T18:34:16.3057970Z     write-file /Users/runner/Library/Developer/Xcode/DerivedData/PastelRTS-bnhetfgajalhxehbeatskrbzzzjp/Build/Intermediates.noindex/PastelRTS.build/Debug-iphonesimulator/PastelRTS.build/Objects-normal/arm64/PastelRTS.SwiftConstValuesFileList
iOS simulator compile	Compile for iOS Simulator	2026-09-05T18:34:16.3058820Z 
iOS simulator compile	Compile for iOS Simulator	2026-09-05T18:34:16.3061650Z WriteAuxiliaryFile /Users/runner/Library/Developer/Xcode/DerivedData/PastelRTS-bnhetfgajalhxehbeatskrbzzzjp/Build/Intermediates.noindex/PastelRTS.build/Debug-iphonesimulator/PastelRTS.build/Objects-normal/arm64/PastelRTS.LinkFileList (in target 'PastelRTS' from project 'PastelRTS')
iOS simulator compile	Compile for iOS Simulator	2026-09-05T18:34:16.3062910Z     cd /Users/runner/work/pastel-rts/pastel-rts/apps/ios-shell
iOS simulator compile	Compile for iOS Simulator	2026-09-05T18:34:16.3063980Z     write-file /Users/runner/Library/Developer/Xcode/DerivedData/PastelRTS-bnhetfgajalhxehbeatskrbzzzjp/Build/Intermediates.noindex/PastelRTS.build/Debug-iphonesimulator/PastelRTS.build/Objects-normal/arm64/PastelRTS.LinkFileList
iOS simulator compile	Compile for iOS Simulator	2026-09-05T18:34:16.3064870Z 
iOS simulator compile	Compile for iOS Simulator	2026-09-05T18:34:16.3072680Z WriteAuxiliaryFile /Users/runner/Library/Developer/Xcode/DerivedData/PastelRTS-bnhetfgajalhxehbeatskrbzzzjp/Build/Intermediates.noindex/PastelRTS.build/Debug-iphonesimulator/PastelRTS.build/Objects-normal/arm64/PastelRTS-OutputFileMap.json (in target 'PastelRTS' from project 'PastelRTS')
iOS simulator compile	Compile for iOS Simulator	2026-09-05T18:34:16.3075810Z     cd /Users/runner/work/pastel-rts/pastel-rts/apps/ios-shell
iOS simulator compile	Compile for iOS Simulator	2026-09-05T18:34:16.3077320Z     write-file /Users/runner/Library/Developer/Xcode/DerivedData/PastelRTS-bnhetfgajalhxehbeatskrbzzzjp/Build/Intermediates.noindex/PastelRTS.build/Debug-iphonesimulator/PastelRTS.build/Objects-normal/arm64/PastelRTS-OutputFileMap.json
iOS simulator compile	Compile for iOS Simulator	2026-09-05T18:34:16.3078200Z 
iOS simulator compile	Compile for iOS Simulator	2026-09-05T18:34:16.3079030Z MkDir /Users/runner/Library/Developer/Xcode/DerivedData/PastelRTS-bnhetfgajalhxehbeatskrbzzzjp/Build/Products/Debug-iphonesimulator/PastelRTS.app (in target 'PastelRTS' from project 'PastelRTS')
iOS simulator compile	Compile for iOS Simulator	2026-09-05T18:34:16.3080400Z     cd /Users/runner/work/pastel-rts/pastel-rts/apps/ios-shell
iOS simulator compile	Compile for iOS Simulator	2026-09-05T18:34:16.3081350Z     /bin/mkdir -p /Users/runner/Library/Developer/Xcode/DerivedData/PastelRTS-bnhetfgajalhxehbeatskrbzzzjp/Build/Products/Debug-iphonesimulator/PastelRTS.app
iOS simulator compile	Compile for iOS Simulator	2026-09-05T18:34:16.3081850Z 
iOS simulator compile	Compile for iOS Simulator	2026-09-05T18:34:16.3083080Z Ld /Users/runner/Library/Developer/Xcode/DerivedData/PastelRTS-bnhetfgajalhxehbeatskrbzzzjp/Build/Intermediates.noindex/PastelRTS.build/Debug-iphonesimulator/PastelRTS.build/Objects-normal/x86_64/Binary/__preview.dylib normal x86_64 (in target 'PastelRTS' from project 'PastelRTS')
iOS simulator compile	Compile for iOS Simulator	2026-09-05T18:34:16.3085250Z     cd /Users/runner/work/pastel-rts/pastel-rts/apps/ios-shell
iOS simulator compile	Compile for iOS Simulator	2026-09-05T18:34:16.3090370Z     /Applications/Xcode_26.6.app/Contents/Developer/Toolchains/XcodeDefault.xctoolchain/usr/bin/clang -Xlinker -reproducible -target x86_64-apple-ios17.0-simulator -dynamiclib -isysroot /Applications/Xcode_26.6.app/Contents/Developer/Platforms/iPhoneSimulator.platform/Developer/SDKs/iPhoneSimulator26.5.sdk -O0 -L/Users/runner/Library/Developer/Xcode/DerivedData/PastelRTS-bnhetfgajalhxehbeatskrbzzzjp/Build/Products/Debug-iphonesimulator -F/Users/runner/Library/Developer/Xcode/DerivedData/PastelRTS-bnhetfgajalhxehbeatskrbzzzjp/Build/Products/Debug-iphonesimulator -install_name @rpath/PastelRTS.debug.dylib -Xlinker -dead_strip -rdynamic -Xlinker -no_deduplicate -Xlinker -objc_abi_version -Xlinker 2 -Xlinker -dependency_info -Xlinker /Users/runner/Library/Developer/Xcode/DerivedData/PastelRTS-bnhetfgajalhxehbeatskrbzzzjp/Build/Intermediates.noindex/PastelRTS.build/Debug-iphonesimulator/PastelRTS.build/Objects-normal/x86_64/PastelRTS_dependency_info.dat -o /Users/runner/Library/Developer/Xcode/DerivedData/PastelRTS-bnhetfgajalhxehbeatskrbzzzjp/Build/Intermediates.noindex/PastelRTS.build/Debug-iphonesimulator/PastelRTS.build/Objects-normal/x86_64/Binary/__preview.dylib
iOS simulator compile	Compile for iOS Simulator	2026-09-05T18:34:16.3095120Z 
iOS simulator compile	Compile for iOS Simulator	2026-09-05T18:34:16.3096750Z Ld /Users/runner/Library/Developer/Xcode/DerivedData/PastelRTS-bnhetfgajalhxehbeatskrbzzzjp/Build/Intermediates.noindex/PastelRTS.build/Debug-iphonesimulator/PastelRTS.build/Objects-normal/arm64/Binary/__preview.dylib normal arm64 (in target 'PastelRTS' from project 'PastelRTS')
iOS simulator compile	Compile for iOS Simulator	2026-09-05T18:34:16.3097940Z     cd /Users/runner/work/pastel-rts/pastel-rts/apps/ios-shell
iOS simulator compile	Compile for iOS Simulator	2026-09-05T18:34:16.3102960Z     /Applications/Xcode_26.6.app/Contents/Developer/Toolchains/XcodeDefault.xctoolchain/usr/bin/clang -Xlinker -reproducible -target arm64-apple-ios17.0-simulator -dynamiclib -isysroot /Applications/Xcode_26.6.app/Contents/Developer/Platforms/iPhoneSimulator.platform/Developer/SDKs/iPhoneSimulator26.5.sdk -O0 -L/Users/runner/Library/Developer/Xcode/DerivedData/PastelRTS-bnhetfgajalhxehbeatskrbzzzjp/Build/Products/Debug-iphonesimulator -F/Users/runner/Library/Developer/Xcode/DerivedData/PastelRTS-bnhetfgajalhxehbeatskrbzzzjp/Build/Products/Debug-iphonesimulator -install_name @rpath/PastelRTS.debug.dylib -Xlinker -dead_strip -rdynamic -Xlinker -no_deduplicate -Xlinker -objc_abi_version -Xlinker 2 -Xlinker -dependency_info -Xlinker /Users/runner/Library/Developer/Xcode/DerivedData/PastelRTS-bnhetfgajalhxehbeatskrbzzzjp/Build/Intermediates.noindex/PastelRTS.build/Debug-iphonesimulator/PastelRTS.build/Objects-normal/arm64/PastelRTS_dependency_info.dat -o /Users/runner/Library/Developer/Xcode/DerivedData/PastelRTS-bnhetfgajalhxehbeatskrbzzzjp/Build/Intermediates.noindex/PastelRTS.build/Debug-iphonesimulator/PastelRTS.build/Objects-normal/arm64/Binary/__preview.dylib
iOS simulator compile	Compile for iOS Simulator	2026-09-05T18:34:16.3107460Z 
iOS simulator compile	Compile for iOS Simulator	2026-09-05T18:34:16.3108680Z ProcessInfoPlistFile /Users/runner/Library/Developer/Xcode/DerivedData/PastelRTS-bnhetfgajalhxehbeatskrbzzzjp/Build/Products/Debug-iphonesimulator/PastelRTS.app/Info.plist /Users/runner/work/pastel-rts/pastel-rts/apps/ios-shell/PastelRTS/Info.plist (in target 'PastelRTS' from project 'PastelRTS')
iOS simulator compile	Compile for iOS Simulator	2026-09-05T18:34:16.3109850Z     cd /Users/runner/work/pastel-rts/pastel-rts/apps/ios-shell
iOS simulator compile	Compile for iOS Simulator	2026-09-05T18:34:16.3112290Z     builtin-infoPlistUtility /Users/runner/work/pastel-rts/pastel-rts/apps/ios-shell/PastelRTS/Info.plist -producttype com.apple.product-type.application -genpkginfo /Users/runner/Library/Developer/Xcode/DerivedData/PastelRTS-bnhetfgajalhxehbeatskrbzzzjp/Build/Products/Debug-iphonesimulator/PastelRTS.app/PkgInfo -expandbuildsettings -format binary -platform iphonesimulator -o /Users/runner/Library/Developer/Xcode/DerivedData/PastelRTS-bnhetfgajalhxehbeatskrbzzzjp/Build/Products/Debug-iphonesimulator/PastelRTS.app/Info.plist
iOS simulator compile	Compile for iOS Simulator	2026-09-05T18:34:16.3114410Z 
iOS simulator compile	Compile for iOS Simulator	2026-09-05T18:34:16.3115660Z CpResource /Users/runner/Library/Developer/Xcode/DerivedData/PastelRTS-bnhetfgajalhxehbeatskrbzzzjp/Build/Products/Debug-iphonesimulator/PastelRTS.app/WebGame /Users/runner/work/pastel-rts/pastel-rts/apps/ios-shell/PastelRTS/WebGame (in target 'PastelRTS' from project 'PastelRTS')
iOS simulator compile	Compile for iOS Simulator	2026-09-05T18:34:16.3117380Z     cd /Users/runner/work/pastel-rts/pastel-rts/apps/ios-shell
iOS simulator compile	Compile for iOS Simulator	2026-09-05T18:34:16.3118790Z     builtin-copy -exclude .DS_Store -exclude CVS -exclude .svn -exclude .git -exclude .hg -resolve-src-symlinks /Users/runner/work/pastel-rts/pastel-rts/apps/ios-shell/PastelRTS/WebGame /Users/runner/Library/Developer/Xcode/DerivedData/PastelRTS-bnhetfgajalhxehbeatskrbzzzjp/Build/Products/Debug-iphonesimulator/PastelRTS.app
iOS simulator compile	Compile for iOS Simulator	2026-09-05T18:34:16.3120200Z 
iOS simulator compile	Compile for iOS Simulator	2026-09-05T18:34:16.3121750Z CreateUniversalBinary /Users/runner/Library/Developer/Xcode/DerivedData/PastelRTS-bnhetfgajalhxehbeatskrbzzzjp/Build/Products/Debug-iphonesimulator/PastelRTS.app/__preview.dylib normal arm64\ x86_64 (in target 'PastelRTS' from project 'PastelRTS')
iOS simulator compile	Compile for iOS Simulator	2026-09-05T18:34:16.3123410Z     cd /Users/runner/work/pastel-rts/pastel-rts/apps/ios-shell
iOS simulator compile	Compile for iOS Simulator	2026-09-05T18:34:16.3126630Z     /Applications/Xcode_26.6.app/Contents/Developer/Toolchains/XcodeDefault.xctoolchain/usr/bin/lipo -create /Users/runner/Library/Developer/Xcode/DerivedData/PastelRTS-bnhetfgajalhxehbeatskrbzzzjp/Build/Intermediates.noindex/PastelRTS.build/Debug-iphonesimulator/PastelRTS.build/Objects-normal/arm64/Binary/__preview.dylib /Users/runner/Library/Developer/Xcode/DerivedData/PastelRTS-bnhetfgajalhxehbeatskrbzzzjp/Build/Intermediates.noindex/PastelRTS.build/Debug-iphonesimulator/PastelRTS.build/Objects-normal/x86_64/Binary/__preview.dylib -output /Users/runner/Library/Developer/Xcode/DerivedData/PastelRTS-bnhetfgajalhxehbeatskrbzzzjp/Build/Products/Debug-iphonesimulator/PastelRTS.app/__preview.dylib
iOS simulator compile	Compile for iOS Simulator	2026-09-05T18:34:16.3129240Z 
iOS simulator compile	Compile for iOS Simulator	2026-09-05T18:34:16.3129710Z SwiftDriver PastelRTS normal x86_64 com.apple.xcode.tools.swift.compiler (in target 'PastelRTS' from project 'PastelRTS')
iOS simulator compile	Compile for iOS Simulator	2026-09-05T18:34:16.3130330Z     cd /Users/runner/work/pastel-rts/pastel-rts/apps/ios-shell
iOS simulator compile	Compile for iOS Simulator	2026-09-05T18:34:16.3153740Z     builtin-SwiftDriver -- /Applications/Xcode_26.6.app/Contents/Developer/Toolchains/XcodeDefault.xctoolchain/usr/bin/swiftc -module-name PastelRTS -Onone @/Users/runner/Library/Developer/Xcode/DerivedData/PastelRTS-bnhetfgajalhxehbeatskrbzzzjp/Build/Intermediates.noindex/PastelRTS.build/Debug-iphonesimulator/PastelRTS.build/Objects-normal/x86_64/PastelRTS.SwiftFileList -DDEBUG -enable-bare-slash-regex -enable-experimental-feature DebugDescriptionMacro -sdk /Applications/Xcode_26.6.app/Contents/Developer/Platforms/iPhoneSimulator.platform/Developer/SDKs/iPhoneSimulator26.5.sdk -target x86_64-apple-ios17.0-simulator -g -module-cache-path /Users/runner/Library/Developer/Xcode/DerivedData/ModuleCache.noindex -Xfrontend -serialize-debugging-options -enable-testing -index-store-path /Users/runner/Library/Developer/Xcode/DerivedData/PastelRTS-bnhetfgajalhxehbeatskrbzzzjp/Index.noindex/DataStore -Xcc -D_LIBCPP_HARDENING_MODE\=_LIBCPP_HARDENING_MODE_DEBUG -swift-version 5 -I /Users/runner/Library/Developer/Xcode/DerivedData/PastelRTS-bnhetfgajalhxehbeatskrbzzzjp/Build/Products/Debug-iphonesimulator -F /Users/runner/Library/Developer/Xcode/DerivedData/PastelRTS-bnhetfgajalhxehbeatskrbzzzjp/Build/Products/Debug-iphonesimulator -c -j3 -enable-batch-mode -incremental -Xcc -ivfsstatcache -Xcc /Users/runner/Library/Developer/Xcode/DerivedData/SDKStatCaches.noindex/iphonesimulator26.5-23F81a-688ef53f1462e2c8f657fdc38a81448ff45c64a1807a658693f2a61704f17a36.sdkstatcache -output-file-map /Users/runner/Library/Developer/Xcode/DerivedData/PastelRTS-bnhetfgajalhxehbeatskrbzzzjp/Build/Intermediates.noindex/PastelRTS.build/Debug-iphonesimulator/PastelRTS.build/Objects-normal/x86_64/PastelRTS-OutputFileMap.json -use-frontend-parseable-output -save-temps -no-color-diagnostics -explicit-module-build -module-cache-path /Users/runner/Library/Developer/Xcode/DerivedData/PastelRTS-bnhetfgajalhxehbeatskrbzzzjp/Build/Intermediates.noindex/SwiftExplicitPrecompiledModules -clang-scanner-module-cache-path /Users/runner/Library/Developer/Xcode/DerivedData/ModuleCache.noindex -sdk-module-cache-path /Users/runner/Library/Developer/Xcode/DerivedData/ModuleCache.noindex -serialize-diagnostics -emit-dependencies -emit-module -emit-module-path /Users/runner/Library/Developer/Xcode/DerivedData/PastelRTS-bnhetfgajalhxehbeatskrbzzzjp/Build/Intermediates.noindex/PastelRTS.build/Debug-iphonesimulator/PastelRTS.build/Objects-normal/x86_64/PastelRTS.swiftmodule -validate-clang-modules-once -clang-build-session-file /Users/runner/Library/Developer/Xcode/DerivedData/ModuleCache.noindex/Session.modulevalidation -Xcc -I/Users/runner/Library/Developer/Xcode/DerivedData/PastelRTS-bnhetfgajalhxehbeatskrbzzzjp/Build/Intermediates.noindex/PastelRTS.build/Debug-iphonesimulator/PastelRTS.build/swift-overrides.hmap -emit-const-values -Xfrontend -const-gather-protocols-file -Xfrontend /Users/runner/Library/Developer/Xcode/DerivedData/PastelRTS-bnhetfgajalhxehbeatskrbzzzjp/Build/Intermediates.noindex/PastelRTS.build/Debug-iphonesimulator/PastelRTS.build/Objects-normal/x86_64/PastelRTS_const_extract_protocols.json -Xcc -iquote -Xcc /Users/runner/Library/Developer/Xcode/DerivedData/PastelRTS-bnhetfgajalhxehbeatskrbzzzjp/Build/Intermediates.noindex/PastelRTS.build/Debug-iphonesimulator/PastelRTS.build/PastelRTS-generated-files.hmap -Xcc -I/Users/runner/Library/Developer/Xcode/DerivedData/PastelRTS-bnhetfgajalhxehbeatskrbzzzjp/Build/Intermediates.noindex/PastelRTS.build/Debug-iphonesimulator/PastelRTS.build/PastelRTS-own-target-headers.hmap -Xcc -I/Users/runner/Library/Developer/Xcode/DerivedData/PastelRTS-bnhetfgajalhxehbeatskrbzzzjp/Build/Intermediates.noindex/PastelRTS.build/Debug-iphonesimulator/PastelRTS.build/PastelRTS-all-target-headers.hmap -Xcc -iquote -Xcc /Users/runner/Library/Developer/Xcode/DerivedData/PastelRTS-bnhetfgajalhxehbeatskrbzzzjp/Build/Intermediates.noindex/PastelRTS.build/Debug-iphonesimulator/PastelRTS.build/PastelRTS-project-headers.hmap -Xcc -I/Users/runner/Library/Developer/Xcode/DerivedData/PastelRTS-bnhetfgajalhxehbeatskrbzzzjp/Build/Products/Debug-iphonesimulator/include -Xcc -I/Users/runner/Library/Developer/Xcode/DerivedData/PastelRTS-bnhetfgajalhxehbeatskrbzzzjp/Build/Intermediates.noindex/PastelRTS.build/Debug-iphonesimulator/PastelRTS.build/DerivedSources-normal/x86_64 -Xcc -I/Users/runner/Library/Developer/Xcode/DerivedData/PastelRTS-bnhetfgajalhxehbeatskrbzzzjp/Build/Intermediates.noindex/PastelRTS.build/Debug-iphonesimulator/PastelRTS.build/DerivedSources/x86_64 -Xcc -I/Users/runner/Library/Developer/Xcode/DerivedData/PastelRTS-bnhetfgajalhxehbeatskrbzzzjp/Build/Intermediates.noindex/PastelRTS.build/Debug-iphonesimulator/PastelRTS.build/DerivedSources -Xcc -DDEBUG\=1 -emit-objc-header -emit-objc-header-path /Users/runner/Library/Developer/Xcode/DerivedData/PastelRTS-bnhetfgajalhxehbeatskrbzzzjp/Build/Intermediates.noindex/PastelRTS.build/Debug-iphonesimulator/PastelRTS.build/Objects-normal/x86_64/PastelRTS-Swift.h -working-directory /Users/runner/work/pastel-rts/pastel-rts/apps/ios-shell -experimental-emit-module-separately -disable-cmo
iOS simulator compile	Compile for iOS Simulator	2026-09-05T18:34:19.2202180Z 
iOS simulator compile	Compile for iOS Simulator	2026-09-05T18:34:19.2337180Z SwiftDriver PastelRTS normal arm64 com.apple.xcode.tools.swift.compiler (in target 'PastelRTS' from project 'PastelRTS')
iOS simulator compile	Compile for iOS Simulator	2026-09-05T18:34:19.2341320Z     cd /Users/runner/work/pastel-rts/pastel-rts/apps/ios-shell
iOS simulator compile	Compile for iOS Simulator	2026-09-05T18:34:19.2561800Z     builtin-SwiftDriver -- /Applications/Xcode_26.6.app/Contents/Developer/Toolchains/XcodeDefault.xctoolchain/usr/bin/swiftc -module-name PastelRTS -Onone @/Users/runner/Library/Developer/Xcode/DerivedData/PastelRTS-bnhetfgajalhxehbeatskrbzzzjp/Build/Intermediates.noindex/PastelRTS.build/Debug-iphonesimulator/PastelRTS.build/Objects-normal/arm64/PastelRTS.SwiftFileList -DDEBUG -enable-bare-slash-regex -enable-experimental-feature DebugDescriptionMacro -sdk /Applications/Xcode_26.6.app/Contents/Developer/Platforms/iPhoneSimulator.platform/Developer/SDKs/iPhoneSimulator26.5.sdk -target arm64-apple-ios17.0-simulator -g -module-cache-path /Users/runner/Library/Developer/Xcode/DerivedData/ModuleCache.noindex -Xfrontend -serialize-debugging-options -enable-testing -index-store-path /Users/runner/Library/Developer/Xcode/DerivedData/PastelRTS-bnhetfgajalhxehbeatskrbzzzjp/Index.noindex/DataStore -Xcc -D_LIBCPP_HARDENING_MODE\=_LIBCPP_HARDENING_MODE_DEBUG -swift-version 5 -I /Users/runner/Library/Developer/Xcode/DerivedData/PastelRTS-bnhetfgajalhxehbeatskrbzzzjp/Build/Products/Debug-iphonesimulator -F /Users/runner/Library/Developer/Xcode/DerivedData/PastelRTS-bnhetfgajalhxehbeatskrbzzzjp/Build/Products/Debug-iphonesimulator -c -j3 -enable-batch-mode -incremental -Xcc -ivfsstatcache -Xcc /Users/runner/Library/Developer/Xcode/DerivedData/SDKStatCaches.noindex/iphonesimulator26.5-23F81a-688ef53f1462e2c8f657fdc38a81448ff45c64a1807a658693f2a61704f17a36.sdkstatcache -output-file-map /Users/runner/Library/Developer/Xcode/DerivedData/PastelRTS-bnhetfgajalhxehbeatskrbzzzjp/Build/Intermediates.noindex/PastelRTS.build/Debug-iphonesimulator/PastelRTS.build/Objects-normal/arm64/PastelRTS-OutputFileMap.json -use-frontend-parseable-output -save-temps -no-color-diagnostics -explicit-module-build -module-cache-path /Users/runner/Library/Developer/Xcode/DerivedData/PastelRTS-bnhetfgajalhxehbeatskrbzzzjp/Build/Intermediates.noindex/SwiftExplicitPrecompiledModules -clang-scanner-module-cache-path /Users/runner/Library/Developer/Xcode/DerivedData/ModuleCache.noindex -sdk-module-cache-path /Users/runner/Library/Developer/Xcode/DerivedData/ModuleCache.noindex -serialize-diagnostics -emit-dependencies -emit-module -emit-module-path /Users/runner/Library/Developer/Xcode/DerivedData/PastelRTS-bnhetfgajalhxehbeatskrbzzzjp/Build/Intermediates.noindex/PastelRTS.build/Debug-iphonesimulator/PastelRTS.build/Objects-normal/arm64/PastelRTS.swiftmodule -validate-clang-modules-once -clang-build-session-file /Users/runner/Library/Developer/Xcode/DerivedData/ModuleCache.noindex/Session.modulevalidation -Xcc -I/Users/runner/Library/Developer/Xcode/DerivedData/PastelRTS-bnhetfgajalhxehbeatskrbzzzjp/Build/Intermediates.noindex/PastelRTS.build/Debug-iphonesimulator/PastelRTS.build/swift-overrides.hmap -emit-const-values -Xfrontend -const-gather-protocols-file -Xfrontend /Users/runner/Library/Developer/Xcode/DerivedData/PastelRTS-bnhetfgajalhxehbeatskrbzzzjp/Build/Intermediates.noindex/PastelRTS.build/Debug-iphonesimulator/PastelRTS.build/Objects-normal/arm64/PastelRTS_const_extract_protocols.json -Xcc -iquote -Xcc /Users/runner/Library/Developer/Xcode/DerivedData/PastelRTS-bnhetfgajalhxehbeatskrbzzzjp/Build/Intermediates.noindex/PastelRTS.build/Debug-iphonesimulator/PastelRTS.build/PastelRTS-generated-files.hmap -Xcc -I/Users/runner/Library/Developer/Xcode/DerivedData/PastelRTS-bnhetfgajalhxehbeatskrbzzzjp/Build/Intermediates.noindex/PastelRTS.build/Debug-iphonesimulator/PastelRTS.build/PastelRTS-own-target-headers.hmap -Xcc -I/Users/runner/Library/Developer/Xcode/DerivedData/PastelRTS-bnhetfgajalhxehbeatskrbzzzjp/Build/Intermediates.noindex/PastelRTS.build/Debug-iphonesimulator/PastelRTS.build/PastelRTS-all-target-headers.hmap -Xcc -iquote -Xcc /Users/runner/Library/Developer/Xcode/DerivedData/PastelRTS-bnhetfgajalhxehbeatskrbzzzjp/Build/Intermediates.noindex/PastelRTS.build/Debug-iphonesimulator/PastelRTS.build/PastelRTS-project-headers.hmap -Xcc -I/Users/runner/Library/Developer/Xcode/DerivedData/PastelRTS-bnhetfgajalhxehbeatskrbzzzjp/Build/Products/Debug-iphonesimulator/include -Xcc -I/Users/runner/Library/Developer/Xcode/DerivedData/PastelRTS-bnhetfgajalhxehbeatskrbzzzjp/Build/Intermediates.noindex/PastelRTS.build/Debug-iphonesimulator/PastelRTS.build/DerivedSources-normal/arm64 -Xcc -I/Users/runner/Library/Developer/Xcode/DerivedData/PastelRTS-bnhetfgajalhxehbeatskrbzzzjp/Build/Intermediates.noindex/PastelRTS.build/Debug-iphonesimulator/PastelRTS.build/DerivedSources/arm64 -Xcc -I/Users/runner/Library/Developer/Xcode/DerivedData/PastelRTS-bnhetfgajalhxehbeatskrbzzzjp/Build/Intermediates.noindex/PastelRTS.build/Debug-iphonesimulator/PastelRTS.build/DerivedSources -Xcc -DDEBUG\=1 -emit-objc-header -emit-objc-header-path /Users/runner/Library/Developer/Xcode/DerivedData/PastelRTS-bnhetfgajalhxehbeatskrbzzzjp/Build/Intermediates.noindex/PastelRTS.build/Debug-iphonesimulator/PastelRTS.build/Objects-normal/arm64/PastelRTS-Swift.h -working-directory /Users/runner/work/pastel-rts/pastel-rts/apps/ios-shell -experimental-emit-module-separately -disable-cmo
iOS simulator compile	Compile for iOS Simulator	2026-09-05T18:34:19.2759240Z 
iOS simulator compile	Compile for iOS Simulator	2026-09-05T18:34:19.2926350Z SwiftExplicitDependencyGeneratePcm x86_64 /Users/runner/Library/Developer/Xcode/DerivedData/ModuleCache.noindex/_AvailabilityInternal-4AEMAKUOTYBRLPH7CECEI51PG.pcm
iOS simulator compile	Compile for iOS Simulator	2026-09-05T18:34:19.4760520Z 
iOS simulator compile	Compile for iOS Simulator	2026-09-05T18:34:19.4904470Z SwiftExplicitDependencyGeneratePcm x86_64 /Users/runner/Library/Developer/Xcode/DerivedData/ModuleCache.noindex/ptrauth-4XHE24MUNLZWC74DWH6I0Q3YH.pcm
iOS simulator compile	Compile for iOS Simulator	2026-09-05T18:34:19.4973140Z 
iOS simulator compile	Compile for iOS Simulator	2026-09-05T18:34:19.5114080Z SwiftExplicitDependencyGeneratePcm x86_64 /Users/runner/Library/Developer/Xcode/DerivedData/ModuleCache.noindex/_SwiftConcurrencyShims-8DTSQILWN2NJ96VMR1Q63ORO1.pcm
iOS simulator compile	Compile for iOS Simulator	2026-09-05T18:34:19.5235720Z 
iOS simulator compile	Compile for iOS Simulator	2026-09-05T18:34:19.5359250Z SwiftExplicitDependencyGeneratePcm arm64 /Users/runner/Library/Developer/Xcode/DerivedData/ModuleCache.noindex/_SwiftConcurrencyShims-4KKVRAVQYQHYK78482W4R7Y0E.pcm
iOS simulator compile	Compile for iOS Simulator	2026-09-05T18:34:19.6563480Z 
iOS simulator compile	Compile for iOS Simulator	2026-09-05T18:34:19.6687200Z SwiftExplicitDependencyGeneratePcm arm64 /Users/runner/Library/Developer/Xcode/DerivedData/ModuleCache.noindex/SwiftShims-25GF3K3ZWSIY4T115Z2UEBZRL.pcm
iOS simulator compile	Compile for iOS Simulator	2026-09-05T18:34:19.7461140Z 
iOS simulator compile	Compile for iOS Simulator	2026-09-05T18:34:19.7569300Z SwiftExplicitDependencyGeneratePcm arm64 /Users/runner/Library/Developer/Xcode/DerivedData/ModuleCache.noindex/DeveloperToolsSupport-61KBSG06XH7JULTKC4JJAZYGU.pcm
iOS simulator compile	Compile for iOS Simulator	2026-09-05T18:34:19.7689550Z 
iOS simulator compile	Compile for iOS Simulator	2026-09-05T18:34:19.7815730Z SwiftExplicitDependencyGeneratePcm arm64 /Users/runner/Library/Developer/Xcode/DerivedData/ModuleCache.noindex/_Builtin_stdbool-BXY040X58V8IZOC6WDNJXHXCV.pcm
iOS simulator compile	Compile for iOS Simulator	2026-09-05T18:34:19.9789380Z 
iOS simulator compile	Compile for iOS Simulator	2026-09-05T18:34:19.9891480Z SwiftExplicitDependencyGeneratePcm arm64 /Users/runner/Library/Developer/Xcode/DerivedData/ModuleCache.noindex/ptrauth-99KW7CKVZXSQOHY38O3KXSSTT.pcm
iOS simulator compile	Compile for iOS Simulator	2026-09-05T18:34:19.9948060Z 
iOS simulator compile	Compile for iOS Simulator	2026-09-05T18:34:20.0063800Z SwiftExplicitDependencyGeneratePcm arm64 /Users/runner/Library/Developer/Xcode/DerivedData/ModuleCache.noindex/_Builtin_stddef-DWO58UINTQGF5NN6EL74ARD99.pcm
iOS simulator compile	Compile for iOS Simulator	2026-09-05T18:34:20.0205830Z 
iOS simulator compile	Compile for iOS Simulator	2026-09-05T18:34:20.0383940Z SwiftExplicitDependencyGeneratePcm x86_64 /Users/runner/Library/Developer/Xcode/DerivedData/ModuleCache.noindex/SwiftShims-7Q1ZRIZ6XFU8LL8J5G5KNP2ID.pcm
iOS simulator compile	Compile for iOS Simulator	2026-09-05T18:34:20.0456920Z 
iOS simulator compile	Compile for iOS Simulator	2026-09-05T18:34:20.0569080Z SwiftExplicitDependencyGeneratePcm x86_64 /Users/runner/Library/Developer/Xcode/DerivedData/ModuleCache.noindex/_Builtin_float-F1RY5W05PL02SOXP7IY5NRKH9.pcm
iOS simulator compile	Compile for iOS Simulator	2026-09-05T18:34:20.0724600Z 
iOS simulator compile	Compile for iOS Simulator	2026-09-05T18:34:20.0849580Z SwiftExplicitDependencyGeneratePcm arm64 /Users/runner/Library/Developer/Xcode/DerivedData/ModuleCache.noindex/_Builtin_float-DRI87QHPGHDIV0UGRIVM1OVSM.pcm
iOS simulator compile	Compile for iOS Simulator	2026-09-05T18:34:20.0955580Z 
iOS simulator compile	Compile for iOS Simulator	2026-09-05T18:34:20.1060430Z SwiftExplicitDependencyGeneratePcm x86_64 /Users/runner/Library/Developer/Xcode/DerivedData/ModuleCache.noindex/ptrcheck-C8R778NJC5CM6RXK2EW19BG9S.pcm
iOS simulator compile	Compile for iOS Simulator	2026-09-05T18:34:20.1087990Z 
iOS simulator compile	Compile for iOS Simulator	2026-09-05T18:34:20.1225210Z SwiftExplicitDependencyGeneratePcm x86_64 /Users/runner/Library/Developer/Xcode/DerivedData/ModuleCache.noindex/DeveloperToolsSupport-C53NC86S0F0ZYQ9FAEZ5BBGD8.pcm
iOS simulator compile	Compile for iOS Simulator	2026-09-05T18:34:20.1330980Z 
iOS simulator compile	Compile for iOS Simulator	2026-09-05T18:34:20.1434480Z SwiftExplicitDependencyGeneratePcm arm64 /Users/runner/Library/Developer/Xcode/DerivedData/ModuleCache.noindex/_AvailabilityInternal-6DZPBQ1GDR5VQVTX2KC3CFZKH.pcm
iOS simulator compile	Compile for iOS Simulator	2026-09-05T18:34:20.1700020Z 
iOS simulator compile	Compile for iOS Simulator	2026-09-05T18:34:20.1801790Z SwiftExplicitDependencyGeneratePcm arm64 /Users/runner/Library/Developer/Xcode/DerivedData/ModuleCache.noindex/_Builtin_stdarg-20TTVJBLLUY68CTJF1YJ48AZH.pcm
iOS simulator compile	Compile for iOS Simulator	2026-09-05T18:34:20.3100320Z 
iOS simulator compile	Compile for iOS Simulator	2026-09-05T18:34:20.3202150Z SwiftExplicitDependencyGeneratePcm x86_64 /Users/runner/Library/Developer/Xcode/DerivedData/ModuleCache.noindex/_DarwinFoundation1-ELY96AJM4DUJD4M8Y2H1D5054.pcm
iOS simulator compile	Compile for iOS Simulator	2026-09-05T18:34:20.3740620Z 
iOS simulator compile	Compile for iOS Simulator	2026-09-05T18:34:20.3869220Z SwiftExplicitDependencyGeneratePcm x86_64 /Users/runner/Library/Developer/Xcode/DerivedData/ModuleCache.noindex/_Builtin_stdarg-16FW3CYRYWSUILUWZVPZ56CI0.pcm
iOS simulator compile	Compile for iOS Simulator	2026-09-05T18:34:20.3870230Z 
iOS simulator compile	Compile for iOS Simulator	2026-09-05T18:34:20.3871590Z SwiftExplicitDependencyGeneratePcm x86_64 /Users/runner/Library/Developer/Xcode/DerivedData/ModuleCache.noindex/_Builtin_stdbool-7106MR3MZ5J8M26EF7SFI37GH.pcm
iOS simulator compile	Compile for iOS Simulator	2026-09-05T18:34:20.4373650Z 
iOS simulator compile	Compile for iOS Simulator	2026-09-05T18:34:20.4483520Z SwiftExplicitDependencyGeneratePcm arm64 /Users/runner/Library/Developer/Xcode/DerivedData/ModuleCache.noindex/ptrcheck-WAV18TPZUVHKV3LXIRAFLYN7.pcm
iOS simulator compile	Compile for iOS Simulator	2026-09-05T18:34:20.4585510Z 
iOS simulator compile	Compile for iOS Simulator	2026-09-05T18:34:20.4687080Z SwiftExplicitDependencyGeneratePcm x86_64 /Users/runner/Library/Developer/Xcode/DerivedData/ModuleCache.noindex/_Builtin_stddef-H5QBCMYFLPB91NRO5K33LC6F.pcm
iOS simulator compile	Compile for iOS Simulator	2026-09-05T18:34:20.5353780Z 
iOS simulator compile	Compile for iOS Simulator	2026-09-05T18:34:20.5455540Z SwiftExplicitDependencyGeneratePcm x86_64 /Users/runner/Library/Developer/Xcode/DerivedData/ModuleCache.noindex/_Builtin_limits-18GUEO9RKINX2BEVUWBWI25LL.pcm
iOS simulator compile	Compile for iOS Simulator	2026-09-05T18:34:20.5576490Z 
iOS simulator compile	Compile for iOS Simulator	2026-09-05T18:34:20.5679840Z SwiftExplicitDependencyGeneratePcm arm64 /Users/runner/Library/Developer/Xcode/DerivedData/ModuleCache.noindex/_DarwinFoundation1-ANGWZ3QPJMCIIRYDIFF6F0A2Q.pcm
iOS simulator compile	Compile for iOS Simulator	2026-09-05T18:34:20.5809770Z 
iOS simulator compile	Compile for iOS Simulator	2026-09-05T18:34:20.5912000Z SwiftExplicitDependencyGeneratePcm x86_64 /Users/runner/Library/Developer/Xcode/DerivedData/ModuleCache.noindex/_DarwinFoundation2-4CY0F69XKJJJR97KR1OAOG62W.pcm
iOS simulator compile	Compile for iOS Simulator	2026-09-05T18:34:20.9270830Z 
iOS simulator compile	Compile for iOS Simulator	2026-09-05T18:34:20.9423080Z SwiftExplicitDependencyGeneratePcm arm64 /Users/runner/Library/Developer/Xcode/DerivedData/ModuleCache.noindex/_DarwinFoundation2-30EAKIEMLPFIAZ2LNB2G4ILWF.pcm
iOS simulator compile	Compile for iOS Simulator	2026-09-05T18:34:20.9761740Z 
iOS simulator compile	Compile for iOS Simulator	2026-09-05T18:34:20.9866290Z SwiftExplicitDependencyGeneratePcm arm64 /Users/runner/Library/Developer/Xcode/DerivedData/ModuleCache.noindex/_Builtin_limits-AV62CHGU5T6PIMK4ZV6R4N1WH.pcm
iOS simulator compile	Compile for iOS Simulator	2026-09-05T18:34:20.9968830Z 
iOS simulator compile	Compile for iOS Simulator	2026-09-05T18:34:21.0072160Z SwiftExplicitDependencyGeneratePcm x86_64 /Users/runner/Library/Developer/Xcode/DerivedData/ModuleCache.noindex/sys_types-8CUB5ECWMSE623GF88LMHT7K4.pcm
iOS simulator compile	Compile for iOS Simulator	2026-09-05T18:34:21.0978070Z 
iOS simulator compile	Compile for iOS Simulator	2026-09-05T18:34:21.1080290Z SwiftExplicitDependencyGeneratePcm x86_64 /Users/runner/Library/Developer/Xcode/DerivedData/ModuleCache.noindex/_Builtin_stdint-7A5X8JRCC3J5JUJJSVHXQY1OG.pcm
iOS simulator compile	Compile for iOS Simulator	2026-09-05T18:34:21.1181630Z 
iOS simulator compile	Compile for iOS Simulator	2026-09-05T18:34:21.1284680Z SwiftExplicitDependencyGeneratePcm x86_64 /Users/runner/Library/Developer/Xcode/DerivedData/ModuleCache.noindex/_Builtin_tgmath-AW85S8D1L6TJFKR21487SV7LQ.pcm
iOS simulator compile	Compile for iOS Simulator	2026-09-05T18:34:21.1767710Z 
iOS simulator compile	Compile for iOS Simulator	2026-09-05T18:34:21.1886980Z SwiftExplicitDependencyGeneratePcm arm64 /Users/runner/Library/Developer/Xcode/DerivedData/ModuleCache.noindex/_Builtin_tgmath-BJVZJINKJNFRZCMY9V2E2E98U.pcm
iOS simulator compile	Compile for iOS Simulator	2026-09-05T18:34:21.6268220Z 
iOS simulator compile	Compile for iOS Simulator	2026-09-05T18:34:21.6373130Z SwiftExplicitDependencyGeneratePcm x86_64 /Users/runner/Library/Developer/Xcode/DerivedData/ModuleCache.noindex/_Builtin_stdatomic-P1QAACCKPJ3XWHDEQVE8R59Y.pcm
iOS simulator compile	Compile for iOS Simulator	2026-09-05T18:34:21.6473710Z 
iOS simulator compile	Compile for iOS Simulator	2026-09-05T18:34:21.6575470Z SwiftExplicitDependencyGeneratePcm x86_64 /Users/runner/Library/Developer/Xcode/DerivedData/ModuleCache.noindex/_DarwinFoundation3-87B9R7V06QGDNFA7D4P9H3H78.pcm
iOS simulator compile	Compile for iOS Simulator	2026-09-05T18:34:21.8978640Z 
iOS simulator compile	Compile for iOS Simulator	2026-09-05T18:34:21.9080010Z SwiftExplicitDependencyGeneratePcm arm64 /Users/runner/Library/Developer/Xcode/DerivedData/ModuleCache.noindex/sys_types-3WFJB1QNQT9HFLHJI0FG7PKCY.pcm
iOS simulator compile	Compile for iOS Simulator	2026-09-05T18:34:21.9179620Z 
iOS simulator compile	Compile for iOS Simulator	2026-09-05T18:34:21.9281310Z SwiftExplicitDependencyGeneratePcm arm64 /Users/runner/Library/Developer/Xcode/DerivedData/ModuleCache.noindex/_Builtin_stdint-A50XLKTB75Q7HJSX20NLCDUCC.pcm
iOS simulator compile	Compile for iOS Simulator	2026-09-05T18:34:21.9380860Z 
iOS simulator compile	Compile for iOS Simulator	2026-09-05T18:34:21.9482540Z SwiftExplicitDependencyGeneratePcm arm64 /Users/runner/Library/Developer/Xcode/DerivedData/ModuleCache.noindex/_DarwinFoundation3-6DD217POB8BARVOV9UQ89H754.pcm
iOS simulator compile	Compile for iOS Simulator	2026-09-05T18:34:21.9587340Z 
iOS simulator compile	Compile for iOS Simulator	2026-09-05T18:34:21.9697830Z SwiftExplicitDependencyGeneratePcm arm64 /Users/runner/Library/Developer/Xcode/DerivedData/ModuleCache.noindex/_Builtin_intrinsics-4KGL842L7V5UUL5DB22ZU9HDA.pcm
iOS simulator compile	Compile for iOS Simulator	2026-09-05T18:34:22.1046560Z 
iOS simulator compile	Compile for iOS Simulator	2026-09-05T18:34:22.1150280Z SwiftExplicitDependencyGeneratePcm arm64 /Users/runner/Library/Developer/Xcode/DerivedData/ModuleCache.noindex/_Builtin_stdatomic-8PHN86WU604AYPILVOIQTNR65.pcm
iOS simulator compile	Compile for iOS Simulator	2026-09-05T18:34:22.1259940Z 
iOS simulator compile	Compile for iOS Simulator	2026-09-05T18:34:22.1387030Z SwiftExplicitDependencyGeneratePcm x86_64 /Users/runner/Library/Developer/Xcode/DerivedData/ModuleCache.noindex/_Builtin_intrinsics-44JSFAMSY2FC7CW1B4K3XV8T9.pcm
iOS simulator compile	Compile for iOS Simulator	2026-09-05T18:34:22.4340500Z 
iOS simulator compile	Compile for iOS Simulator	2026-09-05T18:34:22.4481630Z SwiftExplicitDependencyGeneratePcm x86_64 /Users/runner/Library/Developer/Xcode/DerivedData/ModuleCache.noindex/_Builtin_inttypes-EQMHUEBPFIWMF1G4MAGN9PAG0.pcm
iOS simulator compile	Compile for iOS Simulator	2026-09-05T18:34:22.4584070Z 
iOS simulator compile	Compile for iOS Simulator	2026-09-05T18:34:22.4688670Z SwiftExplicitDependencyGeneratePcm arm64 /Users/runner/Library/Developer/Xcode/DerivedData/ModuleCache.noindex/_Builtin_inttypes-73EZH83H58MM24JFLUTCF3XBR.pcm
iOS simulator compile	Compile for iOS Simulator	2026-09-05T18:34:22.4791860Z 
iOS simulator compile	Compile for iOS Simulator	2026-09-05T18:34:22.4893480Z SwiftExplicitDependencyGeneratePcm x86_64 /Users/runner/Library/Developer/Xcode/DerivedData/ModuleCache.noindex/Darwin-AYUBA0TZ8YIT72I0TDW1CKCEW.pcm
iOS simulator compile	Compile for iOS Simulator	2026-09-05T18:34:22.5931940Z 
iOS simulator compile	Compile for iOS Simulator	2026-09-05T18:34:22.6056080Z SwiftExplicitDependencyGeneratePcm arm64 /Users/runner/Library/Developer/Xcode/DerivedData/ModuleCache.noindex/simd-8GVFQ6R6BWGAURRZG38Y8OE1A.pcm
iOS simulator compile	Compile for iOS Simulator	2026-09-05T18:34:22.7072890Z 
iOS simulator compile	Compile for iOS Simulator	2026-09-05T18:34:22.7177210Z SwiftExplicitDependencyGeneratePcm arm64 /Users/runner/Library/Developer/Xcode/DerivedData/ModuleCache.noindex/Darwin-APF3C2ZN9FXR10PA1SRA3PO98.pcm
iOS simulator compile	Compile for iOS Simulator	2026-09-05T18:34:22.8206190Z 
iOS simulator compile	Compile for iOS Simulator	2026-09-05T18:34:22.8307680Z SwiftExplicitDependencyGeneratePcm x86_64 /Users/runner/Library/Developer/Xcode/DerivedData/ModuleCache.noindex/simd-4IARXSJ6SMY3LPH7E2WP7V2L4.pcm
iOS simulator compile	Compile for iOS Simulator	2026-09-05T18:34:23.1429950Z 
iOS simulator compile	Compile for iOS Simulator	2026-09-05T18:34:23.1534850Z SwiftExplicitDependencyGeneratePcm x86_64 /Users/runner/Library/Developer/Xcode/DerivedData/ModuleCache.noindex/MachO-7PGCFQ822XQPB0R0L9H1JHQGW.pcm
iOS simulator compile	Compile for iOS Simulator	2026-09-05T18:34:23.1638840Z 
iOS simulator compile	Compile for iOS Simulator	2026-09-05T18:34:23.1740330Z SwiftExplicitDependencyGeneratePcm arm64 /Users/runner/Library/Developer/Xcode/DerivedData/ModuleCache.noindex/Spatial-C7MHDB01YPJTHLBLLIQ7CMENC.pcm
iOS simulator compile	Compile for iOS Simulator	2026-09-05T18:34:23.1862300Z 
iOS simulator compile	Compile for iOS Simulator	2026-09-05T18:34:23.1992400Z SwiftExplicitDependencyGeneratePcm x86_64 /Users/runner/Library/Developer/Xcode/DerivedData/ModuleCache.noindex/ObjectiveC-3O3IF0PYMFNKBJYAMURB8C1F7.pcm
iOS simulator compile	Compile for iOS Simulator	2026-09-05T18:34:23.2102680Z 
iOS simulator compile	Compile for iOS Simulator	2026-09-05T18:34:23.2204240Z SwiftExplicitDependencyGeneratePcm arm64 /Users/runner/Library/Developer/Xcode/DerivedData/ModuleCache.noindex/ObjectiveC-B802B6QK4BJJ63CGILBWI02OB.pcm
iOS simulator compile	Compile for iOS Simulator	2026-09-05T18:34:23.2314650Z 
iOS simulator compile	Compile for iOS Simulator	2026-09-05T18:34:23.2416130Z SwiftExplicitDependencyGeneratePcm arm64 /Users/runner/Library/Developer/Xcode/DerivedData/ModuleCache.noindex/MachO-EJV0RP6V75PXZFNOFMV7VU8RV.pcm
iOS simulator compile	Compile for iOS Simulator	2026-09-05T18:34:23.2530810Z 
iOS simulator compile	Compile for iOS Simulator	2026-09-05T18:34:23.2632440Z SwiftExplicitDependencyGeneratePcm arm64 /Users/runner/Library/Developer/Xcode/DerivedData/ModuleCache.noindex/os_object-AF02TD8G4ZEZ3GXQY1PH0FSNT.pcm
iOS simulator compile	Compile for iOS Simulator	2026-09-05T18:34:23.2734410Z 
iOS simulator compile	Compile for iOS Simulator	2026-09-05T18:34:23.2837660Z SwiftExplicitDependencyGeneratePcm x86_64 /Users/runner/Library/Developer/Xcode/DerivedData/ModuleCache.noindex/os_object-QKBKG1I83BCA7EQXQRKTZLIX.pcm
iOS simulator compile	Compile for iOS Simulator	2026-09-05T18:34:23.2939920Z 
iOS simulator compile	Compile for iOS Simulator	2026-09-05T18:34:23.3043150Z SwiftExplicitDependencyGeneratePcm x86_64 /Users/runner/Library/Developer/Xcode/DerivedData/ModuleCache.noindex/Spatial-DBHG1LZC5X3AKZANYX927P293.pcm
iOS simulator compile	Compile for iOS Simulator	2026-09-05T18:34:23.3656080Z 
iOS simulator compile	Compile for iOS Simulator	2026-09-05T18:34:23.3768940Z SwiftExplicitDependencyGeneratePcm arm64 /Users/runner/Library/Developer/Xcode/DerivedData/ModuleCache.noindex/os_workgroup-73NYE0NKG4RHX1UTM23RBIAWC.pcm
iOS simulator compile	Compile for iOS Simulator	2026-09-05T18:34:23.3897190Z 
iOS simulator compile	Compile for iOS Simulator	2026-09-05T18:34:23.4012050Z SwiftExplicitDependencyGeneratePcm x86_64 /Users/runner/Library/Developer/Xcode/DerivedData/ModuleCache.noindex/os_workgroup-3D7H17UWESG4UIJVKWDILAZTW.pcm
iOS simulator compile	Compile for iOS Simulator	2026-09-05T18:34:23.4132600Z 
iOS simulator compile	Compile for iOS Simulator	2026-09-05T18:34:23.4234140Z SwiftExplicitDependencyGeneratePcm arm64 /Users/runner/Library/Developer/Xcode/DerivedData/ModuleCache.noindex/Dispatch-3KN2919J4WK06BTC8UFCB42FN.pcm
iOS simulator compile	Compile for iOS Simulator	2026-09-05T18:34:23.4340990Z 
iOS simulator compile	Compile for iOS Simulator	2026-09-05T18:34:23.4449340Z SwiftExplicitDependencyGeneratePcm x86_64 /Users/runner/Library/Developer/Xcode/DerivedData/ModuleCache.noindex/Dispatch-1ZASPDOAFCNVOJMS2IX9W9XZZ.pcm
iOS simulator compile	Compile for iOS Simulator	2026-09-05T18:34:23.4554450Z 
iOS simulator compile	Compile for iOS Simulator	2026-09-05T18:34:23.4665370Z SwiftExplicitDependencyGeneratePcm arm64 /Users/runner/Library/Developer/Xcode/DerivedData/ModuleCache.noindex/XPC-55NK3COZI48F3N2K2V8KFWCC1.pcm
iOS simulator compile	Compile for iOS Simulator	2026-09-05T18:34:23.4778530Z 
iOS simulator compile	Compile for iOS Simulator	2026-09-05T18:34:23.4880840Z SwiftExplicitDependencyGeneratePcm arm64 /Users/runner/Library/Developer/Xcode/DerivedData/ModuleCache.noindex/CoreFoundation-8O1NNKID9BZPZI1HHDYA9QSN8.pcm
iOS simulator compile	Compile for iOS Simulator	2026-09-05T18:34:23.4988840Z 
iOS simulator compile	Compile for iOS Simulator	2026-09-05T18:34:23.5099430Z SwiftExplicitDependencyGeneratePcm x86_64 /Users/runner/Library/Developer/Xcode/DerivedData/ModuleCache.noindex/CoreFoundation-6YN29T0KG8NVPD9Q6NBXVGK70.pcm
iOS simulator compile	Compile for iOS Simulator	2026-09-05T18:34:23.5200540Z 
iOS simulator compile	Compile for iOS Simulator	2026-09-05T18:34:23.5302390Z SwiftExplicitDependencyGeneratePcm arm64 /Users/runner/Library/Developer/Xcode/DerivedData/ModuleCache.noindex/os-7HEU2P5Q9W31LMJ19ZXYYVXSS.pcm
iOS simulator compile	Compile for iOS Simulator	2026-09-05T18:34:23.5403490Z 
iOS simulator compile	Compile for iOS Simulator	2026-09-05T18:34:23.5507260Z SwiftExplicitDependencyGeneratePcm x86_64 /Users/runner/Library/Developer/Xcode/DerivedData/ModuleCache.noindex/dnssd-4PWGUHCPFJC2C7ERY3TTIAKB5.pcm
iOS simulator compile	Compile for iOS Simulator	2026-09-05T18:34:23.5621300Z 
iOS simulator compile	Compile for iOS Simulator	2026-09-05T18:34:23.5731060Z SwiftExplicitDependencyGeneratePcm x86_64 /Users/runner/Library/Developer/Xcode/DerivedData/ModuleCache.noindex/XPC-CZEQ6NIOH4JYN2AE2VU4BRZYH.pcm
iOS simulator compile	Compile for iOS Simulator	2026-09-05T18:34:23.5856400Z 
iOS simulator compile	Compile for iOS Simulator	2026-09-05T18:34:23.5967540Z SwiftExplicitDependencyGeneratePcm arm64 /Users/runner/Library/Developer/Xcode/DerivedData/ModuleCache.noindex/dnssd-ADI1EP21JY0T7XPB85BID4OJU.pcm
iOS simulator compile	Compile for iOS Simulator	2026-09-05T18:34:23.6068640Z 
iOS simulator compile	Compile for iOS Simulator	2026-09-05T18:34:23.6191980Z SwiftExplicitDependencyGeneratePcm x86_64 /Users/runner/Library/Developer/Xcode/DerivedData/ModuleCache.noindex/CoreGraphics-70CVENL6RR77QB5ESL4WE5NV3.pcm
iOS simulator compile	Compile for iOS Simulator	2026-09-05T18:34:23.6296460Z 
iOS simulator compile	Compile for iOS Simulator	2026-09-05T18:34:23.6398440Z SwiftExplicitDependencyGeneratePcm x86_64 /Users/runner/Library/Developer/Xcode/DerivedData/ModuleCache.noindex/CFNetwork-EH47WOZ3S7C7GWX6JN0MX7DLX.pcm
iOS simulator compile	Compile for iOS Simulator	2026-09-05T18:34:23.6501040Z 
iOS simulator compile	Compile for iOS Simulator	2026-09-05T18:34:23.6609100Z SwiftExplicitDependencyGeneratePcm arm64 /Users/runner/Library/Developer/Xcode/DerivedData/ModuleCache.noindex/CFNetwork-2GF6GF914KIFQ38MZKXVA3J7I.pcm
iOS simulator compile	Compile for iOS Simulator	2026-09-05T18:34:23.6720700Z 
iOS simulator compile	Compile for iOS Simulator	2026-09-05T18:34:23.6851060Z SwiftExplicitDependencyGeneratePcm x86_64 /Users/runner/Library/Developer/Xcode/DerivedData/ModuleCache.noindex/Security-EKG1FJ9LCU1NMJLG1J9N7731J.pcm
iOS simulator compile	Compile for iOS Simulator	2026-09-05T18:34:23.6977970Z 
iOS simulator compile	Compile for iOS Simulator	2026-09-05T18:34:23.7080610Z SwiftExplicitDependencyGeneratePcm arm64 /Users/runner/Library/Developer/Xcode/DerivedData/ModuleCache.noindex/Security-95EHSFZOAPJ358UFK25YA3AQD.pcm
iOS simulator compile	Compile for iOS Simulator	2026-09-05T18:34:23.7384040Z 
iOS simulator compile	Compile for iOS Simulator	2026-09-05T18:34:23.7485440Z SwiftExplicitDependencyGeneratePcm x86_64 /Users/runner/Library/Developer/Xcode/DerivedData/ModuleCache.noindex/ImageIO-2EGIVMQ9S0MZZJXVH3E02JJUF.pcm
iOS simulator compile	Compile for iOS Simulator	2026-09-05T18:34:23.7586680Z 
iOS simulator compile	Compile for iOS Simulator	2026-09-05T18:34:23.7688390Z SwiftExplicitDependencyGeneratePcm x86_64 /Users/runner/Library/Developer/Xcode/DerivedData/ModuleCache.noindex/CoreText-D2DI3WWYJ89UN1NUUCKAC4M4O.pcm
iOS simulator compile	Compile for iOS Simulator	2026-09-05T18:34:23.8191080Z 
iOS simulator compile	Compile for iOS Simulator	2026-09-05T18:34:23.8293120Z SwiftExplicitDependencyGeneratePcm x86_64 /Users/runner/Library/Developer/Xcode/DerivedData/ModuleCache.noindex/Foundation-ESY2KAEEFYPO2X4Q69DYH8B55.pcm
iOS simulator compile	Compile for iOS Simulator	2026-09-05T18:34:24.0449590Z 
iOS simulator compile	Compile for iOS Simulator	2026-09-05T18:34:24.0551150Z SwiftExplicitDependencyGeneratePcm arm64 /Users/runner/Library/Developer/Xcode/DerivedData/ModuleCache.noindex/Foundation-1PTEE9RGH68MBUWZNWKWC193Z.pcm
iOS simulator compile	Compile for iOS Simulator	2026-09-05T18:34:24.0752860Z 
iOS simulator compile	Compile for iOS Simulator	2026-09-05T18:34:24.0868710Z SwiftExplicitDependencyGeneratePcm arm64 /Users/runner/Library/Developer/Xcode/DerivedData/ModuleCache.noindex/CoreGraphics-BLKTZREZS9TJL5Y3Y0V3MUFRO.pcm
iOS simulator compile	Compile for iOS Simulator	2026-09-05T18:34:24.0972770Z 
iOS simulator compile	Compile for iOS Simulator	2026-09-05T18:34:24.1094160Z SwiftExplicitDependencyGeneratePcm x86_64 /Users/runner/Library/Developer/Xcode/DerivedData/ModuleCache.noindex/os-CSOGNA4VSQQETS7C6SEHT8MXZ.pcm
iOS simulator compile	Compile for iOS Simulator	2026-09-05T18:34:24.1195430Z 
iOS simulator compile	Compile for iOS Simulator	2026-09-05T18:34:24.1298960Z SwiftExplicitDependencyGeneratePcm arm64 /Users/runner/Library/Developer/Xcode/DerivedData/ModuleCache.noindex/ImageIO-1E2X9DD074CC95S3HN9D1IL5U.pcm
iOS simulator compile	Compile for iOS Simulator	2026-09-05T18:34:24.1424580Z 
iOS simulator compile	Compile for iOS Simulator	2026-09-05T18:34:24.1526160Z SwiftExplicitDependencyGeneratePcm arm64 /Users/runner/Library/Developer/Xcode/DerivedData/ModuleCache.noindex/CoreText-4EBQHS853T98K6ZTQTFX16U9I.pcm
iOS simulator compile	Compile for iOS Simulator	2026-09-05T18:34:24.1629810Z 
iOS simulator compile	Compile for iOS Simulator	2026-09-05T18:34:24.1749720Z SwiftExplicitDependencyGeneratePcm x86_64 /Users/runner/Library/Developer/Xcode/DerivedData/ModuleCache.noindex/CoreTransferable-3F6SX81N75IV2BJBW5HJBLOG5.pcm
iOS simulator compile	Compile for iOS Simulator	2026-09-05T18:34:24.1862460Z 
iOS simulator compile	Compile for iOS Simulator	2026-09-05T18:34:24.1967830Z SwiftExplicitDependencyGeneratePcm arm64 /Users/runner/Library/Developer/Xcode/DerivedData/ModuleCache.noindex/CoreData-8LDZC0X103VE8R8OBZTLG3OUC.pcm
iOS simulator compile	Compile for iOS Simulator	2026-09-05T18:34:24.2091970Z 
iOS simulator compile	Compile for iOS Simulator	2026-09-05T18:34:24.2199090Z SwiftExplicitDependencyGeneratePcm x86_64 /Users/runner/Library/Developer/Xcode/DerivedData/ModuleCache.noindex/Accessibility-D4N59F9ICM7C4V7WKZ47LFT4.pcm
iOS simulator compile	Compile for iOS Simulator	2026-09-05T18:34:24.2301150Z 
iOS simulator compile	Compile for iOS Simulator	2026-09-05T18:34:24.2402730Z SwiftExplicitDependencyGeneratePcm x86_64 /Users/runner/Library/Developer/Xcode/DerivedData/ModuleCache.noindex/UniformTypeIdentifiers-4V5BE1PPXMEYWW5KHFRD6G0UT.pcm
iOS simulator compile	Compile for iOS Simulator	2026-09-05T18:34:24.2502260Z 
iOS simulator compile	Compile for iOS Simulator	2026-09-05T18:34:24.2603950Z SwiftExplicitDependencyGeneratePcm x86_64 /Users/runner/Library/Developer/Xcode/DerivedData/ModuleCache.noindex/IOSurface-E7YQOH5U3PPLGADYBT53J3SWG.pcm
iOS simulator compile	Compile for iOS Simulator	2026-09-05T18:34:24.2703860Z 
iOS simulator compile	Compile for iOS Simulator	2026-09-05T18:34:24.2806640Z SwiftExplicitDependencyGeneratePcm arm64 /Users/runner/Library/Developer/Xcode/DerivedData/ModuleCache.noindex/UIUtilities-DXFEK0IECSX8PAMNU2S9G0GGX.pcm
iOS simulator compile	Compile for iOS Simulator	2026-09-05T18:34:24.2906260Z 
iOS simulator compile	Compile for iOS Simulator	2026-09-05T18:34:24.3008150Z SwiftExplicitDependencyGeneratePcm arm64 /Users/runner/Library/Developer/Xcode/DerivedData/ModuleCache.noindex/Network-3QROYKFIEUE3JVAFUBCFX7VVQ.pcm
iOS simulator compile	Compile for iOS Simulator	2026-09-05T18:34:24.3495210Z 
iOS simulator compile	Compile for iOS Simulator	2026-09-05T18:34:24.3596870Z SwiftExplicitDependencyGeneratePcm x86_64 /Users/runner/Library/Developer/Xcode/DerivedData/ModuleCache.noindex/Network-D98U118HGJ0BXGAKIEVHAF1CQ.pcm
iOS simulator compile	Compile for iOS Simulator	2026-09-05T18:34:24.3704140Z 
iOS simulator compile	Compile for iOS Simulator	2026-09-05T18:34:24.3818010Z SwiftExplicitDependencyGeneratePcm arm64 /Users/runner/Library/Developer/Xcode/DerivedData/ModuleCache.noindex/OpenGLES-4NKEV3L6CLUARBBYKZS70K8V.pcm
iOS simulator compile	Compile for iOS Simulator	2026-09-05T18:34:24.3941940Z 
iOS simulator compile	Compile for iOS Simulator	2026-09-05T18:34:24.4045630Z SwiftExplicitDependencyGeneratePcm x86_64 /Users/runner/Library/Developer/Xcode/DerivedData/ModuleCache.noindex/Symbols-DQ6JNDWUOVE89G0YXMYNMKUQ2.pcm
iOS simulator compile	Compile for iOS Simulator	2026-09-05T18:34:24.4284840Z 
iOS simulator compile	Compile for iOS Simulator	2026-09-05T18:34:24.4394530Z SwiftExplicitDependencyGeneratePcm arm64 /Users/runner/Library/Developer/Xcode/DerivedData/ModuleCache.noindex/IOSurface-97KA04QGQHV850AXUA05LMB58.pcm
iOS simulator compile	Compile for iOS Simulator	2026-09-05T18:34:24.4497010Z 
iOS simulator compile	Compile for iOS Simulator	2026-09-05T18:34:24.4600610Z SwiftExplicitDependencyGeneratePcm x86_64 /Users/runner/Library/Developer/Xcode/DerivedData/ModuleCache.noindex/UIUtilities-8HVPDUXSG6Y8DQFEZ5QQ2BSJP.pcm
iOS simulator compile	Compile for iOS Simulator	2026-09-05T18:34:24.4707330Z 
iOS simulator compile	Compile for iOS Simulator	2026-09-05T18:34:24.4808820Z SwiftExplicitDependencyGeneratePcm arm64 /Users/runner/Library/Developer/Xcode/DerivedData/ModuleCache.noindex/Accessibility-6RYZQOEO1N4UXHKDPKMT1D45A.pcm
iOS simulator compile	Compile for iOS Simulator	2026-09-05T18:34:24.5111030Z 
iOS simulator compile	Compile for iOS Simulator	2026-09-05T18:34:24.5214440Z SwiftExplicitDependencyGeneratePcm arm64 /Users/runner/Library/Developer/Xcode/DerivedData/ModuleCache.noindex/FileProvider-EV22JPVA1HLL2AQ1VKDPT5ACG.pcm
iOS simulator compile	Compile for iOS Simulator	2026-09-05T18:34:24.5619530Z 
iOS simulator compile	Compile for iOS Simulator	2026-09-05T18:34:24.5721070Z SwiftExplicitDependencyGeneratePcm arm64 /Users/runner/Library/Developer/Xcode/DerivedData/ModuleCache.noindex/Metal-CLJRFHE5G9CUUKBMXC13CSYDO.pcm
iOS simulator compile	Compile for iOS Simulator	2026-09-05T18:34:24.6437560Z 
iOS simulator compile	Compile for iOS Simulator	2026-09-05T18:34:24.6551560Z SwiftExplicitDependencyGeneratePcm x86_64 /Users/runner/Library/Developer/Xcode/DerivedData/ModuleCache.noindex/FileProvider-7NOMLBB93UL0JVDU6BC6HZJHY.pcm
iOS simulator compile	Compile for iOS Simulator	2026-09-05T18:34:24.6663410Z 
iOS simulator compile	Compile for iOS Simulator	2026-09-05T18:34:24.6772740Z SwiftExplicitDependencyGeneratePcm x86_64 /Users/runner/Library/Developer/Xcode/DerivedData/ModuleCache.noindex/Metal-6F4RTKFK9N7WJCNL2QGSE1L1Q.pcm
iOS simulator compile	Compile for iOS Simulator	2026-09-05T18:34:24.7665950Z 
iOS simulator compile	Compile for iOS Simulator	2026-09-05T18:34:24.7789090Z SwiftExplicitDependencyGeneratePcm arm64 /Users/runner/Library/Developer/Xcode/DerivedData/ModuleCache.noindex/Symbols-9GQ0YDSHLIVN04OWAYR6HDOHL.pcm
iOS simulator compile	Compile for iOS Simulator	2026-09-05T18:34:24.7893530Z 
iOS simulator compile	Compile for iOS Simulator	2026-09-05T18:34:24.7995250Z SwiftExplicitDependencyGeneratePcm arm64 /Users/runner/Library/Developer/Xcode/DerivedData/ModuleCache.noindex/UniformTypeIdentifiers-47LTBOG29G6NM2EM2NGT5R1T6.pcm
iOS simulator compile	Compile for iOS Simulator	2026-09-05T18:34:24.8097530Z 
iOS simulator compile	Compile for iOS Simulator	2026-09-05T18:34:24.8220050Z SwiftExplicitDependencyGeneratePcm arm64 /Users/runner/Library/Developer/Xcode/DerivedData/ModuleCache.noindex/CoreVideo-4QFECY7SPZQ1AQJAIUXCZ4GFZ.pcm
iOS simulator compile	Compile for iOS Simulator	2026-09-05T18:34:24.8321630Z 
iOS simulator compile	Compile for iOS Simulator	2026-09-05T18:34:24.8436070Z SwiftExplicitDependencyGeneratePcm x86_64 /Users/runner/Library/Developer/Xcode/DerivedData/ModuleCache.noindex/OpenGLES-2OJ75NWPVE8F95E4MEJLKC4X4.pcm
iOS simulator compile	Compile for iOS Simulator	2026-09-05T18:34:24.8587590Z 
iOS simulator compile	Compile for iOS Simulator	2026-09-05T18:34:24.8697320Z SwiftExplicitDependencyGeneratePcm x86_64 /Users/runner/Library/Developer/Xcode/DerivedData/ModuleCache.noindex/CoreData-AFWTX83G7HFRXS673JYS1LKRB.pcm
iOS simulator compile	Compile for iOS Simulator	2026-09-05T18:34:24.8856680Z 
iOS simulator compile	Compile for iOS Simulator	2026-09-05T18:34:24.8958230Z SwiftExplicitDependencyGeneratePcm x86_64 /Users/runner/Library/Developer/Xcode/DerivedData/ModuleCache.noindex/UserNotifications-3TUU4QNPOS633T6WQIZN6USFT.pcm
iOS simulator compile	Compile for iOS Simulator	2026-09-05T18:34:24.9073900Z 
iOS simulator compile	Compile for iOS Simulator	2026-09-05T18:34:24.9179210Z SwiftExplicitDependencyGeneratePcm arm64 /Users/runner/Library/Developer/Xcode/DerivedData/ModuleCache.noindex/QuartzCore-66AHQ13MM6PSTBWUZAIY7XCW9.pcm
iOS simulator compile	Compile for iOS Simulator	2026-09-05T18:34:24.9722440Z 
iOS simulator compile	Compile for iOS Simulator	2026-09-05T18:34:24.9825940Z SwiftExplicitDependencyGeneratePcm x86_64 /Users/runner/Library/Developer/Xcode/DerivedData/ModuleCache.noindex/CoreVideo-9FR5O68YZAFEGZNM2GCV3OB8X.pcm
iOS simulator compile	Compile for iOS Simulator	2026-09-05T18:34:24.9925870Z 
iOS simulator compile	Compile for iOS Simulator	2026-09-05T18:34:25.0028370Z SwiftExplicitDependencyGeneratePcm x86_64 /Users/runner/Library/Developer/Xcode/DerivedData/ModuleCache.noindex/DataDetection-B7JC3NYB9T5LVJBB8HSGR4UDD.pcm
iOS simulator compile	Compile for iOS Simulator	2026-09-05T18:34:25.0130000Z 
iOS simulator compile	Compile for iOS Simulator	2026-09-05T18:34:25.0241980Z SwiftExplicitDependencyGeneratePcm arm64 /Users/runner/Library/Developer/Xcode/DerivedData/ModuleCache.noindex/DataDetection-6SYUEZOG1HRAXQ176ZCACSYXQ.pcm
iOS simulator compile	Compile for iOS Simulator	2026-09-05T18:34:25.0344040Z 
iOS simulator compile	Compile for iOS Simulator	2026-09-05T18:34:25.0465910Z SwiftExplicitDependencyGeneratePcm arm64 /Users/runner/Library/Developer/Xcode/DerivedData/ModuleCache.noindex/CoreTransferable-ATYR50YZ8UXEMVZ0C414V2ATZ.pcm
iOS simulator compile	Compile for iOS Simulator	2026-09-05T18:34:25.0567310Z 
iOS simulator compile	Compile for iOS Simulator	2026-09-05T18:34:25.0672360Z SwiftExplicitDependencyGeneratePcm x86_64 /Users/runner/Library/Developer/Xcode/DerivedData/ModuleCache.noindex/QuartzCore-4VYWPRYGW7LOLX2FIR42JMSJX.pcm
iOS simulator compile	Compile for iOS Simulator	2026-09-05T18:34:25.0874510Z 
iOS simulator compile	Compile for iOS Simulator	2026-09-05T18:34:25.1011440Z SwiftExplicitDependencyGeneratePcm x86_64 /Users/runner/Library/Developer/Xcode/DerivedData/ModuleCache.noindex/CoreImage-1QP1IRJKH4IQWUEWSMDL1BYA.pcm
iOS simulator compile	Compile for iOS Simulator	2026-09-05T18:34:25.1532420Z 
iOS simulator compile	Compile for iOS Simulator	2026-09-05T18:34:25.1651550Z SwiftExplicitDependencyGeneratePcm arm64 /Users/runner/Library/Developer/Xcode/DerivedData/ModuleCache.noindex/SwiftUICore-4XCD93VCTZTA0381JBAMF03NF.pcm
iOS simulator compile	Compile for iOS Simulator	2026-09-05T18:34:25.1752750Z 
iOS simulator compile	Compile for iOS Simulator	2026-09-05T18:34:25.1854080Z SwiftExplicitDependencyGeneratePcm arm64 /Users/runner/Library/Developer/Xcode/DerivedData/ModuleCache.noindex/OSLog-JELT6ZLAXSAQA917ROMIQAQD.pcm
iOS simulator compile	Compile for iOS Simulator	2026-09-05T18:34:25.1965220Z 
iOS simulator compile	Compile for iOS Simulator	2026-09-05T18:34:25.2066750Z SwiftExplicitDependencyGeneratePcm x86_64 /Users/runner/Library/Developer/Xcode/DerivedData/ModuleCache.noindex/SwiftUICore-EVAPEM8AR0SUSLVBR623C4XH0.pcm
iOS simulator compile	Compile for iOS Simulator	2026-09-05T18:34:25.2178130Z 
iOS simulator compile	Compile for iOS Simulator	2026-09-05T18:34:25.2280320Z SwiftExplicitDependencyGeneratePcm arm64 /Users/runner/Library/Developer/Xcode/DerivedData/ModuleCache.noindex/UserNotifications-7P7MEL69A4HM1XOO31HBWLEPC.pcm
iOS simulator compile	Compile for iOS Simulator	2026-09-05T18:34:25.2382090Z 
iOS simulator compile	Compile for iOS Simulator	2026-09-05T18:34:25.2484380Z SwiftExplicitDependencyGeneratePcm x86_64 /Users/runner/Library/Developer/Xcode/DerivedData/ModuleCache.noindex/UIKit-ESRQH9CONQ7QAQ4OTS4H9VXXI.pcm
iOS simulator compile	Compile for iOS Simulator	2026-09-05T18:34:25.8073770Z 
iOS simulator compile	Compile for iOS Simulator	2026-09-05T18:34:25.8210700Z SwiftExplicitDependencyGeneratePcm arm64 /Users/runner/Library/Developer/Xcode/DerivedData/ModuleCache.noindex/CoreImage-2XOWYSEH6N8WXT2PHC5R1THSB.pcm
iOS simulator compile	Compile for iOS Simulator	2026-09-05T18:34:25.8316760Z 
iOS simulator compile	Compile for iOS Simulator	2026-09-05T18:34:25.8418160Z SwiftExplicitDependencyGeneratePcm x86_64 /Users/runner/Library/Developer/Xcode/DerivedData/ModuleCache.noindex/OSLog-1HRW84YGA0B6U6Q2M0W2J6XDN.pcm
iOS simulator compile	Compile for iOS Simulator	2026-09-05T18:34:25.8525090Z 
iOS simulator compile	Compile for iOS Simulator	2026-09-05T18:34:25.8628010Z SwiftExplicitDependencyGeneratePcm arm64 /Users/runner/Library/Developer/Xcode/DerivedData/ModuleCache.noindex/UIKit-CVDQ4ZFZ3C09E3QHZA1IQWWUB.pcm
iOS simulator compile	Compile for iOS Simulator	2026-09-05T18:34:25.9374990Z 
iOS simulator compile	Compile for iOS Simulator	2026-09-05T18:34:25.9478480Z SwiftExplicitDependencyGeneratePcm x86_64 /Users/runner/Library/Developer/Xcode/DerivedData/ModuleCache.noindex/WebKit-8SDRTVPHSV6V4FD93ZM1EYLAP.pcm
iOS simulator compile	Compile for iOS Simulator	2026-09-05T18:34:25.9755240Z 
iOS simulator compile	Compile for iOS Simulator	2026-09-05T18:34:25.9856750Z SwiftExplicitDependencyGeneratePcm x86_64 /Users/runner/Library/Developer/Xcode/DerivedData/ModuleCache.noindex/SwiftUI-1L23XJ0HI83YT7SIYALMMW5PZ.pcm
iOS simulator compile	Compile for iOS Simulator	2026-09-05T18:34:25.9960140Z 
iOS simulator compile	Compile for iOS Simulator	2026-09-05T18:34:26.0061650Z SwiftExplicitDependencyGeneratePcm arm64 /Users/runner/Library/Developer/Xcode/DerivedData/ModuleCache.noindex/SwiftUI-21HO5GXGWMPI9BSAIULZAIM08.pcm
iOS simulator compile	Compile for iOS Simulator	2026-09-05T18:34:26.0162920Z 
iOS simulator compile	Compile for iOS Simulator	2026-09-05T18:34:26.0264720Z SwiftExplicitDependencyGeneratePcm arm64 /Users/runner/Library/Developer/Xcode/DerivedData/ModuleCache.noindex/WebKit-CNPFIOQZVA6BCEZV06CB2DEWL.pcm
iOS simulator compile	Compile for iOS Simulator	2026-09-05T18:34:26.0741740Z 
iOS simulator compile	Compile for iOS Simulator	2026-09-05T18:34:26.0843320Z SwiftEmitModule normal x86_64 Emitting\ module\ for\ PastelRTS (in target 'PastelRTS' from project 'PastelRTS')
iOS simulator compile	Compile for iOS Simulator	2026-09-05T18:34:26.0945410Z EmitSwiftModule normal x86_64 (in target 'PastelRTS' from project 'PastelRTS')
iOS simulator compile	Compile for iOS Simulator	2026-09-05T18:34:26.1050240Z     cd /Users/runner/work/pastel-rts/pastel-rts/apps/ios-shell
iOS simulator compile	Compile for iOS Simulator	2026-09-05T18:34:26.1150820Z     
iOS simulator compile	Compile for iOS Simulator	2026-09-05T18:34:26.3437290Z 
iOS simulator compile	Compile for iOS Simulator	2026-09-05T18:34:26.3541170Z SwiftCompile normal x86_64 Compiling\ PastelRTSApp.swift,\ PastelSchemeHandler.swift /Users/runner/work/pastel-rts/pastel-rts/apps/ios-shell/PastelRTS/PastelRTSApp.swift /Users/runner/work/pastel-rts/pastel-rts/apps/ios-shell/PastelRTS/PastelSchemeHandler.swift (in target 'PastelRTS' from project 'PastelRTS')
iOS simulator compile	Compile for iOS Simulator	2026-09-05T18:34:26.3649630Z SwiftCompile normal x86_64 /Users/runner/work/pastel-rts/pastel-rts/apps/ios-shell/PastelRTS/PastelRTSApp.swift (in target 'PastelRTS' from project 'PastelRTS')
iOS simulator compile	Compile for iOS Simulator	2026-09-05T18:34:26.3751070Z     cd /Users/runner/work/pastel-rts/pastel-rts/apps/ios-shell
iOS simulator compile	Compile for iOS Simulator	2026-09-05T18:34:26.3851390Z     
iOS simulator compile	Compile for iOS Simulator	2026-09-05T18:34:31.0030350Z 
iOS simulator compile	Compile for iOS Simulator	2026-09-05T18:34:31.0138660Z SwiftCompile normal x86_64 /Users/runner/work/pastel-rts/pastel-rts/apps/ios-shell/PastelRTS/PastelSchemeHandler.swift (in target 'PastelRTS' from project 'PastelRTS')
iOS simulator compile	Compile for iOS Simulator	2026-09-05T18:34:31.0242720Z     cd /Users/runner/work/pastel-rts/pastel-rts/apps/ios-shell
iOS simulator compile	Compile for iOS Simulator	2026-09-05T18:34:31.0355430Z     
iOS simulator compile	Compile for iOS Simulator	2026-09-05T18:34:31.0489560Z 
iOS simulator compile	Compile for iOS Simulator	2026-09-05T18:34:31.2965480Z SwiftCompile normal x86_64 Compiling\ GameWebView.swift,\ NativeBridge.swift /Users/runner/work/pastel-rts/pastel-rts/apps/ios-shell/PastelRTS/GameWebView.swift /Users/runner/work/pastel-rts/pastel-rts/apps/ios-shell/PastelRTS/NativeBridge.swift (in target 'PastelRTS' from project 'PastelRTS')
iOS simulator compile	Compile for iOS Simulator	2026-09-05T18:34:31.3089050Z 
iOS simulator compile	Compile for iOS Simulator	2026-09-05T18:34:31.3212040Z SwiftCompile normal x86_64 /Users/runner/work/pastel-rts/pastel-rts/apps/ios-shell/PastelRTS/GameWebView.swift (in target 'PastelRTS' from project 'PastelRTS')
iOS simulator compile	Compile for iOS Simulator	2026-09-05T18:34:31.3351360Z     cd /Users/runner/work/pastel-rts/pastel-rts/apps/ios-shell
iOS simulator compile	Compile for iOS Simulator	2026-09-05T18:34:31.3467630Z     
iOS simulator compile	Compile for iOS Simulator	2026-09-05T18:34:31.3576970Z 
iOS simulator compile	Compile for iOS Simulator	2026-09-05T18:34:31.3700050Z SwiftCompile normal x86_64 /Users/runner/work/pastel-rts/pastel-rts/apps/ios-shell/PastelRTS/NativeBridge.swift (in target 'PastelRTS' from project 'PastelRTS')
iOS simulator compile	Compile for iOS Simulator	2026-09-05T18:34:31.3802080Z     cd /Users/runner/work/pastel-rts/pastel-rts/apps/ios-shell
iOS simulator compile	Compile for iOS Simulator	2026-09-05T18:34:31.3903490Z     
iOS simulator compile	Compile for iOS Simulator	2026-09-05T18:34:31.3903800Z 
iOS simulator compile	Compile for iOS Simulator	2026-09-05T18:34:31.4005000Z SwiftEmitModule normal arm64 Emitting\ module\ for\ PastelRTS (in target 'PastelRTS' from project 'PastelRTS')
iOS simulator compile	Compile for iOS Simulator	2026-09-05T18:34:31.4105990Z 
iOS simulator compile	Compile for iOS Simulator	2026-09-05T18:34:31.4207100Z EmitSwiftModule normal arm64 (in target 'PastelRTS' from project 'PastelRTS')
iOS simulator compile	Compile for iOS Simulator	2026-09-05T18:34:31.4308400Z     cd /Users/runner/work/pastel-rts/pastel-rts/apps/ios-shell
iOS simulator compile	Compile for iOS Simulator	2026-09-05T18:34:31.4409950Z     
iOS simulator compile	Compile for iOS Simulator	2026-09-05T18:34:31.4510780Z 
iOS simulator compile	Compile for iOS Simulator	2026-09-05T18:34:31.4612040Z SwiftDriverJobDiscovery normal x86_64 Emitting module for PastelRTS (in target 'PastelRTS' from project 'PastelRTS')
iOS simulator compile	Compile for iOS Simulator	2026-09-05T18:34:31.4713010Z 
iOS simulator compile	Compile for iOS Simulator	2026-09-05T18:34:31.4814430Z SwiftDriver\ Compilation\ Requirements PastelRTS normal x86_64 com.apple.xcode.tools.swift.compiler (in target 'PastelRTS' from project 'PastelRTS')
iOS simulator compile	Compile for iOS Simulator	2026-09-05T18:34:31.4916120Z     cd /Users/runner/work/pastel-rts/pastel-rts/apps/ios-shell
iOS simulator compile	Compile for iOS Simulator	2026-09-05T18:34:31.5037680Z     builtin-Swift-Compilation-Requirements -- /Applications/Xcode_26.6.app/Contents/Developer/Toolchains/XcodeDefault.xctoolchain/usr/bin/swiftc -module-name PastelRTS -Onone @/Users/runner/Library/Developer/Xcode/DerivedData/PastelRTS-bnhetfgajalhxehbeatskrbzzzjp/Build/Intermediates.noindex/PastelRTS.build/Debug-iphonesimulator/PastelRTS.build/Objects-normal/x86_64/PastelRTS.SwiftFileList -DDEBUG -enable-bare-slash-regex -enable-experimental-feature DebugDescriptionMacro -sdk /Applications/Xcode_26.6.app/Contents/Developer/Platforms/iPhoneSimulator.platform/Developer/SDKs/iPhoneSimulator26.5.sdk -target x86_64-apple-ios17.0-simulator -g -module-cache-path /Users/runner/Library/Developer/Xcode/DerivedData/ModuleCache.noindex -Xfrontend -serialize-debugging-options -enable-testing -index-store-path /Users/runner/Library/Developer/Xcode/DerivedData/PastelRTS-bnhetfgajalhxehbeatskrbzzzjp/Index.noindex/DataStore -Xcc -D_LIBCPP_HARDENING_MODE\=_LIBCPP_HARDENING_MODE_DEBUG -swift-version 5 -I /Users/runner/Library/Developer/Xcode/DerivedData/PastelRTS-bnhetfgajalhxehbeatskrbzzzjp/Build/Products/Debug-iphonesimulator -F /Users/runner/Library/Developer/Xcode/DerivedData/PastelRTS-bnhetfgajalhxehbeatskrbzzzjp/Build/Products/Debug-iphonesimulator -c -j3 -enable-batch-mode -incremental -Xcc -ivfsstatcache -Xcc /Users/runner/Library/Developer/Xcode/DerivedData/SDKStatCaches.noindex/iphonesimulator26.5-23F81a-688ef53f1462e2c8f657fdc38a81448ff45c64a1807a658693f2a61704f17a36.sdkstatcache -output-file-map /Users/runner/Library/Developer/Xcode/DerivedData/PastelRTS-bnhetfgajalhxehbeatskrbzzzjp/Build/Intermediates.noindex/PastelRTS.build/Debug-iphonesimulator/PastelRTS.build/Objects-normal/x86_64/PastelRTS-OutputFileMap.json -use-frontend-parseable-output -save-temps -no-color-diagnostics -explicit-module-build -module-cache-path /Users/runner/Library/Developer/Xcode/DerivedData/PastelRTS-bnhetfgajalhxehbeatskrbzzzjp/Build/Intermediates.noindex/SwiftExplicitPrecompiledModules -clang-scanner-module-cache-path /Users/runner/Library/Developer/Xcode/DerivedData/ModuleCache.noindex -sdk-module-cache-path /Users/runner/Library/Developer/Xcode/DerivedData/ModuleCache.noindex -serialize-diagnostics -emit-dependencies -emit-module -emit-module-path /Users/runner/Library/Developer/Xcode/DerivedData/PastelRTS-bnhetfgajalhxehbeatskrbzzzjp/Build/Intermediates.noindex/PastelRTS.build/Debug-iphonesimulator/PastelRTS.build/Objects-normal/x86_64/PastelRTS.swiftmodule -validate-clang-modules-once -clang-build-session-file /Users/runner/Library/Developer/Xcode/DerivedData/ModuleCache.noindex/Session.modulevalidation -Xcc -I/Users/runner/Library/Developer/Xcode/DerivedData/PastelRTS-bnhetfgajalhxehbeatskrbzzzjp/Build/Intermediates.noindex/PastelRTS.build/Debug-iphonesimulator/PastelRTS.build/swift-overrides.hmap -emit-const-values -Xfrontend -const-gather-protocols-file -Xfrontend /Users/runner/Library/Developer/Xcode/DerivedData/PastelRTS-bnhetfgajalhxehbeatskrbzzzjp/Build/Intermediates.noindex/PastelRTS.build/Debug-iphonesimulator/PastelRTS.build/Objects-normal/x86_64/PastelRTS_const_extract_protocols.json -Xcc -iquote -Xcc /Users/runner/Library/Developer/Xcode/DerivedData/PastelRTS-bnhetfgajalhxehbeatskrbzzzjp/Build/Intermediates.noindex/PastelRTS.build/Debug-iphonesimulator/PastelRTS.build/PastelRTS-generated-files.hmap -Xcc -I/Users/runner/Library/Developer/Xcode/DerivedData/PastelRTS-bnhetfgajalhxehbeatskrbzzzjp/Build/Intermediates.noindex/PastelRTS.build/Debug-iphonesimulator/PastelRTS.build/PastelRTS-own-target-headers.hmap -Xcc -I/Users/runner/Library/Developer/Xcode/DerivedData/PastelRTS-bnhetfgajalhxehbeatskrbzzzjp/Build/Intermediates.noindex/PastelRTS.build/Debug-iphonesimulator/PastelRTS.build/PastelRTS-all-target-headers.hmap -Xcc -iquote -Xcc /Users/runner/Library/Developer/Xcode/DerivedData/PastelRTS-bnhetfgajalhxehbeatskrbzzzjp/Build/Intermediates.noindex/PastelRTS.build/Debug-iphonesimulator/PastelRTS.build/PastelRTS-project-headers.hmap -Xcc -I/Users/runner/Library/Developer/Xcode/DerivedData/PastelRTS-bnhetfgajalhxehbeatskrbzzzjp/Build/Products/Debug-iphonesimulator/include -Xcc -I/Users/runner/Library/Developer/Xcode/DerivedData/PastelRTS-bnhetfgajalhxehbeatskrbzzzjp/Build/Intermediates.noindex/PastelRTS.build/Debug-iphonesimulator/PastelRTS.build/DerivedSources-normal/x86_64 -Xcc -I/Users/runner/Library/Developer/Xcode/DerivedData/PastelRTS-bnhetfgajalhxehbeatskrbzzzjp/Build/Intermediates.noindex/PastelRTS.build/Debug-iphonesimulator/PastelRTS.build/DerivedSources/x86_64 -Xcc -I/Users/runner/Library/Developer/Xcode/DerivedData/PastelRTS-bnhetfgajalhxehbeatskrbzzzjp/Build/Intermediates.noindex/PastelRTS.build/Debug-iphonesimulator/PastelRTS.build/DerivedSources -Xcc -DDEBUG\=1 -emit-objc-header -emit-objc-header-path /Users/runner/Library/Developer/Xcode/DerivedData/PastelRTS-bnhetfgajalhxehbeatskrbzzzjp/Build/Intermediates.noindex/PastelRTS.build/Debug-iphonesimulator/PastelRTS.build/Objects-normal/x86_64/PastelRTS-Swift.h -working-directory /Users/runner/work/pastel-rts/pastel-rts/apps/ios-shell -experimental-emit-module-separately -disable-cmo
iOS simulator compile	Compile for iOS Simulator	2026-09-05T18:34:31.5182640Z 
iOS simulator compile	Compile for iOS Simulator	2026-09-05T18:34:31.5284440Z SwiftDriverJobDiscovery normal arm64 Emitting module for PastelRTS (in target 'PastelRTS' from project 'PastelRTS')
iOS simulator compile	Compile for iOS Simulator	2026-09-05T18:34:31.5387210Z 
iOS simulator compile	Compile for iOS Simulator	2026-09-05T18:34:31.5500400Z SwiftDriver\ Compilation\ Requirements PastelRTS normal arm64 com.apple.xcode.tools.swift.compiler (in target 'PastelRTS' from project 'PastelRTS')
iOS simulator compile	Compile for iOS Simulator	2026-09-05T18:34:31.5602350Z     cd /Users/runner/work/pastel-rts/pastel-rts/apps/ios-shell
iOS simulator compile	Compile for iOS Simulator	2026-09-05T18:34:31.5750020Z     builtin-Swift-Compilation-Requirements -- /Applications/Xcode_26.6.app/Contents/Developer/Toolchains/XcodeDefault.xctoolchain/usr/bin/swiftc -module-name PastelRTS -Onone @/Users/runner/Library/Developer/Xcode/DerivedData/PastelRTS-bnhetfgajalhxehbeatskrbzzzjp/Build/Intermediates.noindex/PastelRTS.build/Debug-iphonesimulator/PastelRTS.build/Objects-normal/arm64/PastelRTS.SwiftFileList -DDEBUG -enable-bare-slash-regex -enable-experimental-feature DebugDescriptionMacro -sdk /Applications/Xcode_26.6.app/Contents/Developer/Platforms/iPhoneSimulator.platform/Developer/SDKs/iPhoneSimulator26.5.sdk -target arm64-apple-ios17.0-simulator -g -module-cache-path /Users/runner/Library/Developer/Xcode/DerivedData/ModuleCache.noindex -Xfrontend -serialize-debugging-options -enable-testing -index-store-path /Users/runner/Library/Developer/Xcode/DerivedData/PastelRTS-bnhetfgajalhxehbeatskrbzzzjp/Index.noindex/DataStore -Xcc -D_LIBCPP_HARDENING_MODE\=_LIBCPP_HARDENING_MODE_DEBUG -swift-version 5 -I /Users/runner/Library/Developer/Xcode/DerivedData/PastelRTS-bnhetfgajalhxehbeatskrbzzzjp/Build/Products/Debug-iphonesimulator -F /Users/runner/Library/Developer/Xcode/DerivedData/PastelRTS-bnhetfgajalhxehbeatskrbzzzjp/Build/Products/Debug-iphonesimulator -c -j3 -enable-batch-mode -incremental -Xcc -ivfsstatcache -Xcc /Users/runner/Library/Developer/Xcode/DerivedData/SDKStatCaches.noindex/iphonesimulator26.5-23F81a-688ef53f1462e2c8f657fdc38a81448ff45c64a1807a658693f2a61704f17a36.sdkstatcache -output-file-map /Users/runner/Library/Developer/Xcode/DerivedData/PastelRTS-bnhetfgajalhxehbeatskrbzzzjp/Build/Intermediates.noindex/PastelRTS.build/Debug-iphonesimulator/PastelRTS.build/Objects-normal/arm64/PastelRTS-OutputFileMap.json -use-frontend-parseable-output -save-temps -no-color-diagnostics -explicit-module-build -module-cache-path /Users/runner/Library/Developer/Xcode/DerivedData/PastelRTS-bnhetfgajalhxehbeatskrbzzzjp/Build/Intermediates.noindex/SwiftExplicitPrecompiledModules -clang-scanner-module-cache-path /Users/runner/Library/Developer/Xcode/DerivedData/ModuleCache.noindex -sdk-module-cache-path /Users/runner/Library/Developer/Xcode/DerivedData/ModuleCache.noindex -serialize-diagnostics -emit-dependencies -emit-module -emit-module-path /Users/runner/Library/Developer/Xcode/DerivedData/PastelRTS-bnhetfgajalhxehbeatskrbzzzjp/Build/Intermediates.noindex/PastelRTS.build/Debug-iphonesimulator/PastelRTS.build/Objects-normal/arm64/PastelRTS.swiftmodule -validate-clang-modules-once -clang-build-session-file /Users/runner/Library/Developer/Xcode/DerivedData/ModuleCache.noindex/Session.modulevalidation -Xcc -I/Users/runner/Library/Developer/Xcode/DerivedData/PastelRTS-bnhetfgajalhxehbeatskrbzzzjp/Build/Intermediates.noindex/PastelRTS.build/Debug-iphonesimulator/PastelRTS.build/swift-overrides.hmap -emit-const-values -Xfrontend -const-gather-protocols-file -Xfrontend /Users/runner/Library/Developer/Xcode/DerivedData/PastelRTS-bnhetfgajalhxehbeatskrbzzzjp/Build/Intermediates.noindex/PastelRTS.build/Debug-iphonesimulator/PastelRTS.build/Objects-normal/arm64/PastelRTS_const_extract_protocols.json -Xcc -iquote -Xcc /Users/runner/Library/Developer/Xcode/DerivedData/PastelRTS-bnhetfgajalhxehbeatskrbzzzjp/Build/Intermediates.noindex/PastelRTS.build/Debug-iphonesimulator/PastelRTS.build/PastelRTS-generated-files.hmap -Xcc -I/Users/runner/Library/Developer/Xcode/DerivedData/PastelRTS-bnhetfgajalhxehbeatskrbzzzjp/Build/Intermediates.noindex/PastelRTS.build/Debug-iphonesimulator/PastelRTS.build/PastelRTS-own-target-headers.hmap -Xcc -I/Users/runner/Library/Developer/Xcode/DerivedData/PastelRTS-bnhetfgajalhxehbeatskrbzzzjp/Build/Intermediates.noindex/PastelRTS.build/Debug-iphonesimulator/PastelRTS.build/PastelRTS-all-target-headers.hmap -Xcc -iquote -Xcc /Users/runner/Library/Developer/Xcode/DerivedData/PastelRTS-bnhetfgajalhxehbeatskrbzzzjp/Build/Intermediates.noindex/PastelRTS.build/Debug-iphonesimulator/PastelRTS.build/PastelRTS-project-headers.hmap -Xcc -I/Users/runner/Library/Developer/Xcode/DerivedData/PastelRTS-bnhetfgajalhxehbeatskrbzzzjp/Build/Products/Debug-iphonesimulator/include -Xcc -I/Users/runner/Library/Developer/Xcode/DerivedData/PastelRTS-bnhetfgajalhxehbeatskrbzzzjp/Build/Intermediates.noindex/PastelRTS.build/Debug-iphonesimulator/PastelRTS.build/DerivedSources-normal/arm64 -Xcc -I/Users/runner/Library/Developer/Xcode/DerivedData/PastelRTS-bnhetfgajalhxehbeatskrbzzzjp/Build/Intermediates.noindex/PastelRTS.build/Debug-iphonesimulator/PastelRTS.build/DerivedSources/arm64 -Xcc -I/Users/runner/Library/Developer/Xcode/DerivedData/PastelRTS-bnhetfgajalhxehbeatskrbzzzjp/Build/Intermediates.noindex/PastelRTS.build/Debug-iphonesimulator/PastelRTS.build/DerivedSources -Xcc -DDEBUG\=1 -emit-objc-header -emit-objc-header-path /Users/runner/Library/Developer/Xcode/DerivedData/PastelRTS-bnhetfgajalhxehbeatskrbzzzjp/Build/Intermediates.noindex/PastelRTS.build/Debug-iphonesimulator/PastelRTS.build/Objects-normal/arm64/PastelRTS-Swift.h -working-directory /Users/runner/work/pastel-rts/pastel-rts/apps/ios-shell -experimental-emit-module-separately -disable-cmo
iOS simulator compile	Compile for iOS Simulator	2026-09-05T18:34:31.5883690Z 
iOS simulator compile	Compile for iOS Simulator	2026-09-05T18:34:31.6008860Z Copy /Users/runner/Library/Developer/Xcode/DerivedData/PastelRTS-bnhetfgajalhxehbeatskrbzzzjp/Build/Products/Debug-iphonesimulator/PastelRTS.swiftmodule/x86_64-apple-ios-simulator.swiftmodule /Users/runner/Library/Developer/Xcode/DerivedData/PastelRTS-bnhetfgajalhxehbeatskrbzzzjp/Build/Intermediates.noindex/PastelRTS.build/Debug-iphonesimulator/PastelRTS.build/Objects-normal/x86_64/PastelRTS.swiftmodule (in target 'PastelRTS' from project 'PastelRTS')
iOS simulator compile	Compile for iOS Simulator	2026-09-05T18:34:31.6115560Z     cd /Users/runner/work/pastel-rts/pastel-rts/apps/ios-shell
iOS simulator compile	Compile for iOS Simulator	2026-09-05T18:34:31.6218610Z     builtin-copy -exclude .DS_Store -exclude CVS -exclude .svn -exclude .git -exclude .hg -resolve-src-symlinks -rename /Users/runner/Library/Developer/Xcode/DerivedData/PastelRTS-bnhetfgajalhxehbeatskrbzzzjp/Build/Intermediates.noindex/PastelRTS.build/Debug-iphonesimulator/PastelRTS.build/Objects-normal/x86_64/PastelRTS.swiftmodule /Users/runner/Library/Developer/Xcode/DerivedData/PastelRTS-bnhetfgajalhxehbeatskrbzzzjp/Build/Products/Debug-iphonesimulator/PastelRTS.swiftmodule/x86_64-apple-ios-simulator.swiftmodule
iOS simulator compile	Compile for iOS Simulator	2026-09-05T18:34:31.6321360Z 
iOS simulator compile	Compile for iOS Simulator	2026-09-05T18:34:31.6424290Z Copy /Users/runner/Library/Developer/Xcode/DerivedData/PastelRTS-bnhetfgajalhxehbeatskrbzzzjp/Build/Products/Debug-iphonesimulator/PastelRTS.swiftmodule/x86_64-apple-ios-simulator.swiftdoc /Users/runner/Library/Developer/Xcode/DerivedData/PastelRTS-bnhetfgajalhxehbeatskrbzzzjp/Build/Intermediates.noindex/PastelRTS.build/Debug-iphonesimulator/PastelRTS.build/Objects-normal/x86_64/PastelRTS.swiftdoc (in target 'PastelRTS' from project 'PastelRTS')
iOS simulator compile	Compile for iOS Simulator	2026-09-05T18:34:31.6522840Z     cd /Users/runner/work/pastel-rts/pastel-rts/apps/ios-shell
iOS simulator compile	Compile for iOS Simulator	2026-09-05T18:34:31.6626470Z     builtin-copy -exclude .DS_Store -exclude CVS -exclude .svn -exclude .git -exclude .hg -resolve-src-symlinks -rename /Users/runner/Library/Developer/Xcode/DerivedData/PastelRTS-bnhetfgajalhxehbeatskrbzzzjp/Build/Intermediates.noindex/PastelRTS.build/Debug-iphonesimulator/PastelRTS.build/Objects-normal/x86_64/PastelRTS.swiftdoc /Users/runner/Library/Developer/Xcode/DerivedData/PastelRTS-bnhetfgajalhxehbeatskrbzzzjp/Build/Products/Debug-iphonesimulator/PastelRTS.swiftmodule/x86_64-apple-ios-simulator.swiftdoc
iOS simulator compile	Compile for iOS Simulator	2026-09-05T18:34:31.6724630Z 
iOS simulator compile	Compile for iOS Simulator	2026-09-05T18:34:31.6828810Z SwiftMergeGeneratedHeaders /Users/runner/Library/Developer/Xcode/DerivedData/PastelRTS-bnhetfgajalhxehbeatskrbzzzjp/Build/Intermediates.noindex/PastelRTS.build/Debug-iphonesimulator/PastelRTS.build/DerivedSources/PastelRTS-Swift.h /Users/runner/Library/Developer/Xcode/DerivedData/PastelRTS-bnhetfgajalhxehbeatskrbzzzjp/Build/Intermediates.noindex/PastelRTS.build/Debug-iphonesimulator/PastelRTS.build/Objects-normal/arm64/PastelRTS-Swift.h /Users/runner/Library/Developer/Xcode/DerivedData/PastelRTS-bnhetfgajalhxehbeatskrbzzzjp/Build/Intermediates.noindex/PastelRTS.build/Debug-iphonesimulator/PastelRTS.build/Objects-normal/x86_64/PastelRTS-Swift.h (in target 'PastelRTS' from project 'PastelRTS')
iOS simulator compile	Compile for iOS Simulator	2026-09-05T18:34:31.6927910Z     cd /Users/runner/work/pastel-rts/pastel-rts/apps/ios-shell
iOS simulator compile	Compile for iOS Simulator	2026-09-05T18:34:31.7031580Z     builtin-swiftHeaderTool -arch arm64 /Users/runner/Library/Developer/Xcode/DerivedData/PastelRTS-bnhetfgajalhxehbeatskrbzzzjp/Build/Intermediates.noindex/PastelRTS.build/Debug-iphonesimulator/PastelRTS.build/Objects-normal/arm64/PastelRTS-Swift.h -arch x86_64 /Users/runner/Library/Developer/Xcode/DerivedData/PastelRTS-bnhetfgajalhxehbeatskrbzzzjp/Build/Intermediates.noindex/PastelRTS.build/Debug-iphonesimulator/PastelRTS.build/Objects-normal/x86_64/PastelRTS-Swift.h -o /Users/runner/Library/Developer/Xcode/DerivedData/PastelRTS-bnhetfgajalhxehbeatskrbzzzjp/Build/Intermediates.noindex/PastelRTS.build/Debug-iphonesimulator/PastelRTS.build/DerivedSources/PastelRTS-Swift.h
iOS simulator compile	Compile for iOS Simulator	2026-09-05T18:34:31.7132610Z 
iOS simulator compile	Compile for iOS Simulator	2026-09-05T18:34:31.7235600Z Copy /Users/runner/Library/Developer/Xcode/DerivedData/PastelRTS-bnhetfgajalhxehbeatskrbzzzjp/Build/Products/Debug-iphonesimulator/PastelRTS.swiftmodule/x86_64-apple-ios-simulator.abi.json /Users/runner/Library/Developer/Xcode/DerivedData/PastelRTS-bnhetfgajalhxehbeatskrbzzzjp/Build/Intermediates.noindex/PastelRTS.build/Debug-iphonesimulator/PastelRTS.build/Objects-normal/x86_64/PastelRTS.abi.json (in target 'PastelRTS' from project 'PastelRTS')
iOS simulator compile	Compile for iOS Simulator	2026-09-05T18:34:31.7334080Z     cd /Users/runner/work/pastel-rts/pastel-rts/apps/ios-shell
iOS simulator compile	Compile for iOS Simulator	2026-09-05T18:34:31.7436420Z     builtin-copy -exclude .DS_Store -exclude CVS -exclude .svn -exclude .git -exclude .hg -resolve-src-symlinks -rename /Users/runner/Library/Developer/Xcode/DerivedData/PastelRTS-bnhetfgajalhxehbeatskrbzzzjp/Build/Intermediates.noindex/PastelRTS.build/Debug-iphonesimulator/PastelRTS.build/Objects-normal/x86_64/PastelRTS.abi.json /Users/runner/Library/Developer/Xcode/DerivedData/PastelRTS-bnhetfgajalhxehbeatskrbzzzjp/Build/Products/Debug-iphonesimulator/PastelRTS.swiftmodule/x86_64-apple-ios-simulator.abi.json
iOS simulator compile	Compile for iOS Simulator	2026-09-05T18:34:31.7538880Z 
iOS simulator compile	Compile for iOS Simulator	2026-09-05T18:34:31.7641460Z Copy /Users/runner/Library/Developer/Xcode/DerivedData/PastelRTS-bnhetfgajalhxehbeatskrbzzzjp/Build/Products/Debug-iphonesimulator/PastelRTS.swiftmodule/arm64-apple-ios-simulator.swiftmodule /Users/runner/Library/Developer/Xcode/DerivedData/PastelRTS-bnhetfgajalhxehbeatskrbzzzjp/Build/Intermediates.noindex/PastelRTS.build/Debug-iphonesimulator/PastelRTS.build/Objects-normal/arm64/PastelRTS.swiftmodule (in target 'PastelRTS' from project 'PastelRTS')
iOS simulator compile	Compile for iOS Simulator	2026-09-05T18:34:31.7740190Z     cd /Users/runner/work/pastel-rts/pastel-rts/apps/ios-shell
iOS simulator compile	Compile for iOS Simulator	2026-09-05T18:34:31.7843940Z     builtin-copy -exclude .DS_Store -exclude CVS -exclude .svn -exclude .git -exclude .hg -resolve-src-symlinks -rename /Users/runner/Library/Developer/Xcode/DerivedData/PastelRTS-bnhetfgajalhxehbeatskrbzzzjp/Build/Intermediates.noindex/PastelRTS.build/Debug-iphonesimulator/PastelRTS.build/Objects-normal/arm64/PastelRTS.swiftmodule /Users/runner/Library/Developer/Xcode/DerivedData/PastelRTS-bnhetfgajalhxehbeatskrbzzzjp/Build/Products/Debug-iphonesimulator/PastelRTS.swiftmodule/arm64-apple-ios-simulator.swiftmodule
iOS simulator compile	Compile for iOS Simulator	2026-09-05T18:34:31.7942140Z 
iOS simulator compile	Compile for iOS Simulator	2026-09-05T18:34:31.8045750Z Copy /Users/runner/Library/Developer/Xcode/DerivedData/PastelRTS-bnhetfgajalhxehbeatskrbzzzjp/Build/Products/Debug-iphonesimulator/PastelRTS.swiftmodule/arm64-apple-ios-simulator.swiftdoc /Users/runner/Library/Developer/Xcode/DerivedData/PastelRTS-bnhetfgajalhxehbeatskrbzzzjp/Build/Intermediates.noindex/PastelRTS.build/Debug-iphonesimulator/PastelRTS.build/Objects-normal/arm64/PastelRTS.swiftdoc (in target 'PastelRTS' from project 'PastelRTS')
iOS simulator compile	Compile for iOS Simulator	2026-09-05T18:34:31.8143730Z     cd /Users/runner/work/pastel-rts/pastel-rts/apps/ios-shell
iOS simulator compile	Compile for iOS Simulator	2026-09-05T18:34:31.8249290Z     builtin-copy -exclude .DS_Store -exclude CVS -exclude .svn -exclude .git -exclude .hg -resolve-src-symlinks -rename /Users/runner/Library/Developer/Xcode/DerivedData/PastelRTS-bnhetfgajalhxehbeatskrbzzzjp/Build/Intermediates.noindex/PastelRTS.build/Debug-iphonesimulator/PastelRTS.build/Objects-normal/arm64/PastelRTS.swiftdoc /Users/runner/Library/Developer/Xcode/DerivedData/PastelRTS-bnhetfgajalhxehbeatskrbzzzjp/Build/Products/Debug-iphonesimulator/PastelRTS.swiftmodule/arm64-apple-ios-simulator.swiftdoc
iOS simulator compile	Compile for iOS Simulator	2026-09-05T18:34:31.8253750Z 
iOS simulator compile	Compile for iOS Simulator	2026-09-05T18:34:31.8356520Z Copy /Users/runner/Library/Developer/Xcode/DerivedData/PastelRTS-bnhetfgajalhxehbeatskrbzzzjp/Build/Products/Debug-iphonesimulator/PastelRTS.swiftmodule/arm64-apple-ios-simulator.abi.json /Users/runner/Library/Developer/Xcode/DerivedData/PastelRTS-bnhetfgajalhxehbeatskrbzzzjp/Build/Intermediates.noindex/PastelRTS.build/Debug-iphonesimulator/PastelRTS.build/Objects-normal/arm64/PastelRTS.abi.json (in target 'PastelRTS' from project 'PastelRTS')
iOS simulator compile	Compile for iOS Simulator	2026-09-05T18:34:31.8455140Z     cd /Users/runner/work/pastel-rts/pastel-rts/apps/ios-shell
iOS simulator compile	Compile for iOS Simulator	2026-09-05T18:34:31.8558290Z     builtin-copy -exclude .DS_Store -exclude CVS -exclude .svn -exclude .git -exclude .hg -resolve-src-symlinks -rename /Users/runner/Library/Developer/Xcode/DerivedData/PastelRTS-bnhetfgajalhxehbeatskrbzzzjp/Build/Intermediates.noindex/PastelRTS.build/Debug-iphonesimulator/PastelRTS.build/Objects-normal/arm64/PastelRTS.abi.json /Users/runner/Library/Developer/Xcode/DerivedData/PastelRTS-bnhetfgajalhxehbeatskrbzzzjp/Build/Products/Debug-iphonesimulator/PastelRTS.swiftmodule/arm64-apple-ios-simulator.abi.json
iOS simulator compile	Compile for iOS Simulator	2026-09-05T18:34:31.8656300Z 
iOS simulator compile	Compile for iOS Simulator	2026-09-05T18:34:31.8776560Z Copy /Users/runner/Library/Developer/Xcode/DerivedData/PastelRTS-bnhetfgajalhxehbeatskrbzzzjp/Build/Products/Debug-iphonesimulator/PastelRTS.swiftmodule/Project/x86_64-apple-ios-simulator.swiftsourceinfo /Users/runner/Library/Developer/Xcode/DerivedData/PastelRTS-bnhetfgajalhxehbeatskrbzzzjp/Build/Intermediates.noindex/PastelRTS.build/Debug-iphonesimulator/PastelRTS.build/Objects-normal/x86_64/PastelRTS.swiftsourceinfo (in target 'PastelRTS' from project 'PastelRTS')
iOS simulator compile	Compile for iOS Simulator	2026-09-05T18:34:31.8883770Z     cd /Users/runner/work/pastel-rts/pastel-rts/apps/ios-shell
iOS simulator compile	Compile for iOS Simulator	2026-09-05T18:34:31.8989990Z     builtin-copy -exclude .DS_Store -exclude CVS -exclude .svn -exclude .git -exclude .hg -resolve-src-symlinks -rename /Users/runner/Library/Developer/Xcode/DerivedData/PastelRTS-bnhetfgajalhxehbeatskrbzzzjp/Build/Intermediates.noindex/PastelRTS.build/Debug-iphonesimulator/PastelRTS.build/Objects-normal/x86_64/PastelRTS.swiftsourceinfo /Users/runner/Library/Developer/Xcode/DerivedData/PastelRTS-bnhetfgajalhxehbeatskrbzzzjp/Build/Products/Debug-iphonesimulator/PastelRTS.swiftmodule/Project/x86_64-apple-ios-simulator.swiftsourceinfo
iOS simulator compile	Compile for iOS Simulator	2026-09-05T18:34:31.9094000Z 
iOS simulator compile	Compile for iOS Simulator	2026-09-05T18:34:31.9201580Z Copy /Users/runner/Library/Developer/Xcode/DerivedData/PastelRTS-bnhetfgajalhxehbeatskrbzzzjp/Build/Products/Debug-iphonesimulator/PastelRTS.swiftmodule/Project/arm64-apple-ios-simulator.swiftsourceinfo /Users/runner/Library/Developer/Xcode/DerivedData/PastelRTS-bnhetfgajalhxehbeatskrbzzzjp/Build/Intermediates.noindex/PastelRTS.build/Debug-iphonesimulator/PastelRTS.build/Objects-normal/arm64/PastelRTS.swiftsourceinfo (in target 'PastelRTS' from project 'PastelRTS')
iOS simulator compile	Compile for iOS Simulator	2026-09-05T18:34:31.9304630Z     cd /Users/runner/work/pastel-rts/pastel-rts/apps/ios-shell
iOS simulator compile	Compile for iOS Simulator	2026-09-05T18:34:31.9408730Z     builtin-copy -exclude .DS_Store -exclude CVS -exclude .svn -exclude .git -exclude .hg -resolve-src-symlinks -rename /Users/runner/Library/Developer/Xcode/DerivedData/PastelRTS-bnhetfgajalhxehbeatskrbzzzjp/Build/Intermediates.noindex/PastelRTS.build/Debug-iphonesimulator/PastelRTS.build/Objects-normal/arm64/PastelRTS.swiftsourceinfo /Users/runner/Library/Developer/Xcode/DerivedData/PastelRTS-bnhetfgajalhxehbeatskrbzzzjp/Build/Products/Debug-iphonesimulator/PastelRTS.swiftmodule/Project/arm64-apple-ios-simulator.swiftsourceinfo
iOS simulator compile	Compile for iOS Simulator	2026-09-05T18:34:31.9508860Z 
iOS simulator compile	Compile for iOS Simulator	2026-09-05T18:34:31.9613910Z SwiftCompile normal arm64 Compiling\ ContentView.swift,\ DeveloperConfig.swift,\ DeveloperPanel.swift /Users/runner/work/pastel-rts/pastel-rts/apps/ios-shell/PastelRTS/ContentView.swift /Users/runner/work/pastel-rts/pastel-rts/apps/ios-shell/PastelRTS/DeveloperConfig.swift /Users/runner/work/pastel-rts/pastel-rts/apps/ios-shell/PastelRTS/DeveloperPanel.swift (in target 'PastelRTS' from project 'PastelRTS')
iOS simulator compile	Compile for iOS Simulator	2026-09-05T18:34:31.9731160Z SwiftCompile normal arm64 /Users/runner/work/pastel-rts/pastel-rts/apps/ios-shell/PastelRTS/ContentView.swift (in target 'PastelRTS' from project 'PastelRTS')
iOS simulator compile	Compile for iOS Simulator	2026-09-05T18:34:31.9833000Z     cd /Users/runner/work/pastel-rts/pastel-rts/apps/ios-shell
iOS simulator compile	Compile for iOS Simulator	2026-09-05T18:34:31.9933920Z     
iOS simulator compile	Compile for iOS Simulator	2026-09-05T18:34:32.0034810Z 
iOS simulator compile	Compile for iOS Simulator	2026-09-05T18:34:32.0136380Z SwiftCompile normal arm64 /Users/runner/work/pastel-rts/pastel-rts/apps/ios-shell/PastelRTS/DeveloperConfig.swift (in target 'PastelRTS' from project 'PastelRTS')
iOS simulator compile	Compile for iOS Simulator	2026-09-05T18:34:32.0240300Z     cd /Users/runner/work/pastel-rts/pastel-rts/apps/ios-shell
iOS simulator compile	Compile for iOS Simulator	2026-09-05T18:34:32.0342910Z     
iOS simulator compile	Compile for iOS Simulator	2026-09-05T18:34:32.0445670Z 
iOS simulator compile	Compile for iOS Simulator	2026-09-05T18:34:32.0547410Z SwiftCompile normal arm64 /Users/runner/work/pastel-rts/pastel-rts/apps/ios-shell/PastelRTS/DeveloperPanel.swift (in target 'PastelRTS' from project 'PastelRTS')
iOS simulator compile	Compile for iOS Simulator	2026-09-05T18:34:32.0648250Z     cd /Users/runner/work/pastel-rts/pastel-rts/apps/ios-shell
iOS simulator compile	Compile for iOS Simulator	2026-09-05T18:34:32.0749550Z     
iOS simulator compile	Compile for iOS Simulator	2026-09-05T18:34:32.0852410Z 
iOS simulator compile	Compile for iOS Simulator	2026-09-05T18:34:32.0955000Z SwiftCompile normal arm64 Compiling\ PastelRTSApp.swift,\ PastelSchemeHandler.swift /Users/runner/work/pastel-rts/pastel-rts/apps/ios-shell/PastelRTS/PastelRTSApp.swift /Users/runner/work/pastel-rts/pastel-rts/apps/ios-shell/PastelRTS/PastelSchemeHandler.swift (in target 'PastelRTS' from project 'PastelRTS')
iOS simulator compile	Compile for iOS Simulator	2026-09-05T18:34:32.1055570Z SwiftCompile normal arm64 /Users/runner/work/pastel-rts/pastel-rts/apps/ios-shell/PastelRTS/PastelRTSApp.swift (in target 'PastelRTS' from project 'PastelRTS')
iOS simulator compile	Compile for iOS Simulator	2026-09-05T18:34:32.1160220Z     cd /Users/runner/work/pastel-rts/pastel-rts/apps/ios-shell
iOS simulator compile	Compile for iOS Simulator	2026-09-05T18:34:32.1260440Z     
iOS simulator compile	Compile for iOS Simulator	2026-09-05T18:34:32.1361300Z 
iOS simulator compile	Compile for iOS Simulator	2026-09-05T18:34:32.1464300Z SwiftCompile normal arm64 /Users/runner/work/pastel-rts/pastel-rts/apps/ios-shell/PastelRTS/PastelSchemeHandler.swift (in target 'PastelRTS' from project 'PastelRTS')
iOS simulator compile	Compile for iOS Simulator	2026-09-05T18:34:32.1565230Z     cd /Users/runner/work/pastel-rts/pastel-rts/apps/ios-shell
iOS simulator compile	Compile for iOS Simulator	2026-09-05T18:34:32.1668340Z     
iOS simulator compile	Compile for iOS Simulator	2026-09-05T18:34:32.1792330Z 
iOS simulator compile	Compile for iOS Simulator	2026-09-05T18:34:32.1897910Z SwiftDriverJobDiscovery normal x86_64 Compiling GameWebView.swift, NativeBridge.swift (in target 'PastelRTS' from project 'PastelRTS')
iOS simulator compile	Compile for iOS Simulator	2026-09-05T18:34:32.1999050Z 
iOS simulator compile	Compile for iOS Simulator	2026-09-05T18:34:32.2111790Z SwiftCompile normal arm64 Compiling\ GameWebView.swift,\ NativeBridge.swift /Users/runner/work/pastel-rts/pastel-rts/apps/ios-shell/PastelRTS/GameWebView.swift /Users/runner/work/pastel-rts/pastel-rts/apps/ios-shell/PastelRTS/NativeBridge.swift (in target 'PastelRTS' from project 'PastelRTS')
iOS simulator compile	Compile for iOS Simulator	2026-09-05T18:34:32.2216480Z SwiftCompile normal arm64 /Users/runner/work/pastel-rts/pastel-rts/apps/ios-shell/PastelRTS/GameWebView.swift (in target 'PastelRTS' from project 'PastelRTS')
iOS simulator compile	Compile for iOS Simulator	2026-09-05T18:34:32.2335040Z     cd /Users/runner/work/pastel-rts/pastel-rts/apps/ios-shell
iOS simulator compile	Compile for iOS Simulator	2026-09-05T18:34:32.2443050Z     
iOS simulator compile	Compile for iOS Simulator	2026-09-05T18:34:32.2543410Z 
iOS simulator compile	Compile for iOS Simulator	2026-09-05T18:34:32.2645230Z SwiftCompile normal arm64 /Users/runner/work/pastel-rts/pastel-rts/apps/ios-shell/PastelRTS/NativeBridge.swift (in target 'PastelRTS' from project 'PastelRTS')
iOS simulator compile	Compile for iOS Simulator	2026-09-05T18:34:32.2820160Z     cd /Users/runner/work/pastel-rts/pastel-rts/apps/ios-shell
iOS simulator compile	Compile for iOS Simulator	2026-09-05T18:34:32.2969810Z     
iOS simulator compile	Compile for iOS Simulator	2026-09-05T18:34:32.3104740Z 
iOS simulator compile	Compile for iOS Simulator	2026-09-05T18:34:32.3206330Z SwiftDriverJobDiscovery normal x86_64 Compiling PastelRTSApp.swift, PastelSchemeHandler.swift (in target 'PastelRTS' from project 'PastelRTS')
iOS simulator compile	Compile for iOS Simulator	2026-09-05T18:34:32.3307540Z 
iOS simulator compile	Compile for iOS Simulator	2026-09-05T18:34:32.3410250Z SwiftCompile normal x86_64 Compiling\ ContentView.swift,\ DeveloperConfig.swift,\ DeveloperPanel.swift /Users/runner/work/pastel-rts/pastel-rts/apps/ios-shell/PastelRTS/ContentView.swift /Users/runner/work/pastel-rts/pastel-rts/apps/ios-shell/PastelRTS/DeveloperConfig.swift /Users/runner/work/pastel-rts/pastel-rts/apps/ios-shell/PastelRTS/DeveloperPanel.swift (in target 'PastelRTS' from project 'PastelRTS')
iOS simulator compile	Compile for iOS Simulator	2026-09-05T18:34:32.3412870Z SwiftCompile normal x86_64 /Users/runner/work/pastel-rts/pastel-rts/apps/ios-shell/PastelRTS/ContentView.swift (in target 'PastelRTS' from project 'PastelRTS')
iOS simulator compile	Compile for iOS Simulator	2026-09-05T18:34:32.3515840Z     cd /Users/runner/work/pastel-rts/pastel-rts/apps/ios-shell
iOS simulator compile	Compile for iOS Simulator	2026-09-05T18:34:32.3616850Z     
iOS simulator compile	Compile for iOS Simulator	2026-09-05T18:34:32.3737580Z 
iOS simulator compile	Compile for iOS Simulator	2026-09-05T18:34:32.3839100Z SwiftCompile normal x86_64 /Users/runner/work/pastel-rts/pastel-rts/apps/ios-shell/PastelRTS/DeveloperConfig.swift (in target 'PastelRTS' from project 'PastelRTS')
iOS simulator compile	Compile for iOS Simulator	2026-09-05T18:34:32.3941100Z     cd /Users/runner/work/pastel-rts/pastel-rts/apps/ios-shell
iOS simulator compile	Compile for iOS Simulator	2026-09-05T18:34:32.4042620Z     
iOS simulator compile	Compile for iOS Simulator	2026-09-05T18:34:32.4143540Z 
iOS simulator compile	Compile for iOS Simulator	2026-09-05T18:34:32.4245270Z SwiftCompile normal x86_64 /Users/runner/work/pastel-rts/pastel-rts/apps/ios-shell/PastelRTS/DeveloperPanel.swift (in target 'PastelRTS' from project 'PastelRTS')
iOS simulator compile	Compile for iOS Simulator	2026-09-05T18:34:32.4347180Z     cd /Users/runner/work/pastel-rts/pastel-rts/apps/ios-shell
iOS simulator compile	Compile for iOS Simulator	2026-09-05T18:34:32.4449130Z     
iOS simulator compile	Compile for iOS Simulator	2026-09-05T18:34:32.4551080Z 
iOS simulator compile	Compile for iOS Simulator	2026-09-05T18:34:32.4652670Z SwiftDriverJobDiscovery normal arm64 Compiling ContentView.swift, DeveloperConfig.swift, DeveloperPanel.swift (in target 'PastelRTS' from project 'PastelRTS')
iOS simulator compile	Compile for iOS Simulator	2026-09-05T18:34:32.4754010Z 
iOS simulator compile	Compile for iOS Simulator	2026-09-05T18:34:32.4858510Z SwiftDriverJobDiscovery normal arm64 Compiling PastelRTSApp.swift, PastelSchemeHandler.swift (in target 'PastelRTS' from project 'PastelRTS')
iOS simulator compile	Compile for iOS Simulator	2026-09-05T18:34:32.4959870Z 
iOS simulator compile	Compile for iOS Simulator	2026-09-05T18:34:32.5061290Z SwiftDriverJobDiscovery normal arm64 Compiling GameWebView.swift, NativeBridge.swift (in target 'PastelRTS' from project 'PastelRTS')
iOS simulator compile	Compile for iOS Simulator	2026-09-05T18:34:32.5162390Z 
iOS simulator compile	Compile for iOS Simulator	2026-09-05T18:34:32.5264790Z SwiftDriver\ Compilation PastelRTS normal arm64 com.apple.xcode.tools.swift.compiler (in target 'PastelRTS' from project 'PastelRTS')
iOS simulator compile	Compile for iOS Simulator	2026-09-05T18:34:32.5366580Z     cd /Users/runner/work/pastel-rts/pastel-rts/apps/ios-shell
iOS simulator compile	Compile for iOS Simulator	2026-09-05T18:34:32.5486660Z     builtin-Swift-Compilation -- /Applications/Xcode_26.6.app/Contents/Developer/Toolchains/XcodeDefault.xctoolchain/usr/bin/swiftc -module-name PastelRTS -Onone @/Users/runner/Library/Developer/Xcode/DerivedData/PastelRTS-bnhetfgajalhxehbeatskrbzzzjp/Build/Intermediates.noindex/PastelRTS.build/Debug-iphonesimulator/PastelRTS.build/Objects-normal/arm64/PastelRTS.SwiftFileList -DDEBUG -enable-bare-slash-regex -enable-experimental-feature DebugDescriptionMacro -sdk /Applications/Xcode_26.6.app/Contents/Developer/Platforms/iPhoneSimulator.platform/Developer/SDKs/iPhoneSimulator26.5.sdk -target arm64-apple-ios17.0-simulator -g -module-cache-path /Users/runner/Library/Developer/Xcode/DerivedData/ModuleCache.noindex -Xfrontend -serialize-debugging-options -enable-testing -index-store-path /Users/runner/Library/Developer/Xcode/DerivedData/PastelRTS-bnhetfgajalhxehbeatskrbzzzjp/Index.noindex/DataStore -Xcc -D_LIBCPP_HARDENING_MODE\=_LIBCPP_HARDENING_MODE_DEBUG -swift-version 5 -I /Users/runner/Library/Developer/Xcode/DerivedData/PastelRTS-bnhetfgajalhxehbeatskrbzzzjp/Build/Products/Debug-iphonesimulator -F /Users/runner/Library/Developer/Xcode/DerivedData/PastelRTS-bnhetfgajalhxehbeatskrbzzzjp/Build/Products/Debug-iphonesimulator -c -j3 -enable-batch-mode -incremental -Xcc -ivfsstatcache -Xcc /Users/runner/Library/Developer/Xcode/DerivedData/SDKStatCaches.noindex/iphonesimulator26.5-23F81a-688ef53f1462e2c8f657fdc38a81448ff45c64a1807a658693f2a61704f17a36.sdkstatcache -output-file-map /Users/runner/Library/Developer/Xcode/DerivedData/PastelRTS-bnhetfgajalhxehbeatskrbzzzjp/Build/Intermediates.noindex/PastelRTS.build/Debug-iphonesimulator/PastelRTS.build/Objects-normal/arm64/PastelRTS-OutputFileMap.json -use-frontend-parseable-output -save-temps -no-color-diagnostics -explicit-module-build -module-cache-path /Users/runner/Library/Developer/Xcode/DerivedData/PastelRTS-bnhetfgajalhxehbeatskrbzzzjp/Build/Intermediates.noindex/SwiftExplicitPrecompiledModules -clang-scanner-module-cache-path /Users/runner/Library/Developer/Xcode/DerivedData/ModuleCache.noindex -sdk-module-cache-path /Users/runner/Library/Developer/Xcode/DerivedData/ModuleCache.noindex -serialize-diagnostics -emit-dependencies -emit-module -emit-module-path /Users/runner/Library/Developer/Xcode/DerivedData/PastelRTS-bnhetfgajalhxehbeatskrbzzzjp/Build/Intermediates.noindex/PastelRTS.build/Debug-iphonesimulator/PastelRTS.build/Objects-normal/arm64/PastelRTS.swiftmodule -validate-clang-modules-once -clang-build-session-file /Users/runner/Library/Developer/Xcode/DerivedData/ModuleCache.noindex/Session.modulevalidation -Xcc -I/Users/runner/Library/Developer/Xcode/DerivedData/PastelRTS-bnhetfgajalhxehbeatskrbzzzjp/Build/Intermediates.noindex/PastelRTS.build/Debug-iphonesimulator/PastelRTS.build/swift-overrides.hmap -emit-const-values -Xfrontend -const-gather-protocols-file -Xfrontend /Users/runner/Library/Developer/Xcode/DerivedData/PastelRTS-bnhetfgajalhxehbeatskrbzzzjp/Build/Intermediates.noindex/PastelRTS.build/Debug-iphonesimulator/PastelRTS.build/Objects-normal/arm64/PastelRTS_const_extract_protocols.json -Xcc -iquote -Xcc /Users/runner/Library/Developer/Xcode/DerivedData/PastelRTS-bnhetfgajalhxehbeatskrbzzzjp/Build/Intermediates.noindex/PastelRTS.build/Debug-iphonesimulator/PastelRTS.build/PastelRTS-generated-files.hmap -Xcc -I/Users/runner/Library/Developer/Xcode/DerivedData/PastelRTS-bnhetfgajalhxehbeatskrbzzzjp/Build/Intermediates.noindex/PastelRTS.build/Debug-iphonesimulator/PastelRTS.build/PastelRTS-own-target-headers.hmap -Xcc -I/Users/runner/Library/Developer/Xcode/DerivedData/PastelRTS-bnhetfgajalhxehbeatskrbzzzjp/Build/Intermediates.noindex/PastelRTS.build/Debug-iphonesimulator/PastelRTS.build/PastelRTS-all-target-headers.hmap -Xcc -iquote -Xcc /Users/runner/Library/Developer/Xcode/DerivedData/PastelRTS-bnhetfgajalhxehbeatskrbzzzjp/Build/Intermediates.noindex/PastelRTS.build/Debug-iphonesimulator/PastelRTS.build/PastelRTS-project-headers.hmap -Xcc -I/Users/runner/Library/Developer/Xcode/DerivedData/PastelRTS-bnhetfgajalhxehbeatskrbzzzjp/Build/Products/Debug-iphonesimulator/include -Xcc -I/Users/runner/Library/Developer/Xcode/DerivedData/PastelRTS-bnhetfgajalhxehbeatskrbzzzjp/Build/Intermediates.noindex/PastelRTS.build/Debug-iphonesimulator/PastelRTS.build/DerivedSources-normal/arm64 -Xcc -I/Users/runner/Library/Developer/Xcode/DerivedData/PastelRTS-bnhetfgajalhxehbeatskrbzzzjp/Build/Intermediates.noindex/PastelRTS.build/Debug-iphonesimulator/PastelRTS.build/DerivedSources/arm64 -Xcc -I/Users/runner/Library/Developer/Xcode/DerivedData/PastelRTS-bnhetfgajalhxehbeatskrbzzzjp/Build/Intermediates.noindex/PastelRTS.build/Debug-iphonesimulator/PastelRTS.build/DerivedSources -Xcc -DDEBUG\=1 -emit-objc-header -emit-objc-header-path /Users/runner/Library/Developer/Xcode/DerivedData/PastelRTS-bnhetfgajalhxehbeatskrbzzzjp/Build/Intermediates.noindex/PastelRTS.build/Debug-iphonesimulator/PastelRTS.build/Objects-normal/arm64/PastelRTS-Swift.h -working-directory /Users/runner/work/pastel-rts/pastel-rts/apps/ios-shell -experimental-emit-module-separately -disable-cmo
iOS simulator compile	Compile for iOS Simulator	2026-09-05T18:34:32.5604260Z 
iOS simulator compile	Compile for iOS Simulator	2026-09-05T18:34:32.5706500Z Ld /Users/runner/Library/Developer/Xcode/DerivedData/PastelRTS-bnhetfgajalhxehbeatskrbzzzjp/Build/Intermediates.noindex/PastelRTS.build/Debug-iphonesimulator/PastelRTS.build/Objects-normal/arm64/Binary/PastelRTS.debug.dylib normal arm64 (in target 'PastelRTS' from project 'PastelRTS')
iOS simulator compile	Compile for iOS Simulator	2026-09-05T18:34:32.5808640Z     cd /Users/runner/work/pastel-rts/pastel-rts/apps/ios-shell
iOS simulator compile	Compile for iOS Simulator	2026-09-05T18:34:32.5919810Z     /Applications/Xcode_26.6.app/Contents/Developer/Toolchains/XcodeDefault.xctoolchain/usr/bin/clang -Xlinker -reproducible -target arm64-apple-ios17.0-simulator -dynamiclib -isysroot /Applications/Xcode_26.6.app/Contents/Developer/Platforms/iPhoneSimulator.platform/Developer/SDKs/iPhoneSimulator26.5.sdk -O0 -L/Users/runner/Library/Developer/Xcode/DerivedData/PastelRTS-bnhetfgajalhxehbeatskrbzzzjp/Build/Intermediates.noindex/EagerLinkingTBDs/Debug-iphonesimulator -L/Users/runner/Library/Developer/Xcode/DerivedData/PastelRTS-bnhetfgajalhxehbeatskrbzzzjp/Build/Products/Debug-iphonesimulator -F/Users/runner/Library/Developer/Xcode/DerivedData/PastelRTS-bnhetfgajalhxehbeatskrbzzzjp/Build/Intermediates.noindex/EagerLinkingTBDs/Debug-iphonesimulator -F/Users/runner/Library/Developer/Xcode/DerivedData/PastelRTS-bnhetfgajalhxehbeatskrbzzzjp/Build/Products/Debug-iphonesimulator -filelist /Users/runner/Library/Developer/Xcode/DerivedData/PastelRTS-bnhetfgajalhxehbeatskrbzzzjp/Build/Intermediates.noindex/PastelRTS.build/Debug-iphonesimulator/PastelRTS.build/Objects-normal/arm64/PastelRTS.LinkFileList -install_name @rpath/PastelRTS.debug.dylib -Xlinker -rpath -Xlinker /usr/lib/swift -Xlinker -rpath -Xlinker @executable_path/Frameworks -Xlinker -dead_strip -Xlinker -object_path_lto -Xlinker /Users/runner/Library/Developer/Xcode/DerivedData/PastelRTS-bnhetfgajalhxehbeatskrbzzzjp/Build/Intermediates.noindex/PastelRTS.build/Debug-iphonesimulator/PastelRTS.build/Objects-normal/arm64/PastelRTS_lto.o -rdynamic -Xlinker -no_deduplicate -Xlinker -objc_abi_version -Xlinker 2 -Xlinker -dependency_info -Xlinker /Users/runner/Library/Developer/Xcode/DerivedData/PastelRTS-bnhetfgajalhxehbeatskrbzzzjp/Build/Intermediates.noindex/PastelRTS.build/Debug-iphonesimulator/PastelRTS.build/Objects-normal/arm64/PastelRTS_dependency_info.dat -fobjc-link-runtime -L/Applications/Xcode_26.6.app/Contents/Developer/Toolchains/XcodeDefault.xctoolchain/usr/lib/swift/iphonesimulator -L/usr/lib/swift -Xlinker -add_ast_path -Xlinker /Users/runner/Library/Developer/Xcode/DerivedData/PastelRTS-bnhetfgajalhxehbeatskrbzzzjp/Build/Intermediates.noindex/PastelRTS.build/Debug-iphonesimulator/PastelRTS.build/Objects-normal/arm64/PastelRTS.swiftmodule @/Users/runner/Library/Developer/Xcode/DerivedData/PastelRTS-bnhetfgajalhxehbeatskrbzzzjp/Build/Intermediates.noindex/PastelRTS.build/Debug-iphonesimulator/PastelRTS.build/Objects-normal/arm64/PastelRTS-linker-args.resp -Xlinker -alias -Xlinker _main -Xlinker ___debug_main_executable_dylib_entry_point -o /Users/runner/Library/Developer/Xcode/DerivedData/PastelRTS-bnhetfgajalhxehbeatskrbzzzjp/Build/Intermediates.noindex/PastelRTS.build/Debug-iphonesimulator/PastelRTS.build/Objects-normal/arm64/Binary/PastelRTS.debug.dylib
iOS simulator compile	Compile for iOS Simulator	2026-09-05T18:34:32.7136850Z 
iOS simulator compile	Compile for iOS Simulator	2026-09-05T18:34:32.7238390Z SwiftDriverJobDiscovery normal x86_64 Compiling ContentView.swift, DeveloperConfig.swift, DeveloperPanel.swift (in target 'PastelRTS' from project 'PastelRTS')
iOS simulator compile	Compile for iOS Simulator	2026-09-05T18:34:32.7362630Z 
iOS simulator compile	Compile for iOS Simulator	2026-09-05T18:34:32.7464310Z SwiftDriver\ Compilation PastelRTS normal x86_64 com.apple.xcode.tools.swift.compiler (in target 'PastelRTS' from project 'PastelRTS')
iOS simulator compile	Compile for iOS Simulator	2026-09-05T18:34:32.7569110Z     cd /Users/runner/work/pastel-rts/pastel-rts/apps/ios-shell
iOS simulator compile	Compile for iOS Simulator	2026-09-05T18:34:32.7694890Z     builtin-Swift-Compilation -- /Applications/Xcode_26.6.app/Contents/Developer/Toolchains/XcodeDefault.xctoolchain/usr/bin/swiftc -module-name PastelRTS -Onone @/Users/runner/Library/Developer/Xcode/DerivedData/PastelRTS-bnhetfgajalhxehbeatskrbzzzjp/Build/Intermediates.noindex/PastelRTS.build/Debug-iphonesimulator/PastelRTS.build/Objects-normal/x86_64/PastelRTS.SwiftFileList -DDEBUG -enable-bare-slash-regex -enable-experimental-feature DebugDescriptionMacro -sdk /Applications/Xcode_26.6.app/Contents/Developer/Platforms/iPhoneSimulator.platform/Developer/SDKs/iPhoneSimulator26.5.sdk -target x86_64-apple-ios17.0-simulator -g -module-cache-path /Users/runner/Library/Developer/Xcode/DerivedData/ModuleCache.noindex -Xfrontend -serialize-debugging-options -enable-testing -index-store-path /Users/runner/Library/Developer/Xcode/DerivedData/PastelRTS-bnhetfgajalhxehbeatskrbzzzjp/Index.noindex/DataStore -Xcc -D_LIBCPP_HARDENING_MODE\=_LIBCPP_HARDENING_MODE_DEBUG -swift-version 5 -I /Users/runner/Library/Developer/Xcode/DerivedData/PastelRTS-bnhetfgajalhxehbeatskrbzzzjp/Build/Products/Debug-iphonesimulator -F /Users/runner/Library/Developer/Xcode/DerivedData/PastelRTS-bnhetfgajalhxehbeatskrbzzzjp/Build/Products/Debug-iphonesimulator -c -j3 -enable-batch-mode -incremental -Xcc -ivfsstatcache -Xcc /Users/runner/Library/Developer/Xcode/DerivedData/SDKStatCaches.noindex/iphonesimulator26.5-23F81a-688ef53f1462e2c8f657fdc38a81448ff45c64a1807a658693f2a61704f17a36.sdkstatcache -output-file-map /Users/runner/Library/Developer/Xcode/DerivedData/PastelRTS-bnhetfgajalhxehbeatskrbzzzjp/Build/Intermediates.noindex/PastelRTS.build/Debug-iphonesimulator/PastelRTS.build/Objects-normal/x86_64/PastelRTS-OutputFileMap.json -use-frontend-parseable-output -save-temps -no-color-diagnostics -explicit-module-build -module-cache-path /Users/runner/Library/Developer/Xcode/DerivedData/PastelRTS-bnhetfgajalhxehbeatskrbzzzjp/Build/Intermediates.noindex/SwiftExplicitPrecompiledModules -clang-scanner-module-cache-path /Users/runner/Library/Developer/Xcode/DerivedData/ModuleCache.noindex -sdk-module-cache-path /Users/runner/Library/Developer/Xcode/DerivedData/ModuleCache.noindex -serialize-diagnostics -emit-dependencies -emit-module -emit-module-path /Users/runner/Library/Developer/Xcode/DerivedData/PastelRTS-bnhetfgajalhxehbeatskrbzzzjp/Build/Intermediates.noindex/PastelRTS.build/Debug-iphonesimulator/PastelRTS.build/Objects-normal/x86_64/PastelRTS.swiftmodule -validate-clang-modules-once -clang-build-session-file /Users/runner/Library/Developer/Xcode/DerivedData/ModuleCache.noindex/Session.modulevalidation -Xcc -I/Users/runner/Library/Developer/Xcode/DerivedData/PastelRTS-bnhetfgajalhxehbeatskrbzzzjp/Build/Intermediates.noindex/PastelRTS.build/Debug-iphonesimulator/PastelRTS.build/swift-overrides.hmap -emit-const-values -Xfrontend -const-gather-protocols-file -Xfrontend /Users/runner/Library/Developer/Xcode/DerivedData/PastelRTS-bnhetfgajalhxehbeatskrbzzzjp/Build/Intermediates.noindex/PastelRTS.build/Debug-iphonesimulator/PastelRTS.build/Objects-normal/x86_64/PastelRTS_const_extract_protocols.json -Xcc -iquote -Xcc /Users/runner/Library/Developer/Xcode/DerivedData/PastelRTS-bnhetfgajalhxehbeatskrbzzzjp/Build/Intermediates.noindex/PastelRTS.build/Debug-iphonesimulator/PastelRTS.build/PastelRTS-generated-files.hmap -Xcc -I/Users/runner/Library/Developer/Xcode/DerivedData/PastelRTS-bnhetfgajalhxehbeatskrbzzzjp/Build/Intermediates.noindex/PastelRTS.build/Debug-iphonesimulator/PastelRTS.build/PastelRTS-own-target-headers.hmap -Xcc -I/Users/runner/Library/Developer/Xcode/DerivedData/PastelRTS-bnhetfgajalhxehbeatskrbzzzjp/Build/Intermediates.noindex/PastelRTS.build/Debug-iphonesimulator/PastelRTS.build/PastelRTS-all-target-headers.hmap -Xcc -iquote -Xcc /Users/runner/Library/Developer/Xcode/DerivedData/PastelRTS-bnhetfgajalhxehbeatskrbzzzjp/Build/Intermediates.noindex/PastelRTS.build/Debug-iphonesimulator/PastelRTS.build/PastelRTS-project-headers.hmap -Xcc -I/Users/runner/Library/Developer/Xcode/DerivedData/PastelRTS-bnhetfgajalhxehbeatskrbzzzjp/Build/Products/Debug-iphonesimulator/include -Xcc -I/Users/runner/Library/Developer/Xcode/DerivedData/PastelRTS-bnhetfgajalhxehbeatskrbzzzjp/Build/Intermediates.noindex/PastelRTS.build/Debug-iphonesimulator/PastelRTS.build/DerivedSources-normal/x86_64 -Xcc -I/Users/runner/Library/Developer/Xcode/DerivedData/PastelRTS-bnhetfgajalhxehbeatskrbzzzjp/Build/Intermediates.noindex/PastelRTS.build/Debug-iphonesimulator/PastelRTS.build/DerivedSources/x86_64 -Xcc -I/Users/runner/Library/Developer/Xcode/DerivedData/PastelRTS-bnhetfgajalhxehbeatskrbzzzjp/Build/Intermediates.noindex/PastelRTS.build/Debug-iphonesimulator/PastelRTS.build/DerivedSources -Xcc -DDEBUG\=1 -emit-objc-header -emit-objc-header-path /Users/runner/Library/Developer/Xcode/DerivedData/PastelRTS-bnhetfgajalhxehbeatskrbzzzjp/Build/Intermediates.noindex/PastelRTS.build/Debug-iphonesimulator/PastelRTS.build/Objects-normal/x86_64/PastelRTS-Swift.h -working-directory /Users/runner/work/pastel-rts/pastel-rts/apps/ios-shell -experimental-emit-module-separately -disable-cmo
iOS simulator compile	Compile for iOS Simulator	2026-09-05T18:34:32.7713010Z 
iOS simulator compile	Compile for iOS Simulator	2026-09-05T18:34:32.7815170Z Ld /Users/runner/Library/Developer/Xcode/DerivedData/PastelRTS-bnhetfgajalhxehbeatskrbzzzjp/Build/Intermediates.noindex/PastelRTS.build/Debug-iphonesimulator/PastelRTS.build/Objects-normal/x86_64/Binary/PastelRTS.debug.dylib normal x86_64 (in target 'PastelRTS' from project 'PastelRTS')
iOS simulator compile	Compile for iOS Simulator	2026-09-05T18:34:32.7918310Z     cd /Users/runner/work/pastel-rts/pastel-rts/apps/ios-shell
iOS simulator compile	Compile for iOS Simulator	2026-09-05T18:34:32.8035090Z     /Applications/Xcode_26.6.app/Contents/Developer/Toolchains/XcodeDefault.xctoolchain/usr/bin/clang -Xlinker -reproducible -target x86_64-apple-ios17.0-simulator -dynamiclib -isysroot /Applications/Xcode_26.6.app/Contents/Developer/Platforms/iPhoneSimulator.platform/Developer/SDKs/iPhoneSimulator26.5.sdk -O0 -L/Users/runner/Library/Developer/Xcode/DerivedData/PastelRTS-bnhetfgajalhxehbeatskrbzzzjp/Build/Intermediates.noindex/EagerLinkingTBDs/Debug-iphonesimulator -L/Users/runner/Library/Developer/Xcode/DerivedData/PastelRTS-bnhetfgajalhxehbeatskrbzzzjp/Build/Products/Debug-iphonesimulator -F/Users/runner/Library/Developer/Xcode/DerivedData/PastelRTS-bnhetfgajalhxehbeatskrbzzzjp/Build/Intermediates.noindex/EagerLinkingTBDs/Debug-iphonesimulator -F/Users/runner/Library/Developer/Xcode/DerivedData/PastelRTS-bnhetfgajalhxehbeatskrbzzzjp/Build/Products/Debug-iphonesimulator -filelist /Users/runner/Library/Developer/Xcode/DerivedData/PastelRTS-bnhetfgajalhxehbeatskrbzzzjp/Build/Intermediates.noindex/PastelRTS.build/Debug-iphonesimulator/PastelRTS.build/Objects-normal/x86_64/PastelRTS.LinkFileList -install_name @rpath/PastelRTS.debug.dylib -Xlinker -rpath -Xlinker /usr/lib/swift -Xlinker -rpath -Xlinker @executable_path/Frameworks -Xlinker -dead_strip -Xlinker -object_path_lto -Xlinker /Users/runner/Library/Developer/Xcode/DerivedData/PastelRTS-bnhetfgajalhxehbeatskrbzzzjp/Build/Intermediates.noindex/PastelRTS.build/Debug-iphonesimulator/PastelRTS.build/Objects-normal/x86_64/PastelRTS_lto.o -rdynamic -Xlinker -no_deduplicate -Xlinker -objc_abi_version -Xlinker 2 -Xlinker -dependency_info -Xlinker /Users/runner/Library/Developer/Xcode/DerivedData/PastelRTS-bnhetfgajalhxehbeatskrbzzzjp/Build/Intermediates.noindex/PastelRTS.build/Debug-iphonesimulator/PastelRTS.build/Objects-normal/x86_64/PastelRTS_dependency_info.dat -fobjc-link-runtime -L/Applications/Xcode_26.6.app/Contents/Developer/Toolchains/XcodeDefault.xctoolchain/usr/lib/swift/iphonesimulator -L/usr/lib/swift -Xlinker -add_ast_path -Xlinker /Users/runner/Library/Developer/Xcode/DerivedData/PastelRTS-bnhetfgajalhxehbeatskrbzzzjp/Build/Intermediates.noindex/PastelRTS.build/Debug-iphonesimulator/PastelRTS.build/Objects-normal/x86_64/PastelRTS.swiftmodule @/Users/runner/Library/Developer/Xcode/DerivedData/PastelRTS-bnhetfgajalhxehbeatskrbzzzjp/Build/Intermediates.noindex/PastelRTS.build/Debug-iphonesimulator/PastelRTS.build/Objects-normal/x86_64/PastelRTS-linker-args.resp -Xlinker -alias -Xlinker _main -Xlinker ___debug_main_executable_dylib_entry_point -o /Users/runner/Library/Developer/Xcode/DerivedData/PastelRTS-bnhetfgajalhxehbeatskrbzzzjp/Build/Intermediates.noindex/PastelRTS.build/Debug-iphonesimulator/PastelRTS.build/Objects-normal/x86_64/Binary/PastelRTS.debug.dylib
iOS simulator compile	Compile for iOS Simulator	2026-09-05T18:34:32.8149950Z 
iOS simulator compile	Compile for iOS Simulator	2026-09-05T18:34:32.8252320Z CreateUniversalBinary /Users/runner/Library/Developer/Xcode/DerivedData/PastelRTS-bnhetfgajalhxehbeatskrbzzzjp/Build/Products/Debug-iphonesimulator/PastelRTS.app/PastelRTS.debug.dylib normal arm64\ x86_64 (in target 'PastelRTS' from project 'PastelRTS')
iOS simulator compile	Compile for iOS Simulator	2026-09-05T18:34:32.8355050Z     cd /Users/runner/work/pastel-rts/pastel-rts/apps/ios-shell
iOS simulator compile	Compile for iOS Simulator	2026-09-05T18:34:32.8459570Z     /Applications/Xcode_26.6.app/Contents/Developer/Toolchains/XcodeDefault.xctoolchain/usr/bin/lipo -create /Users/runner/Library/Developer/Xcode/DerivedData/PastelRTS-bnhetfgajalhxehbeatskrbzzzjp/Build/Intermediates.noindex/PastelRTS.build/Debug-iphonesimulator/PastelRTS.build/Objects-normal/arm64/Binary/PastelRTS.debug.dylib /Users/runner/Library/Developer/Xcode/DerivedData/PastelRTS-bnhetfgajalhxehbeatskrbzzzjp/Build/Intermediates.noindex/PastelRTS.build/Debug-iphonesimulator/PastelRTS.build/Objects-normal/x86_64/Binary/PastelRTS.debug.dylib -output /Users/runner/Library/Developer/Xcode/DerivedData/PastelRTS-bnhetfgajalhxehbeatskrbzzzjp/Build/Products/Debug-iphonesimulator/PastelRTS.app/PastelRTS.debug.dylib
iOS simulator compile	Compile for iOS Simulator	2026-09-05T18:34:32.8568370Z 
iOS simulator compile	Compile for iOS Simulator	2026-09-05T18:34:32.8673090Z ConstructStubExecutorLinkFileList /Users/runner/Library/Developer/Xcode/DerivedData/PastelRTS-bnhetfgajalhxehbeatskrbzzzjp/Build/Intermediates.noindex/PastelRTS.build/Debug-iphonesimulator/PastelRTS.build/PastelRTS-ExecutorLinkFileList-normal-x86_64.txt (in target 'PastelRTS' from project 'PastelRTS')
iOS simulator compile	Compile for iOS Simulator	2026-09-05T18:34:32.8775480Z     cd /Users/runner/work/pastel-rts/pastel-rts/apps/ios-shell
iOS simulator compile	Compile for iOS Simulator	2026-09-05T18:34:32.8898290Z     construct-stub-executor-link-file-list /Users/runner/Library/Developer/Xcode/DerivedData/PastelRTS-bnhetfgajalhxehbeatskrbzzzjp/Build/Intermediates.noindex/PastelRTS.build/Debug-iphonesimulator/PastelRTS.build/Objects-normal/x86_64/Binary/PastelRTS.debug.dylib /Applications/Xcode_26.6.app/Contents/Developer/Platforms/iPhoneSimulator.platform/Developer/usr/lib/libPreviewsJITStubExecutor_no_swift_entry_point.a /Applications/Xcode_26.6.app/Contents/Developer/Platforms/iPhoneSimulator.platform/Developer/usr/lib/libPreviewsJITStubExecutor.a --output /Users/runner/Library/Developer/Xcode/DerivedData/PastelRTS-bnhetfgajalhxehbeatskrbzzzjp/Build/Intermediates.noindex/PastelRTS.build/Debug-iphonesimulator/PastelRTS.build/PastelRTS-ExecutorLinkFileList-normal-x86_64.txt
iOS simulator compile	Compile for iOS Simulator	2026-09-05T18:34:32.8904060Z note: Using stub executor library with Swift entry point. (in target 'PastelRTS' from project 'PastelRTS')
iOS simulator compile	Compile for iOS Simulator	2026-09-05T18:34:32.9012900Z 
iOS simulator compile	Compile for iOS Simulator	2026-09-05T18:34:32.9115640Z ConstructStubExecutorLinkFileList /Users/runner/Library/Developer/Xcode/DerivedData/PastelRTS-bnhetfgajalhxehbeatskrbzzzjp/Build/Intermediates.noindex/PastelRTS.build/Debug-iphonesimulator/PastelRTS.build/PastelRTS-ExecutorLinkFileList-normal-arm64.txt (in target 'PastelRTS' from project 'PastelRTS')
iOS simulator compile	Compile for iOS Simulator	2026-09-05T18:34:32.9218920Z     cd /Users/runner/work/pastel-rts/pastel-rts/apps/ios-shell
iOS simulator compile	Compile for iOS Simulator	2026-09-05T18:34:32.9323280Z     construct-stub-executor-link-file-list /Users/runner/Library/Developer/Xcode/DerivedData/PastelRTS-bnhetfgajalhxehbeatskrbzzzjp/Build/Intermediates.noindex/PastelRTS.build/Debug-iphonesimulator/PastelRTS.build/Objects-normal/arm64/Binary/PastelRTS.debug.dylib /Applications/Xcode_26.6.app/Contents/Developer/Platforms/iPhoneSimulator.platform/Developer/usr/lib/libPreviewsJITStubExecutor_no_swift_entry_point.a /Applications/Xcode_26.6.app/Contents/Developer/Platforms/iPhoneSimulator.platform/Developer/usr/lib/libPreviewsJITStubExecutor.a --output /Users/runner/Library/Developer/Xcode/DerivedData/PastelRTS-bnhetfgajalhxehbeatskrbzzzjp/Build/Intermediates.noindex/PastelRTS.build/Debug-iphonesimulator/PastelRTS.build/PastelRTS-ExecutorLinkFileList-normal-arm64.txt
iOS simulator compile	Compile for iOS Simulator	2026-09-05T18:34:32.9427250Z note: Using stub executor library with Swift entry point. (in target 'PastelRTS' from project 'PastelRTS')
iOS simulator compile	Compile for iOS Simulator	2026-09-05T18:34:32.9528360Z 
iOS simulator compile	Compile for iOS Simulator	2026-09-05T18:34:32.9630590Z Ld /Users/runner/Library/Developer/Xcode/DerivedData/PastelRTS-bnhetfgajalhxehbeatskrbzzzjp/Build/Intermediates.noindex/PastelRTS.build/Debug-iphonesimulator/PastelRTS.build/Objects-normal/arm64/Binary/PastelRTS normal arm64 (in target 'PastelRTS' from project 'PastelRTS')
iOS simulator compile	Compile for iOS Simulator	2026-09-05T18:34:32.9733370Z     cd /Users/runner/work/pastel-rts/pastel-rts/apps/ios-shell
iOS simulator compile	Compile for iOS Simulator	2026-09-05T18:34:32.9854120Z     /Applications/Xcode_26.6.app/Contents/Developer/Toolchains/XcodeDefault.xctoolchain/usr/bin/clang -Xlinker -reproducible -target arm64-apple-ios17.0-simulator -isysroot /Applications/Xcode_26.6.app/Contents/Developer/Platforms/iPhoneSimulator.platform/Developer/SDKs/iPhoneSimulator26.5.sdk -O0 -L/Users/runner/Library/Developer/Xcode/DerivedData/PastelRTS-bnhetfgajalhxehbeatskrbzzzjp/Build/Products/Debug-iphonesimulator -F/Users/runner/Library/Developer/Xcode/DerivedData/PastelRTS-bnhetfgajalhxehbeatskrbzzzjp/Build/Products/Debug-iphonesimulator -Xlinker -rpath -Xlinker @executable_path -Xlinker -rpath -Xlinker @executable_path/Frameworks -rdynamic -Xlinker -no_deduplicate -Xlinker -objc_abi_version -Xlinker 2 -e ___debug_blank_executor_main -Xlinker -sectcreate -Xlinker __TEXT -Xlinker __debug_dylib -Xlinker /Users/runner/Library/Developer/Xcode/DerivedData/PastelRTS-bnhetfgajalhxehbeatskrbzzzjp/Build/Intermediates.noindex/PastelRTS.build/Debug-iphonesimulator/PastelRTS.build/PastelRTS-DebugDylibPath-normal-arm64.txt -Xlinker -sectcreate -Xlinker __TEXT -Xlinker __debug_instlnm -Xlinker /Users/runner/Library/Developer/Xcode/DerivedData/PastelRTS-bnhetfgajalhxehbeatskrbzzzjp/Build/Intermediates.noindex/PastelRTS.build/Debug-iphonesimulator/PastelRTS.build/PastelRTS-DebugDylibInstallName-normal-arm64.txt -Xlinker -filelist -Xlinker /Users/runner/Library/Developer/Xcode/DerivedData/PastelRTS-bnhetfgajalhxehbeatskrbzzzjp/Build/Intermediates.noindex/PastelRTS.build/Debug-iphonesimulator/PastelRTS.build/PastelRTS-ExecutorLinkFileList-normal-arm64.txt /Users/runner/Library/Developer/Xcode/DerivedData/PastelRTS-bnhetfgajalhxehbeatskrbzzzjp/Build/Intermediates.noindex/PastelRTS.build/Debug-iphonesimulator/PastelRTS.build/Objects-normal/arm64/Binary/PastelRTS.debug.dylib -o /Users/runner/Library/Developer/Xcode/DerivedData/PastelRTS-bnhetfgajalhxehbeatskrbzzzjp/Build/Intermediates.noindex/PastelRTS.build/Debug-iphonesimulator/PastelRTS.build/Objects-normal/arm64/Binary/PastelRTS
iOS simulator compile	Compile for iOS Simulator	2026-09-05T18:34:32.9965460Z 
iOS simulator compile	Compile for iOS Simulator	2026-09-05T18:34:33.0070660Z Ld /Users/runner/Library/Developer/Xcode/DerivedData/PastelRTS-bnhetfgajalhxehbeatskrbzzzjp/Build/Intermediates.noindex/PastelRTS.build/Debug-iphonesimulator/PastelRTS.build/Objects-normal/x86_64/Binary/PastelRTS normal x86_64 (in target 'PastelRTS' from project 'PastelRTS')
iOS simulator compile	Compile for iOS Simulator	2026-09-05T18:34:33.0176870Z     cd /Users/runner/work/pastel-rts/pastel-rts/apps/ios-shell
iOS simulator compile	Compile for iOS Simulator	2026-09-05T18:34:33.0307520Z     /Applications/Xcode_26.6.app/Contents/Developer/Toolchains/XcodeDefault.xctoolchain/usr/bin/clang -Xlinker -reproducible -target x86_64-apple-ios17.0-simulator -isysroot /Applications/Xcode_26.6.app/Contents/Developer/Platforms/iPhoneSimulator.platform/Developer/SDKs/iPhoneSimulator26.5.sdk -O0 -L/Users/runner/Library/Developer/Xcode/DerivedData/PastelRTS-bnhetfgajalhxehbeatskrbzzzjp/Build/Products/Debug-iphonesimulator -F/Users/runner/Library/Developer/Xcode/DerivedData/PastelRTS-bnhetfgajalhxehbeatskrbzzzjp/Build/Products/Debug-iphonesimulator -Xlinker -rpath -Xlinker @executable_path -Xlinker -rpath -Xlinker @executable_path/Frameworks -rdynamic -Xlinker -no_deduplicate -Xlinker -objc_abi_version -Xlinker 2 -e ___debug_blank_executor_main -Xlinker -sectcreate -Xlinker __TEXT -Xlinker __debug_dylib -Xlinker /Users/runner/Library/Developer/Xcode/DerivedData/PastelRTS-bnhetfgajalhxehbeatskrbzzzjp/Build/Intermediates.noindex/PastelRTS.build/Debug-iphonesimulator/PastelRTS.build/PastelRTS-DebugDylibPath-normal-x86_64.txt -Xlinker -sectcreate -Xlinker __TEXT -Xlinker __debug_instlnm -Xlinker /Users/runner/Library/Developer/Xcode/DerivedData/PastelRTS-bnhetfgajalhxehbeatskrbzzzjp/Build/Intermediates.noindex/PastelRTS.build/Debug-iphonesimulator/PastelRTS.build/PastelRTS-DebugDylibInstallName-normal-x86_64.txt -Xlinker -filelist -Xlinker /Users/runner/Library/Developer/Xcode/DerivedData/PastelRTS-bnhetfgajalhxehbeatskrbzzzjp/Build/Intermediates.noindex/PastelRTS.build/Debug-iphonesimulator/PastelRTS.build/PastelRTS-ExecutorLinkFileList-normal-x86_64.txt /Users/runner/Library/Developer/Xcode/DerivedData/PastelRTS-bnhetfgajalhxehbeatskrbzzzjp/Build/Intermediates.noindex/PastelRTS.build/Debug-iphonesimulator/PastelRTS.build/Objects-normal/x86_64/Binary/PastelRTS.debug.dylib -o /Users/runner/Library/Developer/Xcode/DerivedData/PastelRTS-bnhetfgajalhxehbeatskrbzzzjp/Build/Intermediates.noindex/PastelRTS.build/Debug-iphonesimulator/PastelRTS.build/Objects-normal/x86_64/Binary/PastelRTS
iOS simulator compile	Compile for iOS Simulator	2026-09-05T18:34:33.0335140Z 
iOS simulator compile	Compile for iOS Simulator	2026-09-05T18:34:33.0438900Z CreateUniversalBinary /Users/runner/Library/Developer/Xcode/DerivedData/PastelRTS-bnhetfgajalhxehbeatskrbzzzjp/Build/Products/Debug-iphonesimulator/PastelRTS.app/PastelRTS normal arm64\ x86_64 (in target 'PastelRTS' from project 'PastelRTS')
iOS simulator compile	Compile for iOS Simulator	2026-09-05T18:34:33.0541530Z     cd /Users/runner/work/pastel-rts/pastel-rts/apps/ios-shell
iOS simulator compile	Compile for iOS Simulator	2026-09-05T18:34:33.0646300Z     /Applications/Xcode_26.6.app/Contents/Developer/Toolchains/XcodeDefault.xctoolchain/usr/bin/lipo -create /Users/runner/Library/Developer/Xcode/DerivedData/PastelRTS-bnhetfgajalhxehbeatskrbzzzjp/Build/Intermediates.noindex/PastelRTS.build/Debug-iphonesimulator/PastelRTS.build/Objects-normal/arm64/Binary/PastelRTS /Users/runner/Library/Developer/Xcode/DerivedData/PastelRTS-bnhetfgajalhxehbeatskrbzzzjp/Build/Intermediates.noindex/PastelRTS.build/Debug-iphonesimulator/PastelRTS.build/Objects-normal/x86_64/Binary/PastelRTS -output /Users/runner/Library/Developer/Xcode/DerivedData/PastelRTS-bnhetfgajalhxehbeatskrbzzzjp/Build/Products/Debug-iphonesimulator/PastelRTS.app/PastelRTS
iOS simulator compile	Compile for iOS Simulator	2026-09-05T18:34:33.0750100Z 
iOS simulator compile	Compile for iOS Simulator	2026-09-05T18:34:33.0853450Z CopySwiftLibs /Users/runner/Library/Developer/Xcode/DerivedData/PastelRTS-bnhetfgajalhxehbeatskrbzzzjp/Build/Products/Debug-iphonesimulator/PastelRTS.app (in target 'PastelRTS' from project 'PastelRTS')
iOS simulator compile	Compile for iOS Simulator	2026-09-05T18:34:33.0961210Z     cd /Users/runner/work/pastel-rts/pastel-rts/apps/ios-shell
iOS simulator compile	Compile for iOS Simulator	2026-09-05T18:34:33.1082400Z     builtin-swiftStdLibTool --copy --verbose --scan-executable /Users/runner/Library/Developer/Xcode/DerivedData/PastelRTS-bnhetfgajalhxehbeatskrbzzzjp/Build/Products/Debug-iphonesimulator/PastelRTS.app/PastelRTS.debug.dylib --scan-folder /Users/runner/Library/Developer/Xcode/DerivedData/PastelRTS-bnhetfgajalhxehbeatskrbzzzjp/Build/Products/Debug-iphonesimulator/PastelRTS.app/Frameworks --scan-folder /Users/runner/Library/Developer/Xcode/DerivedData/PastelRTS-bnhetfgajalhxehbeatskrbzzzjp/Build/Products/Debug-iphonesimulator/PastelRTS.app/PlugIns --scan-folder /Users/runner/Library/Developer/Xcode/DerivedData/PastelRTS-bnhetfgajalhxehbeatskrbzzzjp/Build/Products/Debug-iphonesimulator/PastelRTS.app/SystemExtensions --scan-folder /Users/runner/Library/Developer/Xcode/DerivedData/PastelRTS-bnhetfgajalhxehbeatskrbzzzjp/Build/Products/Debug-iphonesimulator/PastelRTS.app/Extensions --platform iphonesimulator --toolchain /var/run/com.apple.security.cryptexd/mnt/com.apple.MobileAsset.MetalToolchain-v17.6.109.0.RaXmSc/Metal.xctoolchain --toolchain /Applications/Xcode_26.6.app/Contents/Developer/Toolchains/XcodeDefault.xctoolchain --destination /Users/runner/Library/Developer/Xcode/DerivedData/PastelRTS-bnhetfgajalhxehbeatskrbzzzjp/Build/Products/Debug-iphonesimulator/PastelRTS.app/Frameworks --strip-bitcode --strip-bitcode-tool /Applications/Xcode_26.6.app/Contents/Developer/Toolchains/XcodeDefault.xctoolchain/usr/bin/bitcode_strip --emit-dependency-info /Users/runner/Library/Developer/Xcode/DerivedData/PastelRTS-bnhetfgajalhxehbeatskrbzzzjp/Build/Intermediates.noindex/PastelRTS.build/Debug-iphonesimulator/PastelRTS.build/SwiftStdLibToolInputDependencies.dep --filter-for-swift-os --back-deploy-swift-span
iOS simulator compile	Compile for iOS Simulator	2026-09-05T18:34:33.1197150Z Ignoring --strip-bitcode because --sign was not passed
iOS simulator compile	Compile for iOS Simulator	2026-09-05T18:34:33.1299000Z 
iOS simulator compile	Compile for iOS Simulator	2026-09-05T18:34:33.1401700Z ExtractAppIntentsMetadata (in target 'PastelRTS' from project 'PastelRTS')
iOS simulator compile	Compile for iOS Simulator	2026-09-05T18:34:33.1505100Z     cd /Users/runner/work/pastel-rts/pastel-rts/apps/ios-shell
iOS simulator compile	Compile for iOS Simulator	2026-09-05T18:34:33.1621480Z     /Applications/Xcode_26.6.app/Contents/Developer/Toolchains/XcodeDefault.xctoolchain/usr/bin/appintentsmetadataprocessor --toolchain-dir /var/run/com.apple.security.cryptexd/mnt/com.apple.MobileAsset.MetalToolchain-v17.6.109.0.RaXmSc/Metal.xctoolchain --module-name PastelRTS --sdk-root /Applications/Xcode_26.6.app/Contents/Developer/Platforms/iPhoneSimulator.platform/Developer/SDKs/iPhoneSimulator26.5.sdk --xcode-version 17F113 --platform-family iOS --deployment-target 17.0 --bundle-identifier com.pastelrts.app --output /Users/runner/Library/Developer/Xcode/DerivedData/PastelRTS-bnhetfgajalhxehbeatskrbzzzjp/Build/Products/Debug-iphonesimulator/PastelRTS.app --target-triple arm64-apple-ios17.0-simulator --target-triple x86_64-apple-ios17.0-simulator --binary-file /Users/runner/Library/Developer/Xcode/DerivedData/PastelRTS-bnhetfgajalhxehbeatskrbzzzjp/Build/Products/Debug-iphonesimulator/PastelRTS.app/PastelRTS --dependency-file /Users/runner/Library/Developer/Xcode/DerivedData/PastelRTS-bnhetfgajalhxehbeatskrbzzzjp/Build/Intermediates.noindex/PastelRTS.build/Debug-iphonesimulator/PastelRTS.build/Objects-normal/arm64/PastelRTS_dependency_info.dat --dependency-file /Users/runner/Library/Developer/Xcode/DerivedData/PastelRTS-bnhetfgajalhxehbeatskrbzzzjp/Build/Intermediates.noindex/PastelRTS.build/Debug-iphonesimulator/PastelRTS.build/Objects-normal/x86_64/PastelRTS_dependency_info.dat --stringsdata-file /Users/runner/Library/Developer/Xcode/DerivedData/PastelRTS-bnhetfgajalhxehbeatskrbzzzjp/Build/Intermediates.noindex/PastelRTS.build/Debug-iphonesimulator/PastelRTS.build/Objects-normal/arm64/ExtractedAppShortcutsMetadata.stringsdata --stringsdata-file /Users/runner/Library/Developer/Xcode/DerivedData/PastelRTS-bnhetfgajalhxehbeatskrbzzzjp/Build/Intermediates.noindex/PastelRTS.build/Debug-iphonesimulator/PastelRTS.build/Objects-normal/x86_64/ExtractedAppShortcutsMetadata.stringsdata --source-file-list /Users/runner/Library/Developer/Xcode/DerivedData/PastelRTS-bnhetfgajalhxehbeatskrbzzzjp/Build/Intermediates.noindex/PastelRTS.build/Debug-iphonesimulator/PastelRTS.build/Objects-normal/arm64/PastelRTS.SwiftFileList --source-file-list /Users/runner/Library/Developer/Xcode/DerivedData/PastelRTS-bnhetfgajalhxehbeatskrbzzzjp/Build/Intermediates.noindex/PastelRTS.build/Debug-iphonesimulator/PastelRTS.build/Objects-normal/x86_64/PastelRTS.SwiftFileList --metadata-file-list /Users/runner/Library/Developer/Xcode/DerivedData/PastelRTS-bnhetfgajalhxehbeatskrbzzzjp/Build/Intermediates.noindex/PastelRTS.build/Debug-iphonesimulator/PastelRTS.build/PastelRTS.DependencyMetadataFileList --static-metadata-file-list /Users/runner/Library/Developer/Xcode/DerivedData/PastelRTS-bnhetfgajalhxehbeatskrbzzzjp/Build/Intermediates.noindex/PastelRTS.build/Debug-iphonesimulator/PastelRTS.build/PastelRTS.DependencyStaticMetadataFileList --swift-const-vals-list /Users/runner/Library/Developer/Xcode/DerivedData/PastelRTS-bnhetfgajalhxehbeatskrbzzzjp/Build/Intermediates.noindex/PastelRTS.build/Debug-iphonesimulator/PastelRTS.build/Objects-normal/arm64/PastelRTS.SwiftConstValuesFileList --swift-const-vals-list /Users/runner/Library/Developer/Xcode/DerivedData/PastelRTS-bnhetfgajalhxehbeatskrbzzzjp/Build/Intermediates.noindex/PastelRTS.build/Debug-iphonesimulator/PastelRTS.build/Objects-normal/x86_64/PastelRTS.SwiftConstValuesFileList --compile-time-extraction --deployment-aware-processing --validate-assistant-intents --no-app-shortcuts-localization
iOS simulator compile	Compile for iOS Simulator	2026-09-05T18:34:33.1644030Z 2026-09-05 18:34:33.008 appintentsmetadataprocessor[34632:85253] Starting appintentsmetadataprocessor export
iOS simulator compile	Compile for iOS Simulator	2026-09-05T18:34:33.1747020Z 2026-09-05 18:34:33.020 appintentsmetadataprocessor[34632:85253] warning: Metadata extraction skipped. No AppIntents.framework dependency found.
iOS simulator compile	Compile for iOS Simulator	2026-09-05T18:34:33.1849150Z 
iOS simulator compile	Compile for iOS Simulator	2026-09-05T18:34:33.1950470Z AppIntentsSSUTraining (in target 'PastelRTS' from project 'PastelRTS')
iOS simulator compile	Compile for iOS Simulator	2026-09-05T18:34:33.2062720Z     cd /Users/runner/work/pastel-rts/pastel-rts/apps/ios-shell
iOS simulator compile	Compile for iOS Simulator	2026-09-05T18:34:33.2173130Z     /Applications/Xcode_26.6.app/Contents/Developer/Toolchains/XcodeDefault.xctoolchain/usr/bin/appintentsnltrainingprocessor --infoplist-path /Users/runner/Library/Developer/Xcode/DerivedData/PastelRTS-bnhetfgajalhxehbeatskrbzzzjp/Build/Products/Debug-iphonesimulator/PastelRTS.app/Info.plist --temp-dir-path /Users/runner/Library/Developer/Xcode/DerivedData/PastelRTS-bnhetfgajalhxehbeatskrbzzzjp/Build/Intermediates.noindex/PastelRTS.build/Debug-iphonesimulator/PastelRTS.build/ssu --bundle-id com.pastelrts.app --product-path /Users/runner/Library/Developer/Xcode/DerivedData/PastelRTS-bnhetfgajalhxehbeatskrbzzzjp/Build/Products/Debug-iphonesimulator/PastelRTS.app --extracted-metadata-path /Users/runner/Library/Developer/Xcode/DerivedData/PastelRTS-bnhetfgajalhxehbeatskrbzzzjp/Build/Products/Debug-iphonesimulator/PastelRTS.app/Metadata.appintents --metadata-file-list /Users/runner/Library/Developer/Xcode/DerivedData/PastelRTS-bnhetfgajalhxehbeatskrbzzzjp/Build/Intermediates.noindex/PastelRTS.build/Debug-iphonesimulator/PastelRTS.build/PastelRTS.DependencyMetadataFileList --source-file /Users/runner/Library/Developer/Xcode/DerivedData/PastelRTS-bnhetfgajalhxehbeatskrbzzzjp/Build/Products/Debug-iphonesimulator/PastelRTS.app/Info.plist --archive-ssu-assets
iOS simulator compile	Compile for iOS Simulator	2026-09-05T18:34:33.2269650Z 2026-09-05 18:34:33.070 appintentsnltrainingprocessor[34672:85338] Parsing options for appintentsnltrainingprocessor
iOS simulator compile	Compile for iOS Simulator	2026-09-05T18:34:33.2372190Z 2026-09-05 18:34:33.070 appintentsnltrainingprocessor[34672:85338] Starting AppIntents SSU YAML Generation
iOS simulator compile	Compile for iOS Simulator	2026-09-05T18:34:33.2475040Z 2026-09-05 18:34:33.075 appintentsnltrainingprocessor[34672:85338] No AppShortcuts found - Skipping.
iOS simulator compile	Compile for iOS Simulator	2026-09-05T18:34:33.2591890Z 
iOS simulator compile	Compile for iOS Simulator	2026-09-05T18:34:33.2699680Z RegisterExecutionPolicyException /Users/runner/Library/Developer/Xcode/DerivedData/PastelRTS-bnhetfgajalhxehbeatskrbzzzjp/Build/Products/Debug-iphonesimulator/PastelRTS.app (in target 'PastelRTS' from project 'PastelRTS')
iOS simulator compile	Compile for iOS Simulator	2026-09-05T18:34:33.2816130Z     cd /Users/runner/work/pastel-rts/pastel-rts/apps/ios-shell
iOS simulator compile	Compile for iOS Simulator	2026-09-05T18:34:33.2920430Z     builtin-RegisterExecutionPolicyException /Users/runner/Library/Developer/Xcode/DerivedData/PastelRTS-bnhetfgajalhxehbeatskrbzzzjp/Build/Products/Debug-iphonesimulator/PastelRTS.app
iOS simulator compile	Compile for iOS Simulator	2026-09-05T18:34:33.3023890Z 
iOS simulator compile	Compile for iOS Simulator	2026-09-05T18:34:33.3127900Z Validate /Users/runner/Library/Developer/Xcode/DerivedData/PastelRTS-bnhetfgajalhxehbeatskrbzzzjp/Build/Products/Debug-iphonesimulator/PastelRTS.app (in target 'PastelRTS' from project 'PastelRTS')
iOS simulator compile	Compile for iOS Simulator	2026-09-05T18:34:33.3231140Z     cd /Users/runner/work/pastel-rts/pastel-rts/apps/ios-shell
iOS simulator compile	Compile for iOS Simulator	2026-09-05T18:34:33.3335210Z     builtin-validationUtility /Users/runner/Library/Developer/Xcode/DerivedData/PastelRTS-bnhetfgajalhxehbeatskrbzzzjp/Build/Products/Debug-iphonesimulator/PastelRTS.app -shallow-bundle -infoplist-subpath Info.plist
iOS simulator compile	Compile for iOS Simulator	2026-09-05T18:34:33.3435030Z 
iOS simulator compile	Compile for iOS Simulator	2026-09-05T18:34:33.3537460Z Touch /Users/runner/Library/Developer/Xcode/DerivedData/PastelRTS-bnhetfgajalhxehbeatskrbzzzjp/Build/Products/Debug-iphonesimulator/PastelRTS.app (in target 'PastelRTS' from project 'PastelRTS')
iOS simulator compile	Compile for iOS Simulator	2026-09-05T18:34:33.3639090Z     cd /Users/runner/work/pastel-rts/pastel-rts/apps/ios-shell
iOS simulator compile	Compile for iOS Simulator	2026-09-05T18:34:33.3741870Z     /usr/bin/touch -c /Users/runner/Library/Developer/Xcode/DerivedData/PastelRTS-bnhetfgajalhxehbeatskrbzzzjp/Build/Products/Debug-iphonesimulator/PastelRTS.app
iOS simulator compile	Compile for iOS Simulator	2026-09-05T18:34:33.3841080Z 
iOS simulator compile	Compile for iOS Simulator	2026-09-05T18:34:33.3942660Z ** BUILD SUCCEEDED **
iOS simulator compile	Compile for iOS Simulator	2026-09-05T18:34:33.4043500Z 
iOS simulator compile	Post Run actions/setup-node@v4	﻿2026-09-05T18:34:33.4467620Z Node 20 is being deprecated. This workflow is running with Node 24 by default. If you need to temporarily use Node 20, you can set the ACTIONS_ALLOW_USE_UNSECURE_NODE_VERSION=true environment variable. For more information see: https://github.blog/changelog/2025-09-19-deprecation-of-node-20-on-github-actions-runners/
iOS simulator compile	Post Run actions/setup-node@v4	2026-09-05T18:34:33.4469020Z Post job cleanup.
iOS simulator compile	Post Run actions/setup-node@v4	2026-09-05T18:34:33.9629400Z (node:34725) [DEP0040] DeprecationWarning: The `punycode` module is deprecated. Please use a userland alternative instead.
iOS simulator compile	Post Run actions/setup-node@v4	2026-09-05T18:34:33.9630860Z Cache hit occurred on the primary key node-cache-macOS-arm64-npm-201a7f779f6b2a1f19c1624cd1146fec8c729e3f162f398545aba35a0da58946, not saving cache.
iOS simulator compile	Post Run actions/setup-node@v4	2026-09-05T18:34:33.9710530Z (Use `node --trace-deprecation ...` to show where the warning was created)
iOS simulator compile	Post Run actions/checkout@v4	﻿2026-09-05T18:34:33.9967770Z Node 20 is being deprecated. This workflow is running with Node 24 by default. If you need to temporarily use Node 20, you can set the ACTIONS_ALLOW_USE_UNSECURE_NODE_VERSION=true environment variable. For more information see: https://github.blog/changelog/2025-09-19-deprecation-of-node-20-on-github-actions-runners/
iOS simulator compile	Post Run actions/checkout@v4	2026-09-05T18:34:33.9970110Z Post job cleanup.
iOS simulator compile	Post Run actions/checkout@v4	2026-09-05T18:34:34.1552480Z [command]/opt/homebrew/bin/git version
iOS simulator compile	Post Run actions/checkout@v4	2026-09-05T18:34:34.1854830Z git version 2.55.0
iOS simulator compile	Post Run actions/checkout@v4	2026-09-05T18:34:34.2401710Z Copying '/Users/runner/.gitconfig' to '/Users/runner/work/_temp/3aed5d5d-db19-47f3-94c3-2246c58033aa/.gitconfig'
iOS simulator compile	Post Run actions/checkout@v4	2026-09-05T18:34:34.2503750Z Temporarily overriding HOME='/Users/runner/work/_temp/3aed5d5d-db19-47f3-94c3-2246c58033aa' before making global git config changes
iOS simulator compile	Post Run actions/checkout@v4	2026-09-05T18:34:34.2606360Z Adding repository directory to the temporary git global config as a safe directory
iOS simulator compile	Post Run actions/checkout@v4	2026-09-05T18:34:34.2708110Z [command]/opt/homebrew/bin/git config --global --add safe.directory /Users/runner/work/pastel-rts/pastel-rts
iOS simulator compile	Post Run actions/checkout@v4	2026-09-05T18:34:34.3015680Z [command]/opt/homebrew/bin/git config --local --name-only --get-regexp core\.sshCommand
iOS simulator compile	Post Run actions/checkout@v4	2026-09-05T18:34:34.3321750Z [command]/opt/homebrew/bin/git submodule foreach --recursive sh -c "git config --local --name-only --get-regexp 'core\.sshCommand' && git config --local --unset-all 'core.sshCommand' || :"
iOS simulator compile	Post Run actions/checkout@v4	2026-09-05T18:34:34.4945030Z [command]/opt/homebrew/bin/git config --local --name-only --get-regexp http\.https\:\/\/github\.com\/\.extraheader
iOS simulator compile	Post Run actions/checkout@v4	2026-09-05T18:34:34.5046630Z http.https://github.com/.extraheader
iOS simulator compile	Post Run actions/checkout@v4	2026-09-05T18:34:34.5357240Z [command]/opt/homebrew/bin/git config --local --unset-all http.https://github.com/.extraheader
iOS simulator compile	Post Run actions/checkout@v4	2026-09-05T18:34:34.5663700Z [command]/opt/homebrew/bin/git submodule foreach --recursive sh -c "git config --local --name-only --get-regexp 'http\.https\:\/\/github\.com\/\.extraheader' && git config --local --unset-all 'http.https://github.com/.extraheader' || :"
iOS simulator compile	Post Run actions/checkout@v4	2026-09-05T18:34:34.7297780Z [command]/opt/homebrew/bin/git config --local --name-only --get-regexp ^includeIf\.gitdir:
iOS simulator compile	Post Run actions/checkout@v4	2026-09-05T18:34:34.7789320Z [command]/opt/homebrew/bin/git submodule foreach --recursive git config --local --show-origin --name-only --get-regexp remote.origin.url
iOS simulator compile	Complete job	﻿2026-09-05T18:34:34.9488430Z Cleaning up orphan processes
iOS simulator compile	Complete job	2026-09-05T18:34:36.2466440Z ##[warning]Node.js 20 is deprecated. The following actions target Node.js 20 but are being forced to run on Node.js 24: actions/checkout@v4, actions/setup-node@v4. For more information see: https://github.blog/changelog/2025-09-19-deprecation-of-node-20-on-github-actions-runners/
Web typecheck, test, build, Playwright	Set up job	﻿2026-09-05T18:33:31.3912169Z Current runner version: '2.337.0'
Web typecheck, test, build, Playwright	Set up job	2026-09-05T18:33:31.3950625Z ##[group]Runner Image Provisioner
Web typecheck, test, build, Playwright	Set up job	2026-09-05T18:33:31.3951934Z Hosted Compute Agent
Web typecheck, test, build, Playwright	Set up job	2026-09-05T18:33:31.3953058Z Version: 20260828.587
Web typecheck, test, build, Playwright	Set up job	2026-09-05T18:33:31.3954056Z Commit: abac92662cab4cc7352de4f9f9d2e2419aad9c29
Web typecheck, test, build, Playwright	Set up job	2026-09-05T18:33:31.3955274Z Build Date: 2026-08-28T16:44:25Z
Web typecheck, test, build, Playwright	Set up job	2026-09-05T18:33:31.3956566Z Worker ID: {70a1c299-51de-45d5-982d-df01791ebe22}
Web typecheck, test, build, Playwright	Set up job	2026-09-05T18:33:31.3957726Z Azure Region: eastus2
Web typecheck, test, build, Playwright	Set up job	2026-09-05T18:33:31.3958749Z ##[endgroup]
Web typecheck, test, build, Playwright	Set up job	2026-09-05T18:33:31.3961010Z ##[group]Operating System
Web typecheck, test, build, Playwright	Set up job	2026-09-05T18:33:31.3962084Z Ubuntu
Web typecheck, test, build, Playwright	Set up job	2026-09-05T18:33:31.3962880Z 24.04.4
Web typecheck, test, build, Playwright	Set up job	2026-09-05T18:33:31.3963687Z LTS
Web typecheck, test, build, Playwright	Set up job	2026-09-05T18:33:31.3964592Z ##[endgroup]
Web typecheck, test, build, Playwright	Set up job	2026-09-05T18:33:31.3965462Z ##[group]Runner Image
Web typecheck, test, build, Playwright	Set up job	2026-09-05T18:33:31.3966648Z Image: ubuntu-24.04
Web typecheck, test, build, Playwright	Set up job	2026-09-05T18:33:31.3967539Z Version: 20260831.293.1
Web typecheck, test, build, Playwright	Set up job	2026-09-05T18:33:31.3969296Z Included Software: https://github.com/actions/runner-images/blob/ubuntu24/20260831.293/images/ubuntu/Ubuntu2404-Readme.md
Web typecheck, test, build, Playwright	Set up job	2026-09-05T18:33:31.3972271Z Image Release: https://github.com/actions/runner-images/releases/tag/ubuntu24%2F20260831.293
Web typecheck, test, build, Playwright	Set up job	2026-09-05T18:33:31.3973990Z ##[endgroup]
Web typecheck, test, build, Playwright	Set up job	2026-09-05T18:33:31.3975955Z ##[group]GITHUB_TOKEN Permissions
Web typecheck, test, build, Playwright	Set up job	2026-09-05T18:33:31.3978980Z Contents: read
Web typecheck, test, build, Playwright	Set up job	2026-09-05T18:33:31.3979907Z Metadata: read
Web typecheck, test, build, Playwright	Set up job	2026-09-05T18:33:31.3981061Z Packages: read
Web typecheck, test, build, Playwright	Set up job	2026-09-05T18:33:31.3981921Z ##[endgroup]
Web typecheck, test, build, Playwright	Set up job	2026-09-05T18:33:31.3985095Z Secret source: Actions
Web typecheck, test, build, Playwright	Set up job	2026-09-05T18:33:31.3986957Z Prepare workflow directory
Web typecheck, test, build, Playwright	Set up job	2026-09-05T18:33:31.4460178Z Prepare all required actions
Web typecheck, test, build, Playwright	Set up job	2026-09-05T18:33:31.4529994Z Getting action download info
Web typecheck, test, build, Playwright	Set up job	2026-09-05T18:33:31.6434720Z Download action repository 'actions/checkout@v4' (SHA:11d5960a326750d5838078e36cf38b85af677262)
Web typecheck, test, build, Playwright	Set up job	2026-09-05T18:33:31.7625838Z Download action repository 'actions/setup-node@v4' (SHA:49933ea5288caeca8642d1e84afbd3f7d6820020)
Web typecheck, test, build, Playwright	Set up job	2026-09-05T18:33:31.8574344Z Download action repository 'actions/cache@v4' (SHA:0057852bfaa89a56745cba8c7296529d2fc39830)
Web typecheck, test, build, Playwright	Set up job	2026-09-05T18:33:31.9714683Z Download action repository 'actions/upload-artifact@v4' (SHA:ea165f8d65b6e75b540449e92b4886f43607fa02)
Web typecheck, test, build, Playwright	Set up job	2026-09-05T18:33:32.1886785Z Complete job name: Web typecheck, test, build, Playwright
Web typecheck, test, build, Playwright	Run actions/checkout@v4	﻿2026-09-05T18:33:32.2687932Z Node 20 is being deprecated. This workflow is running with Node 24 by default. If you need to temporarily use Node 20, you can set the ACTIONS_ALLOW_USE_UNSECURE_NODE_VERSION=true environment variable. For more information see: https://github.blog/changelog/2025-09-19-deprecation-of-node-20-on-github-actions-runners/
Web typecheck, test, build, Playwright	Run actions/checkout@v4	2026-09-05T18:33:32.2696917Z ##[group]Run actions/checkout@v4
Web typecheck, test, build, Playwright	Run actions/checkout@v4	2026-09-05T18:33:32.2697696Z with:
Web typecheck, test, build, Playwright	Run actions/checkout@v4	2026-09-05T18:33:32.2698193Z   repository: prateekranka/pastel-rts
Web typecheck, test, build, Playwright	Run actions/checkout@v4	2026-09-05T18:33:32.2702466Z   token: ***
Web typecheck, test, build, Playwright	Run actions/checkout@v4	2026-09-05T18:33:32.2702946Z   ssh-strict: true
Web typecheck, test, build, Playwright	Run actions/checkout@v4	2026-09-05T18:33:32.2703431Z   ssh-user: git
Web typecheck, test, build, Playwright	Run actions/checkout@v4	2026-09-05T18:33:32.2703918Z   persist-credentials: true
Web typecheck, test, build, Playwright	Run actions/checkout@v4	2026-09-05T18:33:32.2704451Z   clean: true
Web typecheck, test, build, Playwright	Run actions/checkout@v4	2026-09-05T18:33:32.2704935Z   sparse-checkout-cone-mode: true
Web typecheck, test, build, Playwright	Run actions/checkout@v4	2026-09-05T18:33:32.2705553Z   fetch-depth: 1
Web typecheck, test, build, Playwright	Run actions/checkout@v4	2026-09-05T18:33:32.2706352Z   fetch-tags: false
Web typecheck, test, build, Playwright	Run actions/checkout@v4	2026-09-05T18:33:32.2706916Z   show-progress: true
Web typecheck, test, build, Playwright	Run actions/checkout@v4	2026-09-05T18:33:32.2707405Z   lfs: false
Web typecheck, test, build, Playwright	Run actions/checkout@v4	2026-09-05T18:33:32.2707857Z   submodules: false
Web typecheck, test, build, Playwright	Run actions/checkout@v4	2026-09-05T18:33:32.2708414Z   set-safe-directory: true
Web typecheck, test, build, Playwright	Run actions/checkout@v4	2026-09-05T18:33:32.2708972Z   allow-unsafe-pr-checkout: false
Web typecheck, test, build, Playwright	Run actions/checkout@v4	2026-09-05T18:33:32.2709810Z ##[endgroup]
Web typecheck, test, build, Playwright	Run actions/checkout@v4	2026-09-05T18:33:32.3750872Z Syncing repository: prateekranka/pastel-rts
Web typecheck, test, build, Playwright	Run actions/checkout@v4	2026-09-05T18:33:32.3753700Z ##[group]Getting Git version info
Web typecheck, test, build, Playwright	Run actions/checkout@v4	2026-09-05T18:33:32.3754916Z Working directory is '/home/runner/work/pastel-rts/pastel-rts'
Web typecheck, test, build, Playwright	Run actions/checkout@v4	2026-09-05T18:33:32.3756925Z [command]/usr/bin/git version
Web typecheck, test, build, Playwright	Run actions/checkout@v4	2026-09-05T18:33:32.3844534Z git version 2.55.0
Web typecheck, test, build, Playwright	Run actions/checkout@v4	2026-09-05T18:33:32.3870102Z ##[endgroup]
Web typecheck, test, build, Playwright	Run actions/checkout@v4	2026-09-05T18:33:32.3982994Z Temporarily overriding HOME='/home/runner/work/_temp/3b49db76-b5a1-4051-867e-37d6bff17135' before making global git config changes
Web typecheck, test, build, Playwright	Run actions/checkout@v4	2026-09-05T18:33:32.4007937Z Adding repository directory to the temporary git global config as a safe directory
Web typecheck, test, build, Playwright	Run actions/checkout@v4	2026-09-05T18:33:32.4027733Z [command]/usr/bin/git config --global --add safe.directory /home/runner/work/pastel-rts/pastel-rts
Web typecheck, test, build, Playwright	Run actions/checkout@v4	2026-09-05T18:33:32.4030594Z Deleting the contents of '/home/runner/work/pastel-rts/pastel-rts'
Web typecheck, test, build, Playwright	Run actions/checkout@v4	2026-09-05T18:33:32.4032337Z ##[group]Initializing the repository
Web typecheck, test, build, Playwright	Run actions/checkout@v4	2026-09-05T18:33:32.4033480Z [command]/usr/bin/git init /home/runner/work/pastel-rts/pastel-rts
Web typecheck, test, build, Playwright	Run actions/checkout@v4	2026-09-05T18:33:32.4111000Z hint: Using 'master' as the name for the initial branch. This default branch name
Web typecheck, test, build, Playwright	Run actions/checkout@v4	2026-09-05T18:33:32.4112701Z hint: will change to "main" in Git 3.0. To configure the initial branch name
Web typecheck, test, build, Playwright	Run actions/checkout@v4	2026-09-05T18:33:32.4114304Z hint: to use in all of your new repositories, which will suppress this warning,
Web typecheck, test, build, Playwright	Run actions/checkout@v4	2026-09-05T18:33:32.4115594Z hint: call:
Web typecheck, test, build, Playwright	Run actions/checkout@v4	2026-09-05T18:33:32.4116610Z hint:
Web typecheck, test, build, Playwright	Run actions/checkout@v4	2026-09-05T18:33:32.4117618Z hint: 	git config --global init.defaultBranch <name>
Web typecheck, test, build, Playwright	Run actions/checkout@v4	2026-09-05T18:33:32.4118732Z hint:
Web typecheck, test, build, Playwright	Run actions/checkout@v4	2026-09-05T18:33:32.4119758Z hint: Names commonly chosen instead of 'master' are 'main', 'trunk' and
Web typecheck, test, build, Playwright	Run actions/checkout@v4	2026-09-05T18:33:32.4121448Z hint: 'development'. The just-created branch can be renamed via this command:
Web typecheck, test, build, Playwright	Run actions/checkout@v4	2026-09-05T18:33:32.4122779Z hint:
Web typecheck, test, build, Playwright	Run actions/checkout@v4	2026-09-05T18:33:32.4123557Z hint: 	git branch -m <name>
Web typecheck, test, build, Playwright	Run actions/checkout@v4	2026-09-05T18:33:32.4124465Z hint:
Web typecheck, test, build, Playwright	Run actions/checkout@v4	2026-09-05T18:33:32.4125602Z hint: Disable this message with "git config set advice.defaultBranchName false"
Web typecheck, test, build, Playwright	Run actions/checkout@v4	2026-09-05T18:33:32.4137648Z Initialized empty Git repository in /home/runner/work/pastel-rts/pastel-rts/.git/
Web typecheck, test, build, Playwright	Run actions/checkout@v4	2026-09-05T18:33:32.4145267Z [command]/usr/bin/git remote add origin https://github.com/prateekranka/pastel-rts
Web typecheck, test, build, Playwright	Run actions/checkout@v4	2026-09-05T18:33:32.4215755Z ##[endgroup]
Web typecheck, test, build, Playwright	Run actions/checkout@v4	2026-09-05T18:33:32.4217306Z ##[group]Disabling automatic garbage collection
Web typecheck, test, build, Playwright	Run actions/checkout@v4	2026-09-05T18:33:32.4225538Z [command]/usr/bin/git config --local gc.auto 0
Web typecheck, test, build, Playwright	Run actions/checkout@v4	2026-09-05T18:33:32.4285192Z ##[endgroup]
Web typecheck, test, build, Playwright	Run actions/checkout@v4	2026-09-05T18:33:32.4286801Z ##[group]Setting up auth
Web typecheck, test, build, Playwright	Run actions/checkout@v4	2026-09-05T18:33:32.4288110Z [command]/usr/bin/git config --local --name-only --get-regexp core\.sshCommand
Web typecheck, test, build, Playwright	Run actions/checkout@v4	2026-09-05T18:33:32.4321930Z [command]/usr/bin/git submodule foreach --recursive sh -c "git config --local --name-only --get-regexp 'core\.sshCommand' && git config --local --unset-all 'core.sshCommand' || :"
Web typecheck, test, build, Playwright	Run actions/checkout@v4	2026-09-05T18:33:32.4771005Z [command]/usr/bin/git config --local --name-only --get-regexp http\.https\:\/\/github\.com\/\.extraheader
Web typecheck, test, build, Playwright	Run actions/checkout@v4	2026-09-05T18:33:32.4823515Z [command]/usr/bin/git submodule foreach --recursive sh -c "git config --local --name-only --get-regexp 'http\.https\:\/\/github\.com\/\.extraheader' && git config --local --unset-all 'http.https://github.com/.extraheader' || :"
Web typecheck, test, build, Playwright	Run actions/checkout@v4	2026-09-05T18:33:32.5093209Z [command]/usr/bin/git config --local --name-only --get-regexp ^includeIf\.gitdir:
Web typecheck, test, build, Playwright	Run actions/checkout@v4	2026-09-05T18:33:32.5145952Z [command]/usr/bin/git submodule foreach --recursive git config --local --show-origin --name-only --get-regexp remote.origin.url
Web typecheck, test, build, Playwright	Run actions/checkout@v4	2026-09-05T18:33:32.5386612Z [command]/usr/bin/git config --local http.https://github.com/.extraheader AUTHORIZATION: basic ***
Web typecheck, test, build, Playwright	Run actions/checkout@v4	2026-09-05T18:33:32.5429320Z ##[endgroup]
Web typecheck, test, build, Playwright	Run actions/checkout@v4	2026-09-05T18:33:32.5430642Z ##[group]Fetching the repository
Web typecheck, test, build, Playwright	Run actions/checkout@v4	2026-09-05T18:33:32.5439575Z [command]/usr/bin/git -c protocol.version=2 fetch --no-tags --prune --no-recurse-submodules --depth=1 origin +377ae8eb566c17c7730ed5c7be73e6e161ee8c28:refs/remotes/pull/4/merge
Web typecheck, test, build, Playwright	Run actions/checkout@v4	2026-09-05T18:33:35.7161286Z From https://github.com/prateekranka/pastel-rts
Web typecheck, test, build, Playwright	Run actions/checkout@v4	2026-09-05T18:33:35.7163266Z  * [new ref]         377ae8eb566c17c7730ed5c7be73e6e161ee8c28 -> pull/4/merge
Web typecheck, test, build, Playwright	Run actions/checkout@v4	2026-09-05T18:33:35.7228258Z ##[endgroup]
Web typecheck, test, build, Playwright	Run actions/checkout@v4	2026-09-05T18:33:35.7229534Z ##[group]Determining the checkout info
Web typecheck, test, build, Playwright	Run actions/checkout@v4	2026-09-05T18:33:35.7230478Z ##[endgroup]
Web typecheck, test, build, Playwright	Run actions/checkout@v4	2026-09-05T18:33:35.7231058Z [command]/usr/bin/git sparse-checkout disable
Web typecheck, test, build, Playwright	Run actions/checkout@v4	2026-09-05T18:33:35.7248905Z [command]/usr/bin/git config --local --unset-all extensions.worktreeConfig
Web typecheck, test, build, Playwright	Run actions/checkout@v4	2026-09-05T18:33:35.7279881Z ##[group]Checking out the ref
Web typecheck, test, build, Playwright	Run actions/checkout@v4	2026-09-05T18:33:35.7283987Z [command]/usr/bin/git checkout --progress --force refs/remotes/pull/4/merge
Web typecheck, test, build, Playwright	Run actions/checkout@v4	2026-09-05T18:33:35.9745312Z Note: switching to 'refs/remotes/pull/4/merge'.
Web typecheck, test, build, Playwright	Run actions/checkout@v4	2026-09-05T18:33:35.9746826Z 
Web typecheck, test, build, Playwright	Run actions/checkout@v4	2026-09-05T18:33:35.9747693Z You are in 'detached HEAD' state. You can look around, make experimental
Web typecheck, test, build, Playwright	Run actions/checkout@v4	2026-09-05T18:33:35.9749990Z changes and commit them, and you can discard any commits you make in this
Web typecheck, test, build, Playwright	Run actions/checkout@v4	2026-09-05T18:33:35.9751968Z state without impacting any branches by switching back to a branch.
Web typecheck, test, build, Playwright	Run actions/checkout@v4	2026-09-05T18:33:35.9753073Z 
Web typecheck, test, build, Playwright	Run actions/checkout@v4	2026-09-05T18:33:35.9753906Z If you want to create a new branch to retain commits you create, you may
Web typecheck, test, build, Playwright	Run actions/checkout@v4	2026-09-05T18:33:35.9755811Z do so (now or later) by using -c with the switch command. Example:
Web typecheck, test, build, Playwright	Run actions/checkout@v4	2026-09-05T18:33:35.9757257Z 
Web typecheck, test, build, Playwright	Run actions/checkout@v4	2026-09-05T18:33:35.9757805Z   git switch -c <new-branch-name>
Web typecheck, test, build, Playwright	Run actions/checkout@v4	2026-09-05T18:33:35.9758665Z 
Web typecheck, test, build, Playwright	Run actions/checkout@v4	2026-09-05T18:33:35.9759205Z Or undo this operation with:
Web typecheck, test, build, Playwright	Run actions/checkout@v4	2026-09-05T18:33:35.9759969Z 
Web typecheck, test, build, Playwright	Run actions/checkout@v4	2026-09-05T18:33:35.9760456Z   git switch -
Web typecheck, test, build, Playwright	Run actions/checkout@v4	2026-09-05T18:33:35.9761106Z 
Web typecheck, test, build, Playwright	Run actions/checkout@v4	2026-09-05T18:33:35.9762152Z Turn off this advice by setting config variable advice.detachedHead to false
Web typecheck, test, build, Playwright	Run actions/checkout@v4	2026-09-05T18:33:35.9763663Z 
Web typecheck, test, build, Playwright	Run actions/checkout@v4	2026-09-05T18:33:35.9765300Z HEAD is now at 377ae8e Merge 111b9ca648454c1f1e4b162f38095473d95b228d into 6be785fe33429cae42f6d4dabd15660a91309827
Web typecheck, test, build, Playwright	Run actions/checkout@v4	2026-09-05T18:33:35.9777070Z ##[endgroup]
Web typecheck, test, build, Playwright	Run actions/checkout@v4	2026-09-05T18:33:35.9827418Z [command]/usr/bin/git log -1 --format=%H
Web typecheck, test, build, Playwright	Run actions/checkout@v4	2026-09-05T18:33:35.9857158Z 377ae8eb566c17c7730ed5c7be73e6e161ee8c28
Web typecheck, test, build, Playwright	Run actions/setup-node@v4	﻿2026-09-05T18:33:36.0254824Z Node 20 is being deprecated. This workflow is running with Node 24 by default. If you need to temporarily use Node 20, you can set the ACTIONS_ALLOW_USE_UNSECURE_NODE_VERSION=true environment variable. For more information see: https://github.blog/changelog/2025-09-19-deprecation-of-node-20-on-github-actions-runners/
Web typecheck, test, build, Playwright	Run actions/setup-node@v4	2026-09-05T18:33:36.0260605Z ##[group]Run actions/setup-node@v4
Web typecheck, test, build, Playwright	Run actions/setup-node@v4	2026-09-05T18:33:36.0261864Z with:
Web typecheck, test, build, Playwright	Run actions/setup-node@v4	2026-09-05T18:33:36.0262884Z   node-version-file: .nvmrc
Web typecheck, test, build, Playwright	Run actions/setup-node@v4	2026-09-05T18:33:36.0264047Z   cache: npm
Web typecheck, test, build, Playwright	Run actions/setup-node@v4	2026-09-05T18:33:36.0265052Z   always-auth: false
Web typecheck, test, build, Playwright	Run actions/setup-node@v4	2026-09-05T18:33:36.0266250Z   check-latest: false
Web typecheck, test, build, Playwright	Run actions/setup-node@v4	2026-09-05T18:33:36.0276201Z   token: ***
Web typecheck, test, build, Playwright	Run actions/setup-node@v4	2026-09-05T18:33:36.0277222Z ##[endgroup]
Web typecheck, test, build, Playwright	Run actions/setup-node@v4	2026-09-05T18:33:36.1697464Z Resolved .nvmrc as 22
Web typecheck, test, build, Playwright	Run actions/setup-node@v4	2026-09-05T18:33:36.1744243Z Found in cache @ /opt/hostedtoolcache/node/22.23.2/x64
Web typecheck, test, build, Playwright	Run actions/setup-node@v4	2026-09-05T18:33:36.1748884Z (node:2250) [DEP0040] DeprecationWarning: The `punycode` module is deprecated. Please use a userland alternative instead.
Web typecheck, test, build, Playwright	Run actions/setup-node@v4	2026-09-05T18:33:36.1752796Z (Use `node --trace-deprecation ...` to show where the warning was created)
Web typecheck, test, build, Playwright	Run actions/setup-node@v4	2026-09-05T18:33:36.1756823Z ##[group]Environment details
Web typecheck, test, build, Playwright	Run actions/setup-node@v4	2026-09-05T18:33:36.5618271Z node: v22.23.2
Web typecheck, test, build, Playwright	Run actions/setup-node@v4	2026-09-05T18:33:36.5618802Z npm: 10.9.8
Web typecheck, test, build, Playwright	Run actions/setup-node@v4	2026-09-05T18:33:36.5619149Z yarn: 1.22.22
Web typecheck, test, build, Playwright	Run actions/setup-node@v4	2026-09-05T18:33:36.5620242Z ##[endgroup]
Web typecheck, test, build, Playwright	Run actions/setup-node@v4	2026-09-05T18:33:36.5637200Z [command]/opt/hostedtoolcache/node/22.23.2/x64/bin/npm config get cache
Web typecheck, test, build, Playwright	Run actions/setup-node@v4	2026-09-05T18:33:36.6857000Z /home/runner/.npm
Web typecheck, test, build, Playwright	Run actions/setup-node@v4	2026-09-05T18:33:36.7718079Z Cache hit for: node-cache-Linux-x64-npm-201a7f779f6b2a1f19c1624cd1146fec8c729e3f162f398545aba35a0da58946
Web typecheck, test, build, Playwright	Run actions/setup-node@v4	2026-09-05T18:33:36.7819893Z (node:2250) [DEP0169] DeprecationWarning: `url.parse()` behavior is not standardized and prone to errors that have security implications. Use the WHATWG URL API instead. CVEs are not issued for `url.parse()` vulnerabilities.
Web typecheck, test, build, Playwright	Run actions/setup-node@v4	2026-09-05T18:33:37.1013810Z Received 37443813 of 37443813 (100.0%), 131.3 MBs/sec
Web typecheck, test, build, Playwright	Run actions/setup-node@v4	2026-09-05T18:33:37.1014747Z Cache Size: ~36 MB (37443813 B)
Web typecheck, test, build, Playwright	Run actions/setup-node@v4	2026-09-05T18:33:37.1043376Z [command]/usr/bin/tar -xf /home/runner/work/_temp/2ef450d4-cc6e-4d6c-81df-8ead00ce6c94/cache.tzst -P -C /home/runner/work/pastel-rts/pastel-rts --use-compress-program unzstd
Web typecheck, test, build, Playwright	Run actions/setup-node@v4	2026-09-05T18:33:37.1974904Z Cache restored successfully
Web typecheck, test, build, Playwright	Run actions/setup-node@v4	2026-09-05T18:33:37.2005704Z Cache restored from key: node-cache-Linux-x64-npm-201a7f779f6b2a1f19c1624cd1146fec8c729e3f162f398545aba35a0da58946
Web typecheck, test, build, Playwright	Install	﻿2026-09-05T18:33:37.2215948Z ##[group]Run npm ci
Web typecheck, test, build, Playwright	Install	2026-09-05T18:33:37.2216681Z ^[[36;1mnpm ci^[[0m
Web typecheck, test, build, Playwright	Install	2026-09-05T18:33:37.2269794Z shell: /usr/bin/bash -e {0}
Web typecheck, test, build, Playwright	Install	2026-09-05T18:33:37.2270158Z ##[endgroup]
Web typecheck, test, build, Playwright	Install	2026-09-05T18:33:38.9767751Z npm warn deprecated whatwg-encoding@3.1.1: Use @exodus/bytes instead for a more spec-conformant and faster implementation
Web typecheck, test, build, Playwright	Install	2026-09-05T18:33:39.8257506Z npm warn deprecated eslint@9.39.5: This version is no longer supported. Please see https://eslint.org/version-support for other options.
Web typecheck, test, build, Playwright	Install	2026-09-05T18:33:40.3992234Z 
Web typecheck, test, build, Playwright	Install	2026-09-05T18:33:40.3993376Z added 212 packages, and audited 219 packages in 3s
Web typecheck, test, build, Playwright	Install	2026-09-05T18:33:40.3994046Z 
Web typecheck, test, build, Playwright	Install	2026-09-05T18:33:40.3994574Z 58 packages are looking for funding
Web typecheck, test, build, Playwright	Install	2026-09-05T18:33:40.3995094Z   run `npm fund` for details
Web typecheck, test, build, Playwright	Install	2026-09-05T18:33:40.4014457Z 
Web typecheck, test, build, Playwright	Install	2026-09-05T18:33:40.4015066Z found 0 vulnerabilities
Web typecheck, test, build, Playwright	Typecheck	﻿2026-09-05T18:33:40.4627910Z ##[group]Run npm run typecheck
Web typecheck, test, build, Playwright	Typecheck	2026-09-05T18:33:40.4628434Z ^[[36;1mnpm run typecheck^[[0m
Web typecheck, test, build, Playwright	Typecheck	2026-09-05T18:33:40.4683627Z shell: /usr/bin/bash -e {0}
Web typecheck, test, build, Playwright	Typecheck	2026-09-05T18:33:40.4684097Z ##[endgroup]
Web typecheck, test, build, Playwright	Typecheck	2026-09-05T18:33:40.5810904Z 
Web typecheck, test, build, Playwright	Typecheck	2026-09-05T18:33:40.5812072Z > pastel-rts@0.0.0 typecheck
Web typecheck, test, build, Playwright	Typecheck	2026-09-05T18:33:40.5815406Z > npm run typecheck --workspace @pastel-rts/content-schema && npm run typecheck --workspace @pastel-rts/simulation && npm run typecheck --workspace @pastel-rts/navigation && npm run typecheck --workspace @pastel-rts/content-server && npm run typecheck --workspace @pastel-rts/game-web && npm run typecheck --workspace @pastel-rts/foundry
Web typecheck, test, build, Playwright	Typecheck	2026-09-05T18:33:40.5817945Z 
Web typecheck, test, build, Playwright	Typecheck	2026-09-05T18:33:40.7005312Z 
Web typecheck, test, build, Playwright	Typecheck	2026-09-05T18:33:40.7017819Z > @pastel-rts/content-schema@0.0.0 typecheck
Web typecheck, test, build, Playwright	Typecheck	2026-09-05T18:33:40.7028615Z > tsc -p tsconfig.json --noEmit
Web typecheck, test, build, Playwright	Typecheck	2026-09-05T18:33:40.7029190Z 
Web typecheck, test, build, Playwright	Typecheck	2026-09-05T18:33:42.3442164Z 
Web typecheck, test, build, Playwright	Typecheck	2026-09-05T18:33:42.3443232Z > @pastel-rts/simulation@0.0.0 typecheck
Web typecheck, test, build, Playwright	Typecheck	2026-09-05T18:33:42.3443920Z > tsc -p tsconfig.json --noEmit
Web typecheck, test, build, Playwright	Typecheck	2026-09-05T18:33:42.3444336Z 
Web typecheck, test, build, Playwright	Typecheck	2026-09-05T18:33:44.1235576Z 
Web typecheck, test, build, Playwright	Typecheck	2026-09-05T18:33:44.1236965Z > @pastel-rts/navigation@0.0.0 typecheck
Web typecheck, test, build, Playwright	Typecheck	2026-09-05T18:33:44.1237604Z > tsc -p tsconfig.json --noEmit
Web typecheck, test, build, Playwright	Typecheck	2026-09-05T18:33:44.1237877Z 
Web typecheck, test, build, Playwright	Typecheck	2026-09-05T18:33:45.3129233Z 
Web typecheck, test, build, Playwright	Typecheck	2026-09-05T18:33:45.3130202Z > @pastel-rts/content-server@0.0.0 typecheck
Web typecheck, test, build, Playwright	Typecheck	2026-09-05T18:33:45.3130914Z > tsc -p tsconfig.json --noEmit
Web typecheck, test, build, Playwright	Typecheck	2026-09-05T18:33:45.3131241Z 
Web typecheck, test, build, Playwright	Typecheck	2026-09-05T18:33:46.7754891Z 
Web typecheck, test, build, Playwright	Typecheck	2026-09-05T18:33:46.7755820Z > @pastel-rts/game-web@0.0.0 typecheck
Web typecheck, test, build, Playwright	Typecheck	2026-09-05T18:33:46.7756482Z > tsc -p tsconfig.json --noEmit
Web typecheck, test, build, Playwright	Typecheck	2026-09-05T18:33:46.7756723Z 
Web typecheck, test, build, Playwright	Typecheck	2026-09-05T18:33:50.2354932Z 
Web typecheck, test, build, Playwright	Typecheck	2026-09-05T18:33:50.2355814Z > @pastel-rts/foundry@0.0.0 typecheck
Web typecheck, test, build, Playwright	Typecheck	2026-09-05T18:33:50.2356498Z > tsc -p tsconfig.json --noEmit
Web typecheck, test, build, Playwright	Typecheck	2026-09-05T18:33:50.2356694Z 
Web typecheck, test, build, Playwright	Lint	﻿2026-09-05T18:33:52.4749002Z ##[group]Run npm run lint
Web typecheck, test, build, Playwright	Lint	2026-09-05T18:33:52.4749344Z ^[[36;1mnpm run lint^[[0m
Web typecheck, test, build, Playwright	Lint	2026-09-05T18:33:52.4790042Z shell: /usr/bin/bash -e {0}
Web typecheck, test, build, Playwright	Lint	2026-09-05T18:33:52.4790341Z ##[endgroup]
Web typecheck, test, build, Playwright	Lint	2026-09-05T18:33:52.5839391Z 
Web typecheck, test, build, Playwright	Lint	2026-09-05T18:33:52.5839873Z > pastel-rts@0.0.0 lint
Web typecheck, test, build, Playwright	Lint	2026-09-05T18:33:52.5840533Z > npm run lint --workspace @pastel-rts/game-web
Web typecheck, test, build, Playwright	Lint	2026-09-05T18:33:52.5840918Z 
Web typecheck, test, build, Playwright	Lint	2026-09-05T18:33:52.7047681Z 
Web typecheck, test, build, Playwright	Lint	2026-09-05T18:33:52.7048629Z > @pastel-rts/game-web@0.0.0 lint
Web typecheck, test, build, Playwright	Lint	2026-09-05T18:33:52.7049116Z > eslint .
Web typecheck, test, build, Playwright	Lint	2026-09-05T18:33:52.7049263Z 
Web typecheck, test, build, Playwright	Unit tests	﻿2026-09-05T18:33:55.6770058Z ##[group]Run npm test
Web typecheck, test, build, Playwright	Unit tests	2026-09-05T18:33:55.6770380Z ^[[36;1mnpm test^[[0m
Web typecheck, test, build, Playwright	Unit tests	2026-09-05T18:33:55.6811584Z shell: /usr/bin/bash -e {0}
Web typecheck, test, build, Playwright	Unit tests	2026-09-05T18:33:55.6811882Z ##[endgroup]
Web typecheck, test, build, Playwright	Unit tests	2026-09-05T18:33:55.7906248Z 
Web typecheck, test, build, Playwright	Unit tests	2026-09-05T18:33:55.7907099Z > pastel-rts@0.0.0 test
Web typecheck, test, build, Playwright	Unit tests	2026-09-05T18:33:55.7909613Z > npm run test --workspace @pastel-rts/content-schema && npm run test --workspace @pastel-rts/simulation && npm run test --workspace @pastel-rts/navigation && npm run test --workspace @pastel-rts/content-server && npm run test --workspace @pastel-rts/foundry && npm run test --workspace @pastel-rts/game-web
Web typecheck, test, build, Playwright	Unit tests	2026-09-05T18:33:55.7911385Z 
Web typecheck, test, build, Playwright	Unit tests	2026-09-05T18:33:55.9115548Z 
Web typecheck, test, build, Playwright	Unit tests	2026-09-05T18:33:55.9116939Z > @pastel-rts/content-schema@0.0.0 test
Web typecheck, test, build, Playwright	Unit tests	2026-09-05T18:33:55.9117583Z > vitest run
Web typecheck, test, build, Playwright	Unit tests	2026-09-05T18:33:55.9117792Z 
Web typecheck, test, build, Playwright	Unit tests	2026-09-05T18:33:56.2126303Z 
Web typecheck, test, build, Playwright	Unit tests	2026-09-05T18:33:56.2128667Z ^[[1m^[[46m RUN ^[[49m^[[22m ^[[36mv3.2.7 ^[[39m^[[90m/home/runner/work/pastel-rts/pastel-rts/packages/content-schema^[[39m
Web typecheck, test, build, Playwright	Unit tests	2026-09-05T18:33:56.2129422Z 
Web typecheck, test, build, Playwright	Unit tests	2026-09-05T18:33:56.7026729Z  ^[[32m✓^[[39m src/unitManifest.test.ts ^[[2m(^[[22m^[[2m5 tests^[[22m^[[2m)^[[22m^[[32m 7^[[2mms^[[22m^[[39m
Web typecheck, test, build, Playwright	Unit tests	2026-09-05T18:33:56.7648261Z  ^[[32m✓^[[39m src/commands.test.ts ^[[2m(^[[22m^[[2m9 tests^[[22m^[[2m)^[[22m^[[32m 11^[[2mms^[[22m^[[39m
Web typecheck, test, build, Playwright	Unit tests	2026-09-05T18:33:56.8368197Z  ^[[32m✓^[[39m src/pack.test.ts ^[[2m(^[[22m^[[2m14 tests^[[22m^[[2m)^[[22m^[[32m 74^[[2mms^[[22m^[[39m
Web typecheck, test, build, Playwright	Unit tests	2026-09-05T18:33:57.1007220Z  ^[[32m✓^[[39m src/fixtures/packFixture.test.ts ^[[2m(^[[22m^[[2m1 test^[[22m^[[2m)^[[22m^[[32m 18^[[2mms^[[22m^[[39m
Web typecheck, test, build, Playwright	Unit tests	2026-09-05T18:33:57.1533891Z  ^[[32m✓^[[39m src/map.test.ts ^[[2m(^[[22m^[[2m4 tests^[[22m^[[2m)^[[22m^[[32m 5^[[2mms^[[22m^[[39m
Web typecheck, test, build, Playwright	Unit tests	2026-09-05T18:33:57.2148531Z  ^[[32m✓^[[39m src/scenario.test.ts ^[[2m(^[[22m^[[2m3 tests^[[22m^[[2m)^[[22m^[[32m 7^[[2mms^[[22m^[[39m
Web typecheck, test, build, Playwright	Unit tests	2026-09-05T18:33:57.4651161Z  ^[[32m✓^[[39m src/pngBounds.test.ts ^[[2m(^[[22m^[[2m1 test^[[22m^[[2m)^[[22m^[[32m 5^[[2mms^[[22m^[[39m
Web typecheck, test, build, Playwright	Unit tests	2026-09-05T18:33:57.4896554Z  ^[[32m✓^[[39m src/contentHash.test.ts ^[[2m(^[[22m^[[2m3 tests^[[22m^[[2m)^[[22m^[[32m 5^[[2mms^[[22m^[[39m
Web typecheck, test, build, Playwright	Unit tests	2026-09-05T18:33:57.5056859Z 
Web typecheck, test, build, Playwright	Unit tests	2026-09-05T18:33:57.5092130Z ^[[2m Test Files ^[[22m ^[[1m^[[32m8 passed^[[39m^[[22m^[[90m (8)^[[39m
Web typecheck, test, build, Playwright	Unit tests	2026-09-05T18:33:57.5101519Z ^[[2m      Tests ^[[22m ^[[1m^[[32m40 passed^[[39m^[[22m^[[90m (40)^[[39m
Web typecheck, test, build, Playwright	Unit tests	2026-09-05T18:33:57.5157199Z ^[[2m   Start at ^[[22m 18:33:56
Web typecheck, test, build, Playwright	Unit tests	2026-09-05T18:33:57.5187754Z ^[[2m   Duration ^[[22m 1.29s^[[2m (transform 382ms, setup 0ms, collect 753ms, tests 132ms, environment 2ms, prepare 1.01s)^[[22m
Web typecheck, test, build, Playwright	Unit tests	2026-09-05T18:33:57.5188827Z 
Web typecheck, test, build, Playwright	Unit tests	2026-09-05T18:33:57.7751181Z 
Web typecheck, test, build, Playwright	Unit tests	2026-09-05T18:33:57.7752109Z > @pastel-rts/simulation@0.0.0 test
Web typecheck, test, build, Playwright	Unit tests	2026-09-05T18:33:57.7752689Z > vitest run
Web typecheck, test, build, Playwright	Unit tests	2026-09-05T18:33:57.7752902Z 
Web typecheck, test, build, Playwright	Unit tests	2026-09-05T18:33:58.0669785Z 
Web typecheck, test, build, Playwright	Unit tests	2026-09-05T18:33:58.0671854Z ^[[1m^[[46m RUN ^[[49m^[[22m ^[[36mv3.2.7 ^[[39m^[[90m/home/runner/work/pastel-rts/pastel-rts/packages/simulation^[[39m
Web typecheck, test, build, Playwright	Unit tests	2026-09-05T18:33:58.0672669Z 
Web typecheck, test, build, Playwright	Unit tests	2026-09-05T18:33:58.6891480Z  ^[[32m✓^[[39m src/simulation.test.ts ^[[2m(^[[22m^[[2m19 tests^[[22m^[[2m)^[[22m^[[32m 51^[[2mms^[[22m^[[39m
Web typecheck, test, build, Playwright	Unit tests	2026-09-05T18:33:58.7035733Z 
Web typecheck, test, build, Playwright	Unit tests	2026-09-05T18:33:58.7039815Z ^[[2m Test Files ^[[22m ^[[1m^[[32m1 passed^[[39m^[[22m^[[90m (1)^[[39m
Web typecheck, test, build, Playwright	Unit tests	2026-09-05T18:33:58.7040881Z ^[[2m      Tests ^[[22m ^[[1m^[[32m19 passed^[[39m^[[22m^[[90m (19)^[[39m
Web typecheck, test, build, Playwright	Unit tests	2026-09-05T18:33:58.7041641Z ^[[2m   Start at ^[[22m 18:33:58
Web typecheck, test, build, Playwright	Unit tests	2026-09-05T18:33:58.7042855Z ^[[2m   Duration ^[[22m 636ms^[[2m (transform 221ms, setup 0ms, collect 285ms, tests 51ms, environment 0ms, prepare 77ms)^[[22m
Web typecheck, test, build, Playwright	Unit tests	2026-09-05T18:33:58.7043659Z 
Web typecheck, test, build, Playwright	Unit tests	2026-09-05T18:33:58.9485564Z 
Web typecheck, test, build, Playwright	Unit tests	2026-09-05T18:33:58.9486360Z > @pastel-rts/navigation@0.0.0 test
Web typecheck, test, build, Playwright	Unit tests	2026-09-05T18:33:58.9486891Z > vitest run
Web typecheck, test, build, Playwright	Unit tests	2026-09-05T18:33:58.9487081Z 
Web typecheck, test, build, Playwright	Unit tests	2026-09-05T18:33:59.2435315Z 
Web typecheck, test, build, Playwright	Unit tests	2026-09-05T18:33:59.2458322Z ^[[1m^[[46m RUN ^[[49m^[[22m ^[[36mv3.2.7 ^[[39m^[[90m/home/runner/work/pastel-rts/pastel-rts/packages/navigation^[[39m
Web typecheck, test, build, Playwright	Unit tests	2026-09-05T18:33:59.2459677Z 
Web typecheck, test, build, Playwright	Unit tests	2026-09-05T18:33:59.8937739Z  ^[[32m✓^[[39m src/separation.test.ts ^[[2m(^[[22m^[[2m2 tests^[[22m^[[2m)^[[22m^[[32m 5^[[2mms^[[22m^[[39m
Web typecheck, test, build, Playwright	Unit tests	2026-09-05T18:33:59.8967757Z  ^[[32m✓^[[39m src/formation.test.ts ^[[2m(^[[22m^[[2m6 tests^[[22m^[[2m)^[[22m^[[32m 9^[[2mms^[[22m^[[39m
Web typecheck, test, build, Playwright	Unit tests	2026-09-05T18:33:59.9151744Z  ^[[32m✓^[[39m src/navigation.test.ts ^[[2m(^[[22m^[[2m13 tests^[[22m^[[2m)^[[22m^[[32m 21^[[2mms^[[22m^[[39m
Web typecheck, test, build, Playwright	Unit tests	2026-09-05T18:33:59.9284295Z 
Web typecheck, test, build, Playwright	Unit tests	2026-09-05T18:33:59.9308192Z ^[[2m Test Files ^[[22m ^[[1m^[[32m3 passed^[[39m^[[22m^[[90m (3)^[[39m
Web typecheck, test, build, Playwright	Unit tests	2026-09-05T18:33:59.9314461Z ^[[2m      Tests ^[[22m ^[[1m^[[32m21 passed^[[39m^[[22m^[[90m (21)^[[39m
Web typecheck, test, build, Playwright	Unit tests	2026-09-05T18:33:59.9315618Z ^[[2m   Start at ^[[22m 18:33:59
Web typecheck, test, build, Playwright	Unit tests	2026-09-05T18:33:59.9318227Z ^[[2m   Duration ^[[22m 684ms^[[2m (transform 340ms, setup 0ms, collect 900ms, tests 34ms, environment 1ms, prepare 387ms)^[[22m
Web typecheck, test, build, Playwright	Unit tests	2026-09-05T18:33:59.9343399Z 
Web typecheck, test, build, Playwright	Unit tests	2026-09-05T18:34:00.2251116Z 
Web typecheck, test, build, Playwright	Unit tests	2026-09-05T18:34:00.2251965Z > @pastel-rts/content-server@0.0.0 test
Web typecheck, test, build, Playwright	Unit tests	2026-09-05T18:34:00.2252828Z > vitest run
Web typecheck, test, build, Playwright	Unit tests	2026-09-05T18:34:00.2253060Z 
Web typecheck, test, build, Playwright	Unit tests	2026-09-05T18:34:00.5235304Z 
Web typecheck, test, build, Playwright	Unit tests	2026-09-05T18:34:00.5237708Z ^[[1m^[[46m RUN ^[[49m^[[22m ^[[36mv3.2.7 ^[[39m^[[90m/home/runner/work/pastel-rts/pastel-rts/tools/content-server^[[39m
Web typecheck, test, build, Playwright	Unit tests	2026-09-05T18:34:00.5238514Z 
Web typecheck, test, build, Playwright	Unit tests	2026-09-05T18:34:01.2405891Z  ^[[32m✓^[[39m src/packStore.test.ts ^[[2m(^[[22m^[[2m18 tests^[[22m^[[2m)^[[22m^[[32m 161^[[2mms^[[22m^[[39m
Web typecheck, test, build, Playwright	Unit tests	2026-09-05T18:34:01.2563864Z 
Web typecheck, test, build, Playwright	Unit tests	2026-09-05T18:34:01.2569773Z ^[[2m Test Files ^[[22m ^[[1m^[[32m1 passed^[[39m^[[22m^[[90m (1)^[[39m
Web typecheck, test, build, Playwright	Unit tests	2026-09-05T18:34:01.2571359Z ^[[2m      Tests ^[[22m ^[[1m^[[32m18 passed^[[39m^[[22m^[[90m (18)^[[39m
Web typecheck, test, build, Playwright	Unit tests	2026-09-05T18:34:01.2572475Z ^[[2m   Start at ^[[22m 18:34:00
Web typecheck, test, build, Playwright	Unit tests	2026-09-05T18:34:01.2573719Z ^[[2m   Duration ^[[22m 732ms^[[2m (transform 247ms, setup 0ms, collect 293ms, tests 161ms, environment 0ms, prepare 74ms)^[[22m
Web typecheck, test, build, Playwright	Unit tests	2026-09-05T18:34:01.2574454Z 
Web typecheck, test, build, Playwright	Unit tests	2026-09-05T18:34:01.4959477Z 
Web typecheck, test, build, Playwright	Unit tests	2026-09-05T18:34:01.4961153Z > @pastel-rts/foundry@0.0.0 test
Web typecheck, test, build, Playwright	Unit tests	2026-09-05T18:34:01.4982380Z > vitest run
Web typecheck, test, build, Playwright	Unit tests	2026-09-05T18:34:01.4982591Z 
Web typecheck, test, build, Playwright	Unit tests	2026-09-05T18:34:01.7881709Z 
Web typecheck, test, build, Playwright	Unit tests	2026-09-05T18:34:01.7883708Z ^[[1m^[[46m RUN ^[[49m^[[22m ^[[36mv3.2.7 ^[[39m^[[90m/home/runner/work/pastel-rts/pastel-rts/apps/foundry^[[39m
Web typecheck, test, build, Playwright	Unit tests	2026-09-05T18:34:01.7884400Z 
Web typecheck, test, build, Playwright	Unit tests	2026-09-05T18:34:02.2691494Z  ^[[32m✓^[[39m src/editor/history.test.ts ^[[2m(^[[22m^[[2m2 tests^[[22m^[[2m)^[[22m^[[32m 6^[[2mms^[[22m^[[39m
Web typecheck, test, build, Playwright	Unit tests	2026-09-05T18:34:02.3277487Z  ^[[32m✓^[[39m src/library/contentLibrary.test.ts ^[[2m(^[[22m^[[2m2 tests^[[22m^[[2m)^[[22m^[[32m 6^[[2mms^[[22m^[[39m
Web typecheck, test, build, Playwright	Unit tests	2026-09-05T18:34:02.4178424Z  ^[[32m✓^[[39m src/previewProjection.test.ts ^[[2m(^[[22m^[[2m3 tests^[[22m^[[2m)^[[22m^[[32m 37^[[2mms^[[22m^[[39m
Web typecheck, test, build, Playwright	Unit tests	2026-09-05T18:34:02.7700917Z  ^[[32m✓^[[39m src/unit/spriteSheet.test.ts ^[[2m(^[[22m^[[2m2 tests^[[22m^[[2m)^[[22m^[[32m 3^[[2mms^[[22m^[[39m
Web typecheck, test, build, Playwright	Unit tests	2026-09-05T18:34:02.7931472Z 
Web typecheck, test, build, Playwright	Unit tests	2026-09-05T18:34:02.7957938Z ^[[2m Test Files ^[[22m ^[[1m^[[32m4 passed^[[39m^[[22m^[[90m (4)^[[39m
Web typecheck, test, build, Playwright	Unit tests	2026-09-05T18:34:02.7959236Z ^[[2m      Tests ^[[22m ^[[1m^[[32m9 passed^[[39m^[[22m^[[90m (9)^[[39m
Web typecheck, test, build, Playwright	Unit tests	2026-09-05T18:34:02.7960221Z ^[[2m   Start at ^[[22m 18:34:01
Web typecheck, test, build, Playwright	Unit tests	2026-09-05T18:34:02.7961645Z ^[[2m   Duration ^[[22m 1.00s^[[2m (transform 487ms, setup 0ms, collect 779ms, tests 52ms, environment 1ms, prepare 455ms)^[[22m
Web typecheck, test, build, Playwright	Unit tests	2026-09-05T18:34:02.7962640Z 
Web typecheck, test, build, Playwright	Unit tests	2026-09-05T18:34:03.0486315Z 
Web typecheck, test, build, Playwright	Unit tests	2026-09-05T18:34:03.0487120Z > @pastel-rts/game-web@0.0.0 test
Web typecheck, test, build, Playwright	Unit tests	2026-09-05T18:34:03.0487668Z > vitest run
Web typecheck, test, build, Playwright	Unit tests	2026-09-05T18:34:03.0487887Z 
Web typecheck, test, build, Playwright	Unit tests	2026-09-05T18:34:03.3437411Z 
Web typecheck, test, build, Playwright	Unit tests	2026-09-05T18:34:03.3439683Z ^[[1m^[[46m RUN ^[[49m^[[22m ^[[36mv3.2.7 ^[[39m^[[90m/home/runner/work/pastel-rts/pastel-rts/apps/game-web^[[39m
Web typecheck, test, build, Playwright	Unit tests	2026-09-05T18:34:03.3440604Z 
Web typecheck, test, build, Playwright	Unit tests	2026-09-05T18:34:03.9633435Z  ^[[32m✓^[[39m src/input/CommandClient.test.ts ^[[2m(^[[22m^[[2m4 tests^[[22m^[[2m)^[[22m^[[32m 10^[[2mms^[[22m^[[39m
Web typecheck, test, build, Playwright	Unit tests	2026-09-05T18:34:04.2148031Z  ^[[32m✓^[[39m src/qa/bugBundle.test.ts ^[[2m(^[[22m^[[2m6 tests^[[22m^[[2m)^[[22m^[[32m 117^[[2mms^[[22m^[[39m
Web typecheck, test, build, Playwright	Unit tests	2026-09-05T18:34:04.3392718Z  ^[[32m✓^[[39m src/sandbox/animation/spriteAtlas.test.ts ^[[2m(^[[22m^[[2m2 tests^[[22m^[[2m)^[[22m^[[32m 10^[[2mms^[[22m^[[39m
Web typecheck, test, build, Playwright	Unit tests	2026-09-05T18:34:04.6288065Z  ^[[32m✓^[[39m src/runtime/config.test.ts ^[[2m(^[[22m^[[2m7 tests^[[22m^[[2m)^[[22m^[[32m 7^[[2mms^[[22m^[[39m
Web typecheck, test, build, Playwright	Unit tests	2026-09-05T18:34:04.6358139Z  ^[[32m✓^[[39m src/content/PublishedContentClient.test.ts ^[[2m(^[[22m^[[2m8 tests^[[22m^[[2m)^[[22m^[[33m 500^[[2mms^[[22m^[[39m
Web typecheck, test, build, Playwright	Unit tests	2026-09-05T18:34:04.7068352Z  ^[[32m✓^[[39m src/sim/Simulation.test.ts ^[[2m(^[[22m^[[2m5 tests^[[22m^[[2m)^[[22m^[[32m 41^[[2mms^[[22m^[[39m
Web typecheck, test, build, Playwright	Unit tests	2026-09-05T18:34:05.0588502Z  ^[[32m✓^[[39m src/diagnostics/report.test.ts ^[[2m(^[[22m^[[2m2 tests^[[22m^[[2m)^[[22m^[[32m 20^[[2mms^[[22m^[[39m
Web typecheck, test, build, Playwright	Unit tests	2026-09-05T18:34:05.1310299Z  ^[[32m✓^[[39m src/sandbox/replay/replay.test.ts ^[[2m(^[[22m^[[2m3 tests^[[22m^[[2m)^[[22m^[[32m 55^[[2mms^[[22m^[[39m
Web typecheck, test, build, Playwright	Unit tests	2026-09-05T18:34:05.1748551Z  ^[[32m✓^[[39m src/camera/IsometricCamera.test.ts ^[[2m(^[[22m^[[2m4 tests^[[22m^[[2m)^[[22m^[[32m 30^[[2mms^[[22m^[[39m
Web typecheck, test, build, Playwright	Unit tests	2026-09-05T18:34:05.5058723Z  ^[[32m✓^[[39m src/bridge/messages.test.ts ^[[2m(^[[22m^[[2m3 tests^[[22m^[[2m)^[[22m^[[32m 8^[[2mms^[[22m^[[39m
Web typecheck, test, build, Playwright	Unit tests	2026-09-05T18:34:05.6003834Z  ^[[32m✓^[[39m src/buildings/placementValidation.test.ts ^[[2m(^[[22m^[[2m4 tests^[[22m^[[2m)^[[22m^[[32m 5^[[2mms^[[22m^[[39m
Web typecheck, test, build, Playwright	Unit tests	2026-09-05T18:34:05.6169695Z  ^[[32m✓^[[39m src/sandbox/animation/direction.test.ts ^[[2m(^[[22m^[[2m6 tests^[[22m^[[2m)^[[22m^[[32m 9^[[2mms^[[22m^[[39m
Web typecheck, test, build, Playwright	Unit tests	2026-09-05T18:34:06.0689530Z  ^[[32m✓^[[39m src/selection/SelectionController.test.ts ^[[2m(^[[22m^[[2m2 tests^[[22m^[[2m)^[[22m^[[32m 4^[[2mms^[[22m^[[39m
Web typecheck, test, build, Playwright	Unit tests	2026-09-05T18:34:06.0808332Z  ^[[32m✓^[[39m src/sandbox/snapshot.interpolate.test.ts ^[[2m(^[[22m^[[2m1 test^[[22m^[[2m)^[[22m^[[32m 5^[[2mms^[[22m^[[39m
Web typecheck, test, build, Playwright	Unit tests	2026-09-05T18:34:06.3817938Z  ^[[32m✓^[[39m src/diagnostics/stats.test.ts ^[[2m(^[[22m^[[2m2 tests^[[22m^[[2m)^[[22m^[[32m 5^[[2mms^[[22m^[[39m
Web typecheck, test, build, Playwright	Unit tests	2026-09-05T18:34:06.4057965Z  ^[[32m✓^[[39m src/qa/benchmarks.test.ts ^[[2m(^[[22m^[[2m2 tests^[[22m^[[2m)^[[22m^[[33m 518^[[2mms^[[22m^[[39m
Web typecheck, test, build, Playwright	Unit tests	2026-09-05T18:34:06.4060313Z    ^[[33m^[[2m✓^[[22m^[[39m M1 movement and pathfinding benchmarks^[[2m > ^[[22mpaths 40 units on 160x160 within a desktop budget ^[[33m 510^[[2mms^[[22m^[[39m
Web typecheck, test, build, Playwright	Unit tests	2026-09-05T18:34:06.5828938Z  ^[[32m✓^[[39m src/world/TerrainSystem.test.ts ^[[2m(^[[22m^[[2m1 test^[[22m^[[2m)^[[22m^[[32m 55^[[2mms^[[22m^[[39m
Web typecheck, test, build, Playwright	Unit tests	2026-09-05T18:34:06.7405065Z  ^[[32m✓^[[39m src/sim/interpolation.test.ts ^[[2m(^[[22m^[[2m3 tests^[[22m^[[2m)^[[22m^[[32m 5^[[2mms^[[22m^[[39m
Web typecheck, test, build, Playwright	Unit tests	2026-09-05T18:34:06.8168193Z  ^[[32m✓^[[39m src/input/zoomStops.test.ts ^[[2m(^[[22m^[[2m1 test^[[22m^[[2m)^[[22m^[[32m 7^[[2mms^[[22m^[[39m
Web typecheck, test, build, Playwright	Unit tests	2026-09-05T18:34:06.9648165Z  ^[[32m✓^[[39m src/content/spriteUv.test.ts ^[[2m(^[[22m^[[2m1 test^[[22m^[[2m)^[[22m^[[32m 4^[[2mms^[[22m^[[39m
Web typecheck, test, build, Playwright	Unit tests	2026-09-05T18:34:07.2553262Z  ^[[32m✓^[[39m src/entities/dispose.test.ts ^[[2m(^[[22m^[[2m1 test^[[22m^[[2m)^[[22m^[[32m 5^[[2mms^[[22m^[[39m
Web typecheck, test, build, Playwright	Unit tests	2026-09-05T18:34:07.9709394Z  ^[[32m✓^[[39m src/ui/Minimap.test.ts ^[[2m(^[[22m^[[2m4 tests^[[22m^[[2m)^[[22m^[[32m 28^[[2mms^[[22m^[[39m
Web typecheck, test, build, Playwright	Unit tests	2026-09-05T18:34:08.1632806Z  ^[[32m✓^[[39m src/input/InteractionController.test.ts ^[[2m(^[[22m^[[2m11 tests^[[22m^[[2m)^[[22m^[[32m 67^[[2mms^[[22m^[[39m
Web typecheck, test, build, Playwright	Unit tests	2026-09-05T18:34:08.2208833Z  ^[[32m✓^[[39m src/input/PointerCameraControls.test.ts ^[[2m(^[[22m^[[2m2 tests^[[22m^[[2m)^[[22m^[[32m 18^[[2mms^[[22m^[[39m
Web typecheck, test, build, Playwright	Unit tests	2026-09-05T18:34:08.9676793Z  ^[[32m✓^[[39m src/ui/MatchHud.test.ts ^[[2m(^[[22m^[[2m3 tests^[[22m^[[2m)^[[22m^[[32m 28^[[2mms^[[22m^[[39m
Web typecheck, test, build, Playwright	Unit tests	2026-09-05T18:34:09.0758386Z  ^[[32m✓^[[39m src/selection/HitTestService.test.ts ^[[2m(^[[22m^[[2m2 tests^[[22m^[[2m)^[[22m^[[32m 7^[[2mms^[[22m^[[39m
Web typecheck, test, build, Playwright	Unit tests	2026-09-05T18:34:09.2611398Z  ^[[32m✓^[[39m src/renderer/adapter.test.ts ^[[2m(^[[22m^[[2m2 tests^[[22m^[[2m)^[[22m^[[32m 10^[[2mms^[[22m^[[39m
Web typecheck, test, build, Playwright	Unit tests	2026-09-05T18:34:09.2840868Z 
Web typecheck, test, build, Playwright	Unit tests	2026-09-05T18:34:09.2845465Z ^[[2m Test Files ^[[22m ^[[1m^[[32m27 passed^[[39m^[[22m^[[90m (27)^[[39m
Web typecheck, test, build, Playwright	Unit tests	2026-09-05T18:34:09.2846632Z ^[[2m      Tests ^[[22m ^[[1m^[[32m92 passed^[[39m^[[22m^[[90m (92)^[[39m
Web typecheck, test, build, Playwright	Unit tests	2026-09-05T18:34:09.2852668Z ^[[2m   Start at ^[[22m 18:34:03
Web typecheck, test, build, Playwright	Unit tests	2026-09-05T18:34:09.2854078Z ^[[2m   Duration ^[[22m 5.94s^[[2m (transform 1.31s, setup 0ms, collect 3.48s, tests 1.58s, environment 3.51s, prepare 3.29s)^[[22m
Web typecheck, test, build, Playwright	Unit tests	2026-09-05T18:34:09.2855071Z 
Web typecheck, test, build, Playwright	Production build	﻿2026-09-05T18:34:09.4224317Z ##[group]Run npm run build
Web typecheck, test, build, Playwright	Production build	2026-09-05T18:34:09.4224641Z ^[[36;1mnpm run build^[[0m
Web typecheck, test, build, Playwright	Production build	2026-09-05T18:34:09.4263906Z shell: /usr/bin/bash -e {0}
Web typecheck, test, build, Playwright	Production build	2026-09-05T18:34:09.4264184Z ##[endgroup]
Web typecheck, test, build, Playwright	Production build	2026-09-05T18:34:09.5237730Z 
Web typecheck, test, build, Playwright	Production build	2026-09-05T18:34:09.5238486Z > pastel-rts@0.0.0 build
Web typecheck, test, build, Playwright	Production build	2026-09-05T18:34:09.5241214Z > npm run typecheck --workspace @pastel-rts/content-schema && npm run typecheck --workspace @pastel-rts/simulation && npm run typecheck --workspace @pastel-rts/navigation && npm run typecheck --workspace @pastel-rts/content-server && npm run build --workspace @pastel-rts/game-web && npm run build --workspace @pastel-rts/foundry
Web typecheck, test, build, Playwright	Production build	2026-09-05T18:34:09.5243115Z 
Web typecheck, test, build, Playwright	Production build	2026-09-05T18:34:09.6450323Z 
Web typecheck, test, build, Playwright	Production build	2026-09-05T18:34:09.6450691Z > @pastel-rts/content-schema@0.0.0 typecheck
Web typecheck, test, build, Playwright	Production build	2026-09-05T18:34:09.6451144Z > tsc -p tsconfig.json --noEmit
Web typecheck, test, build, Playwright	Production build	2026-09-05T18:34:09.6451352Z 
Web typecheck, test, build, Playwright	Production build	2026-09-05T18:34:10.9974622Z 
Web typecheck, test, build, Playwright	Production build	2026-09-05T18:34:10.9975508Z > @pastel-rts/simulation@0.0.0 typecheck
Web typecheck, test, build, Playwright	Production build	2026-09-05T18:34:10.9976168Z > tsc -p tsconfig.json --noEmit
Web typecheck, test, build, Playwright	Production build	2026-09-05T18:34:10.9976487Z 
Web typecheck, test, build, Playwright	Production build	2026-09-05T18:34:12.5514567Z 
Web typecheck, test, build, Playwright	Production build	2026-09-05T18:34:12.5515449Z > @pastel-rts/navigation@0.0.0 typecheck
Web typecheck, test, build, Playwright	Production build	2026-09-05T18:34:12.5516329Z > tsc -p tsconfig.json --noEmit
Web typecheck, test, build, Playwright	Production build	2026-09-05T18:34:12.5516644Z 
Web typecheck, test, build, Playwright	Production build	2026-09-05T18:34:13.7171825Z 
Web typecheck, test, build, Playwright	Production build	2026-09-05T18:34:13.7172702Z > @pastel-rts/content-server@0.0.0 typecheck
Web typecheck, test, build, Playwright	Production build	2026-09-05T18:34:13.7173241Z > tsc -p tsconfig.json --noEmit
Web typecheck, test, build, Playwright	Production build	2026-09-05T18:34:13.7173452Z 
Web typecheck, test, build, Playwright	Production build	2026-09-05T18:34:15.1561513Z 
Web typecheck, test, build, Playwright	Production build	2026-09-05T18:34:15.1562319Z > @pastel-rts/game-web@0.0.0 build
Web typecheck, test, build, Playwright	Production build	2026-09-05T18:34:15.1563079Z > tsc -p tsconfig.json --noEmit && vite build
Web typecheck, test, build, Playwright	Production build	2026-09-05T18:34:15.1563455Z 
Web typecheck, test, build, Playwright	Production build	2026-09-05T18:34:18.6855742Z ^[[36mvite v6.4.3 ^[[32mbuilding for production...^[[36m^[[39m
Web typecheck, test, build, Playwright	Production build	2026-09-05T18:34:18.7574123Z transforming...
Web typecheck, test, build, Playwright	Production build	2026-09-05T18:34:21.7622985Z ^[[32m✓^[[39m 94 modules transformed.
Web typecheck, test, build, Playwright	Production build	2026-09-05T18:34:22.4797312Z rendering chunks...
Web typecheck, test, build, Playwright	Production build	2026-09-05T18:34:23.4947592Z computing gzip size...
Web typecheck, test, build, Playwright	Production build	2026-09-05T18:34:23.5644033Z ^[[2mdist/^[[22m^[[32mindex.html                       ^[[39m^[[1m^[[2m  0.71 kB^[[22m^[[1m^[[22m^[[2m │ gzip:   0.40 kB^[[22m
Web typecheck, test, build, Playwright	Production build	2026-09-05T18:34:23.5645105Z ^[[2mdist/^[[22m^[[2massets/^[[22m^[[32msimWorker-CXkMjMPG.js     ^[[39m^[[1m^[[2m  3.33 kB^[[22m^[[1m^[[22m
Web typecheck, test, build, Playwright	Production build	2026-09-05T18:34:23.5646268Z ^[[2mdist/^[[22m^[[2massets/^[[22m^[[32mmatchWorker-BYXzMXIP.js   ^[[39m^[[1m^[[2m 24.48 kB^[[22m^[[1m^[[22m
Web typecheck, test, build, Playwright	Production build	2026-09-05T18:34:23.5647286Z ^[[2mdist/^[[22m^[[2massets/^[[22m^[[35mindex-VnpXLJE0.css        ^[[39m^[[1m^[[2m  0.59 kB^[[22m^[[1m^[[22m^[[2m │ gzip:   0.34 kB^[[22m
Web typecheck, test, build, Playwright	Production build	2026-09-05T18:34:23.5648363Z ^[[2mdist/^[[22m^[[2massets/^[[22m^[[36mthree.webgpu-DSbtYFAG.js  ^[[39m^[[1m^[[2m673.73 kB^[[22m^[[1m^[[22m^[[2m │ gzip: 190.22 kB^[[22m^[[2m │ map: 3,245.64 kB^[[22m
Web typecheck, test, build, Playwright	Production build	2026-09-05T18:34:23.5649722Z ^[[2mdist/^[[22m^[[2massets/^[[22m^[[36mindex-Cpaa7WTd.js         ^[[39m^[[1m^[[2m939.38 kB^[[22m^[[1m^[[22m^[[2m │ gzip: 250.38 kB^[[22m^[[2m │ map: 3,880.03 kB^[[22m
Web typecheck, test, build, Playwright	Production build	2026-09-05T18:34:23.5650344Z ^[[32m✓ built in 4.85s^[[39m
Web typecheck, test, build, Playwright	Production build	2026-09-05T18:34:23.7785438Z 
Web typecheck, test, build, Playwright	Production build	2026-09-05T18:34:23.7786121Z > @pastel-rts/foundry@0.0.0 build
Web typecheck, test, build, Playwright	Production build	2026-09-05T18:34:23.7786711Z > tsc -p tsconfig.json --noEmit && vite build
Web typecheck, test, build, Playwright	Production build	2026-09-05T18:34:23.7786973Z 
Web typecheck, test, build, Playwright	Production build	2026-09-05T18:34:26.1868544Z ^[[36mvite v6.4.3 ^[[32mbuilding for production...^[[36m^[[39m
Web typecheck, test, build, Playwright	Production build	2026-09-05T18:34:26.2366103Z transforming...
Web typecheck, test, build, Playwright	Production build	2026-09-05T18:34:27.1177834Z ^[[32m✓^[[39m 29 modules transformed.
Web typecheck, test, build, Playwright	Production build	2026-09-05T18:34:27.2425110Z rendering chunks...
Web typecheck, test, build, Playwright	Production build	2026-09-05T18:34:27.2484169Z computing gzip size...
Web typecheck, test, build, Playwright	Production build	2026-09-05T18:34:27.2540474Z ^[[2mdist/^[[22m^[[32mindex.html                 ^[[39m^[[1m^[[2m  0.41 kB^[[22m^[[1m^[[22m^[[2m │ gzip:  0.27 kB^[[22m
Web typecheck, test, build, Playwright	Production build	2026-09-05T18:34:27.2541994Z ^[[2mdist/^[[22m^[[2massets/^[[22m^[[35mindex-DM1GJ2b0.css  ^[[39m^[[1m^[[2m  7.57 kB^[[22m^[[1m^[[22m^[[2m │ gzip:  2.27 kB^[[22m
Web typecheck, test, build, Playwright	Production build	2026-09-05T18:34:27.2543522Z ^[[2mdist/^[[22m^[[2massets/^[[22m^[[36mindex-Lxgsmf-y.js   ^[[39m^[[1m^[[2m156.43 kB^[[22m^[[1m^[[22m^[[2m │ gzip: 42.67 kB^[[22m
Web typecheck, test, build, Playwright	Production build	2026-09-05T18:34:27.2544448Z ^[[32m✓ built in 1.05s^[[39m
Web typecheck, test, build, Playwright	Cache Playwright browsers	﻿2026-09-05T18:34:27.3599173Z Node 20 is being deprecated. This workflow is running with Node 24 by default. If you need to temporarily use Node 20, you can set the ACTIONS_ALLOW_USE_UNSECURE_NODE_VERSION=true environment variable. For more information see: https://github.blog/changelog/2025-09-19-deprecation-of-node-20-on-github-actions-runners/
Web typecheck, test, build, Playwright	Cache Playwright browsers	2026-09-05T18:34:27.3600490Z ##[group]Run actions/cache@v4
Web typecheck, test, build, Playwright	Cache Playwright browsers	2026-09-05T18:34:27.3600761Z with:
Web typecheck, test, build, Playwright	Cache Playwright browsers	2026-09-05T18:34:27.3600993Z   path: ~/.cache/ms-playwright
Web typecheck, test, build, Playwright	Cache Playwright browsers	2026-09-05T18:34:27.3601473Z   key: playwright-Linux-201a7f779f6b2a1f19c1624cd1146fec8c729e3f162f398545aba35a0da58946
Web typecheck, test, build, Playwright	Cache Playwright browsers	2026-09-05T18:34:27.3601968Z   enableCrossOsArchive: false
Web typecheck, test, build, Playwright	Cache Playwright browsers	2026-09-05T18:34:27.3602245Z   fail-on-cache-miss: false
Web typecheck, test, build, Playwright	Cache Playwright browsers	2026-09-05T18:34:27.3602511Z   lookup-only: false
Web typecheck, test, build, Playwright	Cache Playwright browsers	2026-09-05T18:34:27.3602751Z   save-always: false
Web typecheck, test, build, Playwright	Cache Playwright browsers	2026-09-05T18:34:27.3602978Z ##[endgroup]
Web typecheck, test, build, Playwright	Cache Playwright browsers	2026-09-05T18:34:27.4724079Z (node:4205) [DEP0040] DeprecationWarning: The `punycode` module is deprecated. Please use a userland alternative instead.
Web typecheck, test, build, Playwright	Cache Playwright browsers	2026-09-05T18:34:27.4725120Z (Use `node --trace-deprecation ...` to show where the warning was created)
Web typecheck, test, build, Playwright	Cache Playwright browsers	2026-09-05T18:34:27.5530429Z Cache hit for: playwright-Linux-201a7f779f6b2a1f19c1624cd1146fec8c729e3f162f398545aba35a0da58946
Web typecheck, test, build, Playwright	Cache Playwright browsers	2026-09-05T18:34:27.5668527Z (node:4205) [DEP0169] DeprecationWarning: `url.parse()` behavior is not standardized and prone to errors that have security implications. Use the WHATWG URL API instead. CVEs are not issued for `url.parse()` vulnerabilities.
Web typecheck, test, build, Playwright	Cache Playwright browsers	2026-09-05T18:34:28.6125718Z Received 209715200 of 282025582 (74.4%), 199.8 MBs/sec
Web typecheck, test, build, Playwright	Cache Playwright browsers	2026-09-05T18:34:28.9909491Z Received 282025582 of 282025582 (100.0%), 195.0 MBs/sec
Web typecheck, test, build, Playwright	Cache Playwright browsers	2026-09-05T18:34:28.9911729Z Cache Size: ~269 MB (282025582 B)
Web typecheck, test, build, Playwright	Cache Playwright browsers	2026-09-05T18:34:28.9976522Z [command]/usr/bin/tar -xf /home/runner/work/_temp/15f8e3a7-7d33-4e3f-868d-cd623b864cf3/cache.tzst -P -C /home/runner/work/pastel-rts/pastel-rts --use-compress-program unzstd
Web typecheck, test, build, Playwright	Cache Playwright browsers	2026-09-05T18:34:30.0636301Z Cache restored successfully
Web typecheck, test, build, Playwright	Cache Playwright browsers	2026-09-05T18:34:30.0857246Z Cache restored from key: playwright-Linux-201a7f779f6b2a1f19c1624cd1146fec8c729e3f162f398545aba35a0da58946
Web typecheck, test, build, Playwright	Install Playwright Chromium	﻿2026-09-05T18:34:30.1035629Z ##[group]Run npx playwright install --with-deps chromium
Web typecheck, test, build, Playwright	Install Playwright Chromium	2026-09-05T18:34:30.1036355Z ^[[36;1mnpx playwright install --with-deps chromium^[[0m
Web typecheck, test, build, Playwright	Install Playwright Chromium	2026-09-05T18:34:30.1079078Z shell: /usr/bin/bash -e {0}
Web typecheck, test, build, Playwright	Install Playwright Chromium	2026-09-05T18:34:30.1079404Z ##[endgroup]
Web typecheck, test, build, Playwright	Install Playwright Chromium	2026-09-05T18:34:30.8778848Z Installing dependencies...
Web typecheck, test, build, Playwright	Install Playwright Chromium	2026-09-05T18:34:30.8840960Z Switching to root user to install dependencies...
Web typecheck, test, build, Playwright	Install Playwright Chromium	2026-09-05T18:34:30.9838309Z Get:1 file:/etc/apt/apt-mirrors.txt Mirrorlist [144 B]
Web typecheck, test, build, Playwright	Install Playwright Chromium	2026-09-05T18:34:31.0256425Z Get:6 https://packages.microsoft.com/ubuntu/24.04/prod noble InRelease [3600 B]
Web typecheck, test, build, Playwright	Install Playwright Chromium	2026-09-05T18:34:31.1156689Z Get:7 https://packages.microsoft.com/ubuntu/24.04/prod noble/main amd64 Packages [441 kB]
Web typecheck, test, build, Playwright	Install Playwright Chromium	2026-09-05T18:34:31.1182312Z Hit:2 http://azure.archive.ubuntu.com/ubuntu noble InRelease
Web typecheck, test, build, Playwright	Install Playwright Chromium	2026-09-05T18:34:31.1185472Z Get:3 http://azure.archive.ubuntu.com/ubuntu noble-updates InRelease [126 kB]
Web typecheck, test, build, Playwright	Install Playwright Chromium	2026-09-05T18:34:31.1212868Z Get:8 https://dl.google.com/linux/chrome-stable/deb stable InRelease [2548 B]
Web typecheck, test, build, Playwright	Install Playwright Chromium	2026-09-05T18:34:31.1231457Z Get:4 http://azure.archive.ubuntu.com/ubuntu noble-backports InRelease [126 kB]
Web typecheck, test, build, Playwright	Install Playwright Chromium	2026-09-05T18:34:31.1331615Z Get:5 http://azure.archive.ubuntu.com/ubuntu noble-security InRelease [126 kB]
Web typecheck, test, build, Playwright	Install Playwright Chromium	2026-09-05T18:34:31.1417262Z Get:9 https://packages.microsoft.com/ubuntu/24.04/prod noble/main arm64 Packages [394 kB]
Web typecheck, test, build, Playwright	Install Playwright Chromium	2026-09-05T18:34:31.2429517Z Get:10 http://azure.archive.ubuntu.com/ubuntu noble-updates/main amd64 Packages [1260 kB]
Web typecheck, test, build, Playwright	Install Playwright Chromium	2026-09-05T18:34:31.2523082Z Get:11 http://azure.archive.ubuntu.com/ubuntu noble-updates/main Translation-en [292 kB]
Web typecheck, test, build, Playwright	Install Playwright Chromium	2026-09-05T18:34:31.2527102Z Get:12 http://azure.archive.ubuntu.com/ubuntu noble-updates/main amd64 Components [180 kB]
Web typecheck, test, build, Playwright	Install Playwright Chromium	2026-09-05T18:34:31.2567537Z Get:13 http://azure.archive.ubuntu.com/ubuntu noble-updates/universe amd64 Packages [1690 kB]
Web typecheck, test, build, Playwright	Install Playwright Chromium	2026-09-05T18:34:31.2765742Z Get:14 http://azure.archive.ubuntu.com/ubuntu noble-updates/universe Translation-en [339 kB]
Web typecheck, test, build, Playwright	Install Playwright Chromium	2026-09-05T18:34:31.2790380Z Get:15 http://azure.archive.ubuntu.com/ubuntu noble-updates/universe amd64 Components [388 kB]
Web typecheck, test, build, Playwright	Install Playwright Chromium	2026-09-05T18:34:31.2822260Z Get:16 http://azure.archive.ubuntu.com/ubuntu noble-updates/restricted amd64 Packages [1536 kB]
Web typecheck, test, build, Playwright	Install Playwright Chromium	2026-09-05T18:34:31.2915464Z Get:17 http://azure.archive.ubuntu.com/ubuntu noble-updates/restricted Translation-en [352 kB]
Web typecheck, test, build, Playwright	Install Playwright Chromium	2026-09-05T18:34:31.2940923Z Get:18 http://azure.archive.ubuntu.com/ubuntu noble-updates/multiverse amd64 Components [940 B]
Web typecheck, test, build, Playwright	Install Playwright Chromium	2026-09-05T18:34:31.3245493Z Get:19 https://dl.google.com/linux/chrome-stable/deb stable/main amd64 Packages [1401 B]
Web typecheck, test, build, Playwright	Install Playwright Chromium	2026-09-05T18:34:31.3617972Z Get:20 http://azure.archive.ubuntu.com/ubuntu noble-backports/main amd64 Components [5740 B]
Web typecheck, test, build, Playwright	Install Playwright Chromium	2026-09-05T18:34:31.4048735Z Get:21 http://azure.archive.ubuntu.com/ubuntu noble-backports/universe amd64 Components [12.6 kB]
Web typecheck, test, build, Playwright	Install Playwright Chromium	2026-09-05T18:34:31.4308373Z Get:22 http://azure.archive.ubuntu.com/ubuntu noble-security/main amd64 Packages [1002 kB]
Web typecheck, test, build, Playwright	Install Playwright Chromium	2026-09-05T18:34:31.4364301Z Get:23 http://azure.archive.ubuntu.com/ubuntu noble-security/main Translation-en [212 kB]
Web typecheck, test, build, Playwright	Install Playwright Chromium	2026-09-05T18:34:31.4387572Z Get:24 http://azure.archive.ubuntu.com/ubuntu noble-security/main amd64 Components [46.4 kB]
Web typecheck, test, build, Playwright	Install Playwright Chromium	2026-09-05T18:34:31.4417968Z Get:25 http://azure.archive.ubuntu.com/ubuntu noble-security/universe amd64 Packages [1206 kB]
Web typecheck, test, build, Playwright	Install Playwright Chromium	2026-09-05T18:34:31.4482251Z Get:26 http://azure.archive.ubuntu.com/ubuntu noble-security/universe Translation-en [241 kB]
Web typecheck, test, build, Playwright	Install Playwright Chromium	2026-09-05T18:34:31.4517674Z Get:27 http://azure.archive.ubuntu.com/ubuntu noble-security/universe amd64 Components [76.3 kB]
Web typecheck, test, build, Playwright	Install Playwright Chromium	2026-09-05T18:34:31.4519258Z Get:28 http://azure.archive.ubuntu.com/ubuntu noble-security/restricted amd64 Packages [1437 kB]
Web typecheck, test, build, Playwright	Install Playwright Chromium	2026-09-05T18:34:31.4591317Z Get:29 http://azure.archive.ubuntu.com/ubuntu noble-security/restricted Translation-en [334 kB]
Web typecheck, test, build, Playwright	Install Playwright Chromium	2026-09-05T18:34:36.0617845Z Fetched 11.8 MB in 1s (8150 kB/s)
Web typecheck, test, build, Playwright	Install Playwright Chromium	2026-09-05T18:34:36.8892210Z Reading package lists...
Web typecheck, test, build, Playwright	Install Playwright Chromium	2026-09-05T18:34:36.9162530Z Reading package lists...
Web typecheck, test, build, Playwright	Install Playwright Chromium	2026-09-05T18:34:37.1461776Z Building dependency tree...
Web typecheck, test, build, Playwright	Install Playwright Chromium	2026-09-05T18:34:37.1470245Z Reading state information...
Web typecheck, test, build, Playwright	Install Playwright Chromium	2026-09-05T18:34:37.3318033Z libasound2t64 is already the newest version (1.2.11-1ubuntu0.3).
Web typecheck, test, build, Playwright	Install Playwright Chromium	2026-09-05T18:34:37.3319983Z libasound2t64 set to manually installed.
Web typecheck, test, build, Playwright	Install Playwright Chromium	2026-09-05T18:34:37.3321119Z libatk-bridge2.0-0t64 is already the newest version (2.52.0-1build1).
Web typecheck, test, build, Playwright	Install Playwright Chromium	2026-09-05T18:34:37.3322212Z libatk-bridge2.0-0t64 set to manually installed.
Web typecheck, test, build, Playwright	Install Playwright Chromium	2026-09-05T18:34:37.3323217Z libatk1.0-0t64 is already the newest version (2.52.0-1build1).
Web typecheck, test, build, Playwright	Install Playwright Chromium	2026-09-05T18:34:37.3323988Z libatk1.0-0t64 set to manually installed.
Web typecheck, test, build, Playwright	Install Playwright Chromium	2026-09-05T18:34:37.3324981Z libatspi2.0-0t64 is already the newest version (2.52.0-1build1).
Web typecheck, test, build, Playwright	Install Playwright Chromium	2026-09-05T18:34:37.3325815Z libatspi2.0-0t64 set to manually installed.
Web typecheck, test, build, Playwright	Install Playwright Chromium	2026-09-05T18:34:37.3342788Z libcairo2 is already the newest version (1.18.0-3build1).
Web typecheck, test, build, Playwright	Install Playwright Chromium	2026-09-05T18:34:37.3343413Z libcairo2 set to manually installed.
Web typecheck, test, build, Playwright	Install Playwright Chromium	2026-09-05T18:34:37.3344050Z libcups2t64 is already the newest version (2.4.7-1.2ubuntu7.14).
Web typecheck, test, build, Playwright	Install Playwright Chromium	2026-09-05T18:34:37.3344737Z libcups2t64 set to manually installed.
Web typecheck, test, build, Playwright	Install Playwright Chromium	2026-09-05T18:34:37.3345446Z libdbus-1-3 is already the newest version (1.14.10-4ubuntu4.1).
Web typecheck, test, build, Playwright	Install Playwright Chromium	2026-09-05T18:34:37.3346288Z libdbus-1-3 set to manually installed.
Web typecheck, test, build, Playwright	Install Playwright Chromium	2026-09-05T18:34:37.3347017Z libdrm2 is already the newest version (2.4.125-1ubuntu0.1~24.04.2).
Web typecheck, test, build, Playwright	Install Playwright Chromium	2026-09-05T18:34:37.3347699Z libdrm2 set to manually installed.
Web typecheck, test, build, Playwright	Install Playwright Chromium	2026-09-05T18:34:37.3348372Z libgbm1 is already the newest version (25.2.8-0ubuntu0.24.04.2).
Web typecheck, test, build, Playwright	Install Playwright Chromium	2026-09-05T18:34:37.3348999Z libgbm1 set to manually installed.
Web typecheck, test, build, Playwright	Install Playwright Chromium	2026-09-05T18:34:37.3349664Z libglib2.0-0t64 is already the newest version (2.80.0-6ubuntu3.8).
Web typecheck, test, build, Playwright	Install Playwright Chromium	2026-09-05T18:34:37.3350336Z libglib2.0-0t64 set to manually installed.
Web typecheck, test, build, Playwright	Install Playwright Chromium	2026-09-05T18:34:37.3351015Z libnspr4 is already the newest version (2:4.35-1.1build1).
Web typecheck, test, build, Playwright	Install Playwright Chromium	2026-09-05T18:34:37.3351635Z libnspr4 set to manually installed.
Web typecheck, test, build, Playwright	Install Playwright Chromium	2026-09-05T18:34:37.3352255Z libnss3 is already the newest version (2:3.98-1ubuntu0.2).
Web typecheck, test, build, Playwright	Install Playwright Chromium	2026-09-05T18:34:37.3352856Z libnss3 set to manually installed.
Web typecheck, test, build, Playwright	Install Playwright Chromium	2026-09-05T18:34:37.3353511Z libpango-1.0-0 is already the newest version (1.52.1+ds-1build1).
Web typecheck, test, build, Playwright	Install Playwright Chromium	2026-09-05T18:34:37.3354196Z libpango-1.0-0 set to manually installed.
Web typecheck, test, build, Playwright	Install Playwright Chromium	2026-09-05T18:34:37.3354837Z libx11-6 is already the newest version (2:1.8.7-1build1).
Web typecheck, test, build, Playwright	Install Playwright Chromium	2026-09-05T18:34:37.3355435Z libx11-6 set to manually installed.
Web typecheck, test, build, Playwright	Install Playwright Chromium	2026-09-05T18:34:37.3356164Z libxcb1 is already the newest version (1.15-1ubuntu2).
Web typecheck, test, build, Playwright	Install Playwright Chromium	2026-09-05T18:34:37.3356743Z libxcb1 set to manually installed.
Web typecheck, test, build, Playwright	Install Playwright Chromium	2026-09-05T18:34:37.3357403Z libxcomposite1 is already the newest version (1:0.4.5-1build3).
Web typecheck, test, build, Playwright	Install Playwright Chromium	2026-09-05T18:34:37.3358073Z libxcomposite1 set to manually installed.
Web typecheck, test, build, Playwright	Install Playwright Chromium	2026-09-05T18:34:37.3358741Z libxdamage1 is already the newest version (1:1.1.6-1build1).
Web typecheck, test, build, Playwright	Install Playwright Chromium	2026-09-05T18:34:37.3359362Z libxdamage1 set to manually installed.
Web typecheck, test, build, Playwright	Install Playwright Chromium	2026-09-05T18:34:37.3359994Z libxext6 is already the newest version (2:1.3.4-1build2).
Web typecheck, test, build, Playwright	Install Playwright Chromium	2026-09-05T18:34:37.3360572Z libxext6 set to manually installed.
Web typecheck, test, build, Playwright	Install Playwright Chromium	2026-09-05T18:34:37.3361215Z libxfixes3 is already the newest version (1:6.0.0-2build1).
Web typecheck, test, build, Playwright	Install Playwright Chromium	2026-09-05T18:34:37.3361840Z libxfixes3 set to manually installed.
Web typecheck, test, build, Playwright	Install Playwright Chromium	2026-09-05T18:34:37.3362490Z libxkbcommon0 is already the newest version (1.6.0-1build1).
Web typecheck, test, build, Playwright	Install Playwright Chromium	2026-09-05T18:34:37.3363139Z libxkbcommon0 set to manually installed.
Web typecheck, test, build, Playwright	Install Playwright Chromium	2026-09-05T18:34:37.3363800Z libxrandr2 is already the newest version (2:1.5.2-2build1).
Web typecheck, test, build, Playwright	Install Playwright Chromium	2026-09-05T18:34:37.3364407Z libxrandr2 set to manually installed.
Web typecheck, test, build, Playwright	Install Playwright Chromium	2026-09-05T18:34:37.3365070Z xvfb is already the newest version (2:21.1.12-1ubuntu1.6).
Web typecheck, test, build, Playwright	Install Playwright Chromium	2026-09-05T18:34:37.3365958Z fonts-noto-color-emoji is already the newest version (2.047-0ubuntu0.24.04.1).
Web typecheck, test, build, Playwright	Install Playwright Chromium	2026-09-05T18:34:37.3367078Z libfontconfig1 is already the newest version (2.15.0-1.1ubuntu2).
Web typecheck, test, build, Playwright	Install Playwright Chromium	2026-09-05T18:34:37.3367847Z libfontconfig1 set to manually installed.
Web typecheck, test, build, Playwright	Install Playwright Chromium	2026-09-05T18:34:37.3368651Z libfreetype6 is already the newest version (2.13.2+dfsg-1ubuntu0.1).
Web typecheck, test, build, Playwright	Install Playwright Chromium	2026-09-05T18:34:37.3369426Z libfreetype6 set to manually installed.
Web typecheck, test, build, Playwright	Install Playwright Chromium	2026-09-05T18:34:37.3370131Z fonts-liberation is already the newest version (1:2.1.5-3).
Web typecheck, test, build, Playwright	Install Playwright Chromium	2026-09-05T18:34:37.3370825Z fonts-liberation set to manually installed.
Web typecheck, test, build, Playwright	Install Playwright Chromium	2026-09-05T18:34:37.3371810Z The following additional packages will be installed:
Web typecheck, test, build, Playwright	Install Playwright Chromium	2026-09-05T18:34:37.3372565Z   xfonts-encodings xfonts-utils
Web typecheck, test, build, Playwright	Install Playwright Chromium	2026-09-05T18:34:37.3372997Z Recommended packages:
Web typecheck, test, build, Playwright	Install Playwright Chromium	2026-09-05T18:34:37.3373426Z   fonts-ipafont-mincho fonts-tlwg-loma
Web typecheck, test, build, Playwright	Install Playwright Chromium	2026-09-05T18:34:37.3557601Z The following NEW packages will be installed:
Web typecheck, test, build, Playwright	Install Playwright Chromium	2026-09-05T18:34:37.3558254Z   fonts-freefont-ttf fonts-ipafont-gothic fonts-tlwg-loma-otf fonts-unifont
Web typecheck, test, build, Playwright	Install Playwright Chromium	2026-09-05T18:34:37.3566507Z   fonts-wqy-zenhei xfonts-cyrillic xfonts-encodings xfonts-scalable
Web typecheck, test, build, Playwright	Install Playwright Chromium	2026-09-05T18:34:37.3566943Z   xfonts-utils
Web typecheck, test, build, Playwright	Install Playwright Chromium	2026-09-05T18:34:37.3764031Z 0 upgraded, 9 newly installed, 0 to remove and 38 not upgraded.
Web typecheck, test, build, Playwright	Install Playwright Chromium	2026-09-05T18:34:37.3764585Z Need to get 21.1 MB of archives.
Web typecheck, test, build, Playwright	Install Playwright Chromium	2026-09-05T18:34:37.3765160Z After this operation, 79.5 MB of additional disk space will be used.
Web typecheck, test, build, Playwright	Install Playwright Chromium	2026-09-05T18:34:37.3765954Z Get:1 file:/etc/apt/apt-mirrors.txt Mirrorlist [144 B]
Web typecheck, test, build, Playwright	Install Playwright Chromium	2026-09-05T18:34:37.4027635Z Get:2 http://azure.archive.ubuntu.com/ubuntu noble/universe amd64 fonts-ipafont-gothic all 00303-21ubuntu1 [3513 kB]
Web typecheck, test, build, Playwright	Install Playwright Chromium	2026-09-05T18:34:37.4313826Z Get:3 http://azure.archive.ubuntu.com/ubuntu noble/main amd64 fonts-freefont-ttf all 20211204+svn4273-2 [5641 kB]
Web typecheck, test, build, Playwright	Install Playwright Chromium	2026-09-05T18:34:37.4716931Z Get:4 http://azure.archive.ubuntu.com/ubuntu noble/universe amd64 fonts-tlwg-loma-otf all 1:0.7.3-1 [107 kB]
Web typecheck, test, build, Playwright	Install Playwright Chromium	2026-09-05T18:34:37.4741367Z Get:5 http://azure.archive.ubuntu.com/ubuntu noble/universe amd64 fonts-unifont all 1:15.1.01-1build1 [2993 kB]
Web typecheck, test, build, Playwright	Install Playwright Chromium	2026-09-05T18:34:37.4972476Z Get:6 http://azure.archive.ubuntu.com/ubuntu noble/universe amd64 fonts-wqy-zenhei all 0.9.45-8 [7472 kB]
Web typecheck, test, build, Playwright	Install Playwright Chromium	2026-09-05T18:34:37.5534187Z Get:7 http://azure.archive.ubuntu.com/ubuntu noble/main amd64 xfonts-encodings all 1:1.0.5-0ubuntu2 [578 kB]
Web typecheck, test, build, Playwright	Install Playwright Chromium	2026-09-05T18:34:37.5593539Z Get:8 http://azure.archive.ubuntu.com/ubuntu noble/main amd64 xfonts-utils amd64 1:7.7+6build3 [94.4 kB]
Web typecheck, test, build, Playwright	Install Playwright Chromium	2026-09-05T18:34:37.5616268Z Get:9 http://azure.archive.ubuntu.com/ubuntu noble/universe amd64 xfonts-cyrillic all 1:1.0.5+nmu1 [384 kB]
Web typecheck, test, build, Playwright	Install Playwright Chromium	2026-09-05T18:34:37.5669569Z Get:10 http://azure.archive.ubuntu.com/ubuntu noble/main amd64 xfonts-scalable all 1:1.0.3-1.3 [304 kB]
Web typecheck, test, build, Playwright	Install Playwright Chromium	2026-09-05T18:34:37.8400200Z Fetched 21.1 MB in 0s (103 MB/s)
Web typecheck, test, build, Playwright	Install Playwright Chromium	2026-09-05T18:34:37.8655349Z Selecting previously unselected package fonts-ipafont-gothic.
Web typecheck, test, build, Playwright	Install Playwright Chromium	2026-09-05T18:34:37.8921188Z (Reading database ... 
Web typecheck, test, build, Playwright	Install Playwright Chromium	2026-09-05T18:34:37.8921658Z (Reading database ... 5%
Web typecheck, test, build, Playwright	Install Playwright Chromium	2026-09-05T18:34:37.8921967Z (Reading database ... 10%
Web typecheck, test, build, Playwright	Install Playwright Chromium	2026-09-05T18:34:37.8922379Z (Reading database ... 15%
Web typecheck, test, build, Playwright	Install Playwright Chromium	2026-09-05T18:34:37.8922658Z (Reading database ... 20%
Web typecheck, test, build, Playwright	Install Playwright Chromium	2026-09-05T18:34:37.8922933Z (Reading database ... 25%
Web typecheck, test, build, Playwright	Install Playwright Chromium	2026-09-05T18:34:37.8923200Z (Reading database ... 30%
Web typecheck, test, build, Playwright	Install Playwright Chromium	2026-09-05T18:34:37.8923460Z (Reading database ... 35%
Web typecheck, test, build, Playwright	Install Playwright Chromium	2026-09-05T18:34:37.8923729Z (Reading database ... 40%
Web typecheck, test, build, Playwright	Install Playwright Chromium	2026-09-05T18:34:37.8923997Z (Reading database ... 45%
Web typecheck, test, build, Playwright	Install Playwright Chromium	2026-09-05T18:34:37.8924276Z (Reading database ... 50%
Web typecheck, test, build, Playwright	Install Playwright Chromium	2026-09-05T18:34:37.8958643Z (Reading database ... 55%
Web typecheck, test, build, Playwright	Install Playwright Chromium	2026-09-05T18:34:38.0064610Z (Reading database ... 60%
Web typecheck, test, build, Playwright	Install Playwright Chromium	2026-09-05T18:34:38.1445712Z (Reading database ... 65%
Web typecheck, test, build, Playwright	Install Playwright Chromium	2026-09-05T18:34:38.3494628Z (Reading database ... 70%
Web typecheck, test, build, Playwright	Install Playwright Chromium	2026-09-05T18:34:38.4574380Z (Reading database ... 75%
Web typecheck, test, build, Playwright	Install Playwright Chromium	2026-09-05T18:34:38.6426491Z (Reading database ... 80%
Web typecheck, test, build, Playwright	Install Playwright Chromium	2026-09-05T18:34:38.8047663Z (Reading database ... 85%
Web typecheck, test, build, Playwright	Install Playwright Chromium	2026-09-05T18:34:38.9465346Z (Reading database ... 90%
Web typecheck, test, build, Playwright	Install Playwright Chromium	2026-09-05T18:34:39.0636605Z (Reading database ... 95%
Web typecheck, test, build, Playwright	Install Playwright Chromium	2026-09-05T18:34:39.0637183Z (Reading database ... 100%
Web typecheck, test, build, Playwright	Install Playwright Chromium	2026-09-05T18:34:39.0637730Z (Reading database ... 201676 files and directories currently installed.)
Web typecheck, test, build, Playwright	Install Playwright Chromium	2026-09-05T18:34:39.0688824Z Preparing to unpack .../0-fonts-ipafont-gothic_00303-21ubuntu1_all.deb ...
Web typecheck, test, build, Playwright	Install Playwright Chromium	2026-09-05T18:34:39.0837722Z Unpacking fonts-ipafont-gothic (00303-21ubuntu1) ...
Web typecheck, test, build, Playwright	Install Playwright Chromium	2026-09-05T18:34:39.3216700Z Selecting previously unselected package fonts-freefont-ttf.
Web typecheck, test, build, Playwright	Install Playwright Chromium	2026-09-05T18:34:39.3353826Z Preparing to unpack .../1-fonts-freefont-ttf_20211204+svn4273-2_all.deb ...
Web typecheck, test, build, Playwright	Install Playwright Chromium	2026-09-05T18:34:39.3362549Z Unpacking fonts-freefont-ttf (20211204+svn4273-2) ...
Web typecheck, test, build, Playwright	Install Playwright Chromium	2026-09-05T18:34:39.4243252Z Selecting previously unselected package fonts-tlwg-loma-otf.
Web typecheck, test, build, Playwright	Install Playwright Chromium	2026-09-05T18:34:39.4382393Z Preparing to unpack .../2-fonts-tlwg-loma-otf_1%3a0.7.3-1_all.deb ...
Web typecheck, test, build, Playwright	Install Playwright Chromium	2026-09-05T18:34:39.4390567Z Unpacking fonts-tlwg-loma-otf (1:0.7.3-1) ...
Web typecheck, test, build, Playwright	Install Playwright Chromium	2026-09-05T18:34:39.4616966Z Selecting previously unselected package fonts-unifont.
Web typecheck, test, build, Playwright	Install Playwright Chromium	2026-09-05T18:34:39.4751443Z Preparing to unpack .../3-fonts-unifont_1%3a15.1.01-1build1_all.deb ...
Web typecheck, test, build, Playwright	Install Playwright Chromium	2026-09-05T18:34:39.4758215Z Unpacking fonts-unifont (1:15.1.01-1build1) ...
Web typecheck, test, build, Playwright	Install Playwright Chromium	2026-09-05T18:34:39.5912675Z Selecting previously unselected package fonts-wqy-zenhei.
Web typecheck, test, build, Playwright	Install Playwright Chromium	2026-09-05T18:34:39.6049941Z Preparing to unpack .../4-fonts-wqy-zenhei_0.9.45-8_all.deb ...
Web typecheck, test, build, Playwright	Install Playwright Chromium	2026-09-05T18:34:39.6161355Z Unpacking fonts-wqy-zenhei (0.9.45-8) ...
Web typecheck, test, build, Playwright	Install Playwright Chromium	2026-09-05T18:34:40.0968482Z Selecting previously unselected package xfonts-encodings.
Web typecheck, test, build, Playwright	Install Playwright Chromium	2026-09-05T18:34:40.1106242Z Preparing to unpack .../5-xfonts-encodings_1%3a1.0.5-0ubuntu2_all.deb ...
Web typecheck, test, build, Playwright	Install Playwright Chromium	2026-09-05T18:34:40.1113887Z Unpacking xfonts-encodings (1:1.0.5-0ubuntu2) ...
Web typecheck, test, build, Playwright	Install Playwright Chromium	2026-09-05T18:34:40.1440248Z Selecting previously unselected package xfonts-utils.
Web typecheck, test, build, Playwright	Install Playwright Chromium	2026-09-05T18:34:40.1577362Z Preparing to unpack .../6-xfonts-utils_1%3a7.7+6build3_amd64.deb ...
Web typecheck, test, build, Playwright	Install Playwright Chromium	2026-09-05T18:34:40.1585062Z Unpacking xfonts-utils (1:7.7+6build3) ...
Web typecheck, test, build, Playwright	Install Playwright Chromium	2026-09-05T18:34:40.1961985Z Selecting previously unselected package xfonts-cyrillic.
Web typecheck, test, build, Playwright	Install Playwright Chromium	2026-09-05T18:34:40.2098664Z Preparing to unpack .../7-xfonts-cyrillic_1%3a1.0.5+nmu1_all.deb ...
Web typecheck, test, build, Playwright	Install Playwright Chromium	2026-09-05T18:34:40.2106954Z Unpacking xfonts-cyrillic (1:1.0.5+nmu1) ...
Web typecheck, test, build, Playwright	Install Playwright Chromium	2026-09-05T18:34:40.2472602Z Selecting previously unselected package xfonts-scalable.
Web typecheck, test, build, Playwright	Install Playwright Chromium	2026-09-05T18:34:40.2610822Z Preparing to unpack .../8-xfonts-scalable_1%3a1.0.3-1.3_all.deb ...
Web typecheck, test, build, Playwright	Install Playwright Chromium	2026-09-05T18:34:40.2618565Z Unpacking xfonts-scalable (1:1.0.3-1.3) ...
Web typecheck, test, build, Playwright	Install Playwright Chromium	2026-09-05T18:34:40.3076269Z Setting up fonts-wqy-zenhei (0.9.45-8) ...
Web typecheck, test, build, Playwright	Install Playwright Chromium	2026-09-05T18:34:40.3205711Z Setting up fonts-freefont-ttf (20211204+svn4273-2) ...
Web typecheck, test, build, Playwright	Install Playwright Chromium	2026-09-05T18:34:40.3223800Z Setting up fonts-tlwg-loma-otf (1:0.7.3-1) ...
Web typecheck, test, build, Playwright	Install Playwright Chromium	2026-09-05T18:34:40.3240223Z Setting up xfonts-encodings (1:1.0.5-0ubuntu2) ...
Web typecheck, test, build, Playwright	Install Playwright Chromium	2026-09-05T18:34:40.3258369Z Setting up fonts-ipafont-gothic (00303-21ubuntu1) ...
Web typecheck, test, build, Playwright	Install Playwright Chromium	2026-09-05T18:34:40.3329482Z update-alternatives: using /usr/share/fonts/opentype/ipafont-gothic/ipag.ttf to provide /usr/share/fonts/truetype/fonts-japanese-gothic.ttf (fonts-japanese-gothic.ttf) in auto mode
Web typecheck, test, build, Playwright	Install Playwright Chromium	2026-09-05T18:34:40.3343269Z Setting up fonts-unifont (1:15.1.01-1build1) ...
Web typecheck, test, build, Playwright	Install Playwright Chromium	2026-09-05T18:34:40.3360141Z Setting up xfonts-utils (1:7.7+6build3) ...
Web typecheck, test, build, Playwright	Install Playwright Chromium	2026-09-05T18:34:40.3399962Z Setting up xfonts-cyrillic (1:1.0.5+nmu1) ...
Web typecheck, test, build, Playwright	Install Playwright Chromium	2026-09-05T18:34:40.3718738Z Setting up xfonts-scalable (1:1.0.3-1.3) ...
Web typecheck, test, build, Playwright	Install Playwright Chromium	2026-09-05T18:34:40.4012856Z Processing triggers for man-db (2.12.0-4build2) ...
Web typecheck, test, build, Playwright	Install Playwright Chromium	2026-09-05T18:34:40.4034340Z Not building database; man-db/auto-update is not 'true'.
Web typecheck, test, build, Playwright	Install Playwright Chromium	2026-09-05T18:34:40.4050071Z Processing triggers for fontconfig (2.15.0-1.1ubuntu2) ...
Web typecheck, test, build, Playwright	Install Playwright Chromium	2026-09-05T18:34:41.1203349Z 
Web typecheck, test, build, Playwright	Install Playwright Chromium	2026-09-05T18:34:41.1204587Z Running kernel seems to be up-to-date.
Web typecheck, test, build, Playwright	Install Playwright Chromium	2026-09-05T18:34:41.1205028Z 
Web typecheck, test, build, Playwright	Install Playwright Chromium	2026-09-05T18:34:41.1205277Z No services need to be restarted.
Web typecheck, test, build, Playwright	Install Playwright Chromium	2026-09-05T18:34:41.1205625Z 
Web typecheck, test, build, Playwright	Install Playwright Chromium	2026-09-05T18:34:41.1205837Z No containers need to be restarted.
Web typecheck, test, build, Playwright	Install Playwright Chromium	2026-09-05T18:34:41.1206297Z 
Web typecheck, test, build, Playwright	Install Playwright Chromium	2026-09-05T18:34:41.1206504Z No user sessions are running outdated binaries.
Web typecheck, test, build, Playwright	Install Playwright Chromium	2026-09-05T18:34:41.1206733Z 
Web typecheck, test, build, Playwright	Install Playwright Chromium	2026-09-05T18:34:41.1207041Z No VM guests are running outdated hypervisor (qemu) binaries on this host.
Web typecheck, test, build, Playwright	Visual and interaction tests (developer studio)	﻿2026-09-05T18:34:42.2004585Z ##[group]Run npx playwright test
Web typecheck, test, build, Playwright	Visual and interaction tests (developer studio)	2026-09-05T18:34:42.2004946Z ^[[36;1mnpx playwright test^[[0m
Web typecheck, test, build, Playwright	Visual and interaction tests (developer studio)	2026-09-05T18:34:42.2045150Z shell: /usr/bin/bash -e {0}
Web typecheck, test, build, Playwright	Visual and interaction tests (developer studio)	2026-09-05T18:34:42.2045448Z env:
Web typecheck, test, build, Playwright	Visual and interaction tests (developer studio)	2026-09-05T18:34:42.2045672Z   CI: true
Web typecheck, test, build, Playwright	Visual and interaction tests (developer studio)	2026-09-05T18:34:42.2045898Z   PLAYWRIGHT_SERVER_MODE: dev
Web typecheck, test, build, Playwright	Visual and interaction tests (developer studio)	2026-09-05T18:34:42.2046471Z ##[endgroup]
Web typecheck, test, build, Playwright	Visual and interaction tests (developer studio)	2026-09-05T18:34:43.1115673Z [playwright] created disposable content pack: /tmp/pastel-foundry-e2e-qPnoeN
Web typecheck, test, build, Playwright	Visual and interaction tests (developer studio)	2026-09-05T18:34:46.3144762Z 
Web typecheck, test, build, Playwright	Visual and interaction tests (developer studio)	2026-09-05T18:34:46.3145604Z Running 33 tests using 1 worker
Web typecheck, test, build, Playwright	Visual and interaction tests (developer studio)	2026-09-05T18:36:16.4569178Z ················°················
Web typecheck, test, build, Playwright	Visual and interaction tests (developer studio)	2026-09-05T18:36:16.4573686Z   1 skipped
Web typecheck, test, build, Playwright	Visual and interaction tests (developer studio)	2026-09-05T18:36:16.4574468Z   32 passed (1.6m)
Web typecheck, test, build, Playwright	Visual and interaction tests (developer studio)	2026-09-05T18:36:16.4599860Z ##[notice]  1 skipped
Web typecheck, test, build, Playwright	Visual and interaction tests (developer studio)	  32 passed (1.6m)
Web typecheck, test, build, Playwright	Production preview offline verification	﻿2026-09-05T18:36:16.5768880Z ##[group]Run npx playwright test apps/game-web/e2e/m11c-baseline.spec.ts --project=chromium --grep "M1.1-C production preview boots with content server stopped"
Web typecheck, test, build, Playwright	Production preview offline verification	2026-09-05T18:36:16.5770003Z ^[[36;1mnpx playwright test apps/game-web/e2e/m11c-baseline.spec.ts --project=chromium --grep "M1.1-C production preview boots with content server stopped"^[[0m
Web typecheck, test, build, Playwright	Production preview offline verification	2026-09-05T18:36:16.5810111Z shell: /usr/bin/bash -e {0}
Web typecheck, test, build, Playwright	Production preview offline verification	2026-09-05T18:36:16.5810399Z env:
Web typecheck, test, build, Playwright	Production preview offline verification	2026-09-05T18:36:16.5810621Z   CI: true
Web typecheck, test, build, Playwright	Production preview offline verification	2026-09-05T18:36:16.5810859Z   PLAYWRIGHT_SERVER_MODE: preview
Web typecheck, test, build, Playwright	Production preview offline verification	2026-09-05T18:36:16.5811174Z   PLAYWRIGHT_SKIP_CONTENT_SERVER: 1
Web typecheck, test, build, Playwright	Production preview offline verification	2026-09-05T18:36:16.5811461Z ##[endgroup]
Web typecheck, test, build, Playwright	Production preview offline verification	2026-09-05T18:36:18.8486747Z 
Web typecheck, test, build, Playwright	Production preview offline verification	2026-09-05T18:36:18.8487829Z Running 1 test using 1 worker
Web typecheck, test, build, Playwright	Production preview offline verification	2026-09-05T18:36:20.8046244Z ·
Web typecheck, test, build, Playwright	Production preview offline verification	2026-09-05T18:36:20.8049442Z   1 passed (3.5s)
Web typecheck, test, build, Playwright	Production preview offline verification	2026-09-05T18:36:20.8055598Z ##[notice]  1 passed (3.5s)
Web typecheck, test, build, Playwright	Post Cache Playwright browsers	﻿2026-09-05T18:36:20.9216742Z Node 20 is being deprecated. This workflow is running with Node 24 by default. If you need to temporarily use Node 20, you can set the ACTIONS_ALLOW_USE_UNSECURE_NODE_VERSION=true environment variable. For more information see: https://github.blog/changelog/2025-09-19-deprecation-of-node-20-on-github-actions-runners/
Web typecheck, test, build, Playwright	Post Cache Playwright browsers	2026-09-05T18:36:20.9218073Z Post job cleanup.
Web typecheck, test, build, Playwright	Post Cache Playwright browsers	2026-09-05T18:36:21.0341982Z Cache hit occurred on the primary key playwright-Linux-201a7f779f6b2a1f19c1624cd1146fec8c729e3f162f398545aba35a0da58946, not saving cache.
Web typecheck, test, build, Playwright	Post Cache Playwright browsers	2026-09-05T18:36:21.0343862Z (node:5841) [DEP0040] DeprecationWarning: The `punycode` module is deprecated. Please use a userland alternative instead.
Web typecheck, test, build, Playwright	Post Cache Playwright browsers	2026-09-05T18:36:21.0345072Z (Use `node --trace-deprecation ...` to show where the warning was created)
Web typecheck, test, build, Playwright	Post Run actions/setup-node@v4	﻿2026-09-05T18:36:21.0461097Z Node 20 is being deprecated. This workflow is running with Node 24 by default. If you need to temporarily use Node 20, you can set the ACTIONS_ALLOW_USE_UNSECURE_NODE_VERSION=true environment variable. For more information see: https://github.blog/changelog/2025-09-19-deprecation-of-node-20-on-github-actions-runners/
Web typecheck, test, build, Playwright	Post Run actions/setup-node@v4	2026-09-05T18:36:21.0462338Z Post job cleanup.
Web typecheck, test, build, Playwright	Post Run actions/setup-node@v4	2026-09-05T18:36:21.1710314Z (node:5849) [DEP0040] DeprecationWarning: The `punycode` module is deprecated. Please use a userland alternative instead.
Web typecheck, test, build, Playwright	Post Run actions/setup-node@v4	2026-09-05T18:36:21.1711911Z (Use `node --trace-deprecation ...` to show where the warning was created)
Web typecheck, test, build, Playwright	Post Run actions/setup-node@v4	2026-09-05T18:36:21.1714812Z Cache hit occurred on the primary key node-cache-Linux-x64-npm-201a7f779f6b2a1f19c1624cd1146fec8c729e3f162f398545aba35a0da58946, not saving cache.
Web typecheck, test, build, Playwright	Post Run actions/checkout@v4	﻿2026-09-05T18:36:21.1862444Z Node 20 is being deprecated. This workflow is running with Node 24 by default. If you need to temporarily use Node 20, you can set the ACTIONS_ALLOW_USE_UNSECURE_NODE_VERSION=true environment variable. For more information see: https://github.blog/changelog/2025-09-19-deprecation-of-node-20-on-github-actions-runners/
Web typecheck, test, build, Playwright	Post Run actions/checkout@v4	2026-09-05T18:36:21.1863655Z Post job cleanup.
Web typecheck, test, build, Playwright	Post Run actions/checkout@v4	2026-09-05T18:36:21.2729200Z [command]/usr/bin/git version
Web typecheck, test, build, Playwright	Post Run actions/checkout@v4	2026-09-05T18:36:21.2773380Z git version 2.55.0
Web typecheck, test, build, Playwright	Post Run actions/checkout@v4	2026-09-05T18:36:21.2809679Z Temporarily overriding HOME='/home/runner/work/_temp/87824254-b74b-4850-afbd-c646175652ec' before making global git config changes
Web typecheck, test, build, Playwright	Post Run actions/checkout@v4	2026-09-05T18:36:21.2811447Z Adding repository directory to the temporary git global config as a safe directory
Web typecheck, test, build, Playwright	Post Run actions/checkout@v4	2026-09-05T18:36:21.2815789Z [command]/usr/bin/git config --global --add safe.directory /home/runner/work/pastel-rts/pastel-rts
Web typecheck, test, build, Playwright	Post Run actions/checkout@v4	2026-09-05T18:36:21.2857299Z [command]/usr/bin/git config --local --name-only --get-regexp core\.sshCommand
Web typecheck, test, build, Playwright	Post Run actions/checkout@v4	2026-09-05T18:36:21.2893844Z [command]/usr/bin/git submodule foreach --recursive sh -c "git config --local --name-only --get-regexp 'core\.sshCommand' && git config --local --unset-all 'core.sshCommand' || :"
Web typecheck, test, build, Playwright	Post Run actions/checkout@v4	2026-09-05T18:36:21.3163989Z [command]/usr/bin/git config --local --name-only --get-regexp http\.https\:\/\/github\.com\/\.extraheader
Web typecheck, test, build, Playwright	Post Run actions/checkout@v4	2026-09-05T18:36:21.3191842Z http.https://github.com/.extraheader
Web typecheck, test, build, Playwright	Post Run actions/checkout@v4	2026-09-05T18:36:21.3203674Z [command]/usr/bin/git config --local --unset-all http.https://github.com/.extraheader
Web typecheck, test, build, Playwright	Post Run actions/checkout@v4	2026-09-05T18:36:21.3239856Z [command]/usr/bin/git submodule foreach --recursive sh -c "git config --local --name-only --get-regexp 'http\.https\:\/\/github\.com\/\.extraheader' && git config --local --unset-all 'http.https://github.com/.extraheader' || :"
Web typecheck, test, build, Playwright	Post Run actions/checkout@v4	2026-09-05T18:36:21.3513306Z [command]/usr/bin/git config --local --name-only --get-regexp ^includeIf\.gitdir:
Web typecheck, test, build, Playwright	Post Run actions/checkout@v4	2026-09-05T18:36:21.3554042Z [command]/usr/bin/git submodule foreach --recursive git config --local --show-origin --name-only --get-regexp remote.origin.url
Web typecheck, test, build, Playwright	Complete job	﻿2026-09-05T18:36:21.4013676Z Cleaning up orphan processes
Web typecheck, test, build, Playwright	Complete job	2026-09-05T18:36:21.4337116Z ##[warning]Node.js 20 is deprecated. The following actions target Node.js 20 but are being forced to run on Node.js 24: actions/cache@v4, actions/checkout@v4, actions/setup-node@v4. For more information see: https://github.blog/changelog/2025-09-19-deprecation-of-node-20-on-github-actions-runners/
